NUM	ROMAJI	EXPECTED	GOT (M)	SwiftKey 6.4.8.57 (S)	FULL SCORE	M
1	zuttosakinokotodakedone。	ずっと先のことだけどね。	ずっと先のことだけどね。	ずっと先のことだけどね。	12	12
2	onakahetteshinisoudayo。	おなか減って死にそうだよ。	おなかへって指そうだよ。	お腹減って死にそうだよ。	13	10
3	mizunosenseigaosshattayouni。	水野先生がおっしゃったように。	水野先生がおっしゃったように。	水の先生が仰ったように。	15	15
4	chiryouhougamitsukarukamoshirenai。	治療法が見つかるかもしれない。	治療法が見つかるかもしれない。	治療法が見つかるかもしれない。	15	15
5	okaasankawatteagerarenakutegomen'ne。	お母さん代わってあげられなくてごめんね。	お母さんかわってあげられなくてごとね。	お母さん変わってあげられなくてごめんね。	20	17
6	omaegason'nakotodedousundayo。	お前がそんなことでどうすんだよ。	お前がそんなことでどうんだよ。	お前がそんな事でどうすんだよ。	16	15
7	aitsuhason'nayawajaneeyo。	あいつはそんなヤワじゃねえよ。	相次はそんなやカラじゃねえよ。	あいつはそんなやわじゃねえよ。	15	9
8	aitsugaoresouninattara。	あいつが折れそうになったら。	あいつがおれそうになったら。	アイツが折れそうになったら。	14	13
9	hirokimokokoshouyutsuiteru。	弘樹もここしょうゆついてる。	広きもここ醤油付いてる。	ひろきもここ醤油ついてる。	14	7
10	watashinosekaihamarudekawatteshimatta。	わたしの世界はまるで変わってしまった。	私の世界はまるで変わってしまった。	私の世界はまるで変わってしまった。	19	16
11	ushirokaratouan'youshiatsumete。	後ろから答案用紙集めて。	後ろから唐倒よう仕極めて。	後ろから答案用紙集めて。	12	6
12	kotoshiasondokanaitomouasobenaiyo。	今年遊んどかないともう遊べないよ。	今年遊んどかないともう遊べないよ。	今年遊んどかないともう遊べないよ。	17	17
13	akuatopianinoritai。	アクアトピアに乗りたい。	アクアとピアに乗りたい。	アクアとぴあに乗りたい。	12	11
14	on'natteyokushaben'naatoomotte。	女ってよくしゃべんなあと思って。	女ってよくしゃべんなあと思って。	女ってよくしゃべんなあと思って。	16	16
15	kamenoesayaritokakingyonoesayaritoka。	カメの餌やりとか金魚の餌やりとか。	亀のエサリとか金金のおやさりとか。	亀の餌やりとか金魚のえさやりとか。	17	9
16	son'nanodarekanitanomebaiijanai。	そんなの誰かに頼めばいいじゃない。	そんなの誰かに頼めない場じゃない。	そんなの誰かに頼めばいいじゃない。	17	15
17	kusurinokoukayarihabirinohouhouwo。	薬の効果やリハビリの方法を。	薬の効果やりはビリの方を。	薬の効果やリハビリの方法を。	14	11
18	kakuninshitaitoomottemasu。	確認したいと思ってます。	確認したいと思ってます。	確認したいと思ってます。	12	12
19	kon'nafuunimainichisukoshizutsu。	こんなふうに毎日少しずつ。	こんなふうに毎日少しずつ。	こんなふうに毎日少しずつ。	13	13
20	nanikagadekinakunatteikuno。	何かができなくなっていくの。	何かができなくなっていくの。	何かができなくなっていくの。	14	14
21	mewotojitetsuginohigakurunogakowai。	目を閉じて次の日が来るのがこわい。	目をとじ手次の日が来るのが怖い。	目を閉じて次の日が来るのが怖い。	17	13
22	asagakitewarukunatterukamoshirenaito。	朝が来て悪くなってるかもしれないと。	朝が来てわるくなってるかもしれないと。	朝がきて悪くなってるかもしれないと。	18	16
23	demootousangakiitarataihendane。	でもお父さんが聞いたら大変だね。	でも倒父さんが聞いたら大変だね。	でもお父さんが聞いたら大変だね。	16	15
24	dattewatashibyoukininacchattadesho。	だってわたし病気になっちゃったでしょ。	だって私病気になっちゃったでしょ。	だって私病気になっちゃったでしょ。	19	16
25	dakarasenpainimomeiwakukakechaukamo。	だから先輩にも迷惑かけちゃうかも。	だから先輩にも迷惑かけ？	だから先輩にも迷惑かけちゃうかも。	17	11
26	fukouheinakotowoshiyoutoshiterunoha。	不公平なことをしようとしてるのは。	不好評なことを使用としてるのは。	不公平なことをしようとしてるのは。	17	12
27	hanabitaikaiguraiisshoniikudesho。	花火大会ぐらい一緒に行くでしょ。	花火大会ぐらいいっしょに行くでしょ。	花火大会ぐらい一緒に行くでしょ。	16	12
28	dekirukotojibunkaranagedasunante。	できること自分から投げ出すなんて。	できること自分から投げ出すなんて。	できること自分から投げ出すなんて。	17	17
29	kamisamahafukouheidananteitta。	神様は不公平だなんて言った。	神様は不好平なんていった。	神様は不公平だなんて行った。	14	11
30	yukatakitekamiappunishitara。	浴衣着て髪アップにしたら。	浴衣的にカアップにしたら。	浴衣着て髪アップにしたら。	13	10
31	senpaikittobikkurisuruwayo。	先輩きっとびっくりするわよ。	先輩キッとびっくりするわよ。	先輩きっとびっくりするわよ。	14	12
32	okaasan'nogokougamietekitayounakigasuru。	お母さんの後光が見えてきたような気がする。	お母さんのご高が見えてきたような気がする。	お母さんの後光が見えてきたような気がする。	21	19
33	watashihajibunwoshinjitekoudousurebaii。	わたしは自分を信じて行動すればいい。	私は自分を信じて航道すればいい。	私は自分を信じて行動すればいい。	18	13
34	yappanatsuhayukatatosuikato。	やっぱ夏は浴衣とスイカと。	やっぱ夏はゆかたと推可。	やっぱ夏は浴衣とすいかと。	13	6
35	otomodachimomin'natsuiterushi。	お友達もみんなついてるし。	お友達もみんなついてるし。	お友達もみんなついてるし。	13	13
36	mitsukeruhitsuyougaarimasu。	見つける必要があります。	見つける必要があります。	見つける必要があります。	12	12
37	natsuyasumiworiyoushitekensanotameno。	夏休みを利用して検査のための。	夏休みを利用して検査のための。	夏休みを利用して検査のための。	15	15
38	nyuuinwosaretehaikagadeshouka。	入院をされてはいかがでしょうか。	入院をされてはいかがでしょうか。	入院をされてはいかがでしょうか。	16	16
39	koukanihakojinsagaarunode。	効果には個人差があるので。	効果には個人差があるので。	効果には個人差があるので。	13	13
40	sukoshinagakunarukamoshirenaikara。	少し長くなるかもしれないから。	少し長くなるかもしれないから。	少し長くなるかもしれないから。	15	15
41	omaetachimouosoikaranenasai。	お前たちもう遅いから寝なさい。	お前たちもうおそからねなさい。	お前たちもう遅いから寝なさい。	15	12
42	mawarigamenihairanakattandayo。	周りが目に入らなかったんだよ。	周りが目に入らなかったんだよ。	周りが目に入らなかったんだよ。	15	15
43	rihabiriwotantousurutanabedesu。	リハビリを担当する田辺です。	リハビリを担当するたなべゅです。	リハビリを担当する田辺です。	14	10
44	iroirokangaekatagaarukedo。	いろいろ考え方があるけど。	いろいろ考え方があるけど。	色々考え方がおううせいはぜろじゃない。	13	13
45	shokkumokangaetemiroyo。	ショックも考えてみろよ。	ショックも考えてみろよ。	ショックも考えてみろよ。	12	12
46	shouraiyuukounashin'yakuyachiryouhouga。	将来有効な新薬や治療法が。	将来有効な四宮や治療法が。	将来有効な深夜悔ちりょうほうが。	13	11
47	kanjamoishimochiryounisen'nensuru。	患者も医師も治療に専念する。	患者もいしもちょうに先線する。	患者も石も治療にせんえんする。	14	7
48	suguomimaiikanakya。	すぐお見舞い行かなきゃ。	すぐお見いいかなきゃ。	すぐお見舞い行かなきゃ。	12	10
49	kurasunomin'nanikoekakeru。	クラスのみんなに声かける。	クラスのみんなに声掛ける。	クラスのみんなに声かける。	13	12
50	akookaasan'yuugatabyouin'yottekurukara。	亜湖お母さん夕方病院寄ってくるから。	赤岡さん左夕た病院よってくるから。	あこお母さん夕方病院ょってくるから。	18	11
51	osokunarutoomoundakedo。	遅くなると思うんだけど。	遅くなると思うんだけど。	遅くなると思うんだけど。	12	12
52	narubekuhayakukaeruyounihasurukedo。	なるべく早く帰るようにはするけど。	なるべく早く変えるように走るけど。	なるべく早く帰るようにはするけど。	17	13
53	watashimamitoyakusokuarundakara。	わたしマミと約束あるんだから。	私嶋と約束あるんだから。	私まみと約束あるんだから。	15	10
54	imahakazokugaicchidanketsushite。	今は家族が一致団結して。	今は家族が一致脱結して。	今は家族が一致団結して。	12	11
55	gato-bonu-runoke-kida。	ガトーボヌールのケーキだ。	がとーボンルーのケキーだ。	ガトーboぬールンけーきだ。	13	6
56	ichiouninzuubunkattearuwayo。	一応人数分買ってあるわよ。	一応人数分かってあるわよ。	一応人数分買ってあるわよ。	13	12
57	asoukun'niaitakutekitanonine。	麻生君に会いたくて来たのにね。	麻生雲に空いたくて頼のにね。	麻生君に会いたくてきたのにね。	15	11
58	ichioukoehakaketanssukedone。	一応声はかけたんっすけどね。	一応声はかけたんっすけどね。	一応声はかけたんっすけどね。	14	14
59	nanikakanjigakawacchatta。	何か感じが変わっちゃった。	何かかんがかわったっちゃった。	何か感じが変わっちゃった。	13	8
60	kondohatsukaman'naiyounishiroyo。	今度は捕まんないようにしろよ。	今度は妻マン内容に白よ。	今度はつかまんない様にしろよ。	15	6
61	tochuumadeisshoniitandakedo。	途中まで一緒にいたんだけど。	途中まで一緒にいたんだけど。	途中まで一緒にいたんだけど。	14	14
62	tsuginonikkawatoudehakkensaretano。	次の日川島で発見されたの。	次の日課党塔で発見されたの。	次の日川等で発見されたの。	13	10
63	anmarishin'youshitenairashii。	あんまり信用してないらしい。	あんまり心用してないらしい。	あんまり信用してないらしい。	14	13
64	tomodachikitekureteyokattawane。	友達来てくれてよかったわね。	友達き来てくれてよかったわね。	友達来てくれてよかったわね。	14	13
65	kon'nanitakusanmoracchatta。	こんなにたくさんもらっちゃった。	こんなにたくさんもらっちゃった。	こんなにたくさんもらっちゃった。	16	16
66	ugoitekurutoomoimasukeredomo。	動いてくると思いますけれども。	動いてくると思いますけれども。	動いてくると思いますけれども。	15	15
67	ryoutewoagetetenohirawouenishite。	両手を上げて手のひらを上にして。	両手を挙げて手のひらわえに私。	両手をあげて手のひらを上にして。	16	11
68	de-toniikerutonattara。	デートに行けるとなったら。	デートに行けるとなったら。	デートに行けるとなったら。	13	13
69	son'nakotonaidesutte。	そんなことないですって。	そんなことないですって。	そんなことないですって。	12	12
70	imadekirukotoganbaruttekimetanda。	今できること頑張るって決めたんだ。	今できることがんばるってきめたんだ。	今できること頑張るって決めたんだ。	17	13
71	gen'infumeinoshinkeihenseishikkan。	原因不明の神経変性疾患。	原因不明の新規編成誌質。	原因不明の神経編成疾患。	12	6
72	jaakekkyokukyounoikeuchitono。	じゃあ結局今日の池内との。	じゃう結局今日の受けたちとの。	じゃあ結局今日の池内との。	13	8
73	doushiyoukatoomottesa。	どうしようかと思ってさ。	どうしようかと思ってさ。	どうしようかと思ってさ。	12	12
74	sekkakunotanjoubinohini。	せっかくの誕生日の日に。	せっかくの誕生日の日に。	せっかくの誕生日の日に。	12	12
75	sakkibyouin'nidenwakiteta。	さっき病院に電話きてた。	逆規病院に電話ってた。	さっき病院に電話きてた。	12	8
76	mesuhaesawosagashiniderundakedo。	メスは餌を探しに出るんだけど。	目指はさを探しに出るんだけど。	メスは餌を探しに出るんだけど。	15	12
77	sonokandon'naniharahettemo。	その間どんなに腹減っても。	その間どんなにはラケっても。	その関どんなに腹減っても。	13	10
78	zuttotamagomamottemattendayo。	ずっと卵守って待ってんだよ。	ずっと卵ママも待って待ってんだよ。	ずっと卵守って待ってんだよ。	14	10
79	hontouhasenpaihakonaikamotteomotteta。	本当は先輩は来ないかもって思ってた。	本当は先輩はこないかもって思ってた。	本当は先輩は来ないかもって思ってた。	18	17
80	naniitterukawakan'nakunacchaundatte。	何言ってるか分かんなくなっちゃうんだって。	何言ってるかわんなくなっちゃうんだって。	何いってるかれれないですよ。	21	19
81	saigonihanetakirininatte。	最後には寝たきりになって。	最後にはネタキリになって。	最後には寝たきりになって。	13	9
82	sonojinbutsuhahadenapankufasshon'ni。	その人物は派手なパンクファッションに。	その人物はではなパンクファッションに。	その人物は派手なパンクファッションい。	19	17
83	miwotsutsundeitasoudesuga。	身を包んでいたそうですが。	身を包んでいたそうですが。	身を包んでいたそうですが。	13	13
84	masanian'nakanjideshita。	まさにあんな感じでした。	まさに安難じでした。	まさにあんな感じでした。	12	8
85	kiokunihajishingaarundesu。	記憶には自信があるんです。	記憶には地震があるんです。	記憶には自信があるんです。	13	11
86	sakihodoanatagamitanoha。	先ほどあなたが見たのは。	先ほどあなたが見たのは。	先ほどあなたが見たのは。	12	12
87	sakkikiokunihajishingaaruto。	さっき記憶には自信があると。	さっき記憶には自信があると。	さっき記憶には自信があると。	14	14
88	jishinganakunattekimashita。	自信がなくなってきました。	地震がなくなってきました。	自信がなくなってきました。	13	11
89	demomitemitakattawane。	でも見てみたかったわね。	でも観てみたかったわね。	でも見てみたかったわね。	12	11
90	iroirooshietekudasaine。	いろいろ教えてくださいね。	いろいろ教えてくださいね。	色々教えてくださいね。	13	13
91	jimushonokeieinikoukenshitekudasaine。	事務所の経営に貢献してくださいね。	事務所の経営に貢献してくださいね。	事務所の経営に貢献してくださいね。	17	17
92	sorehaiijanaidesuka。	それはいいじゃないですか。	それはいいじゃないですか。	それはいいじゃないですか。	13	13
93	kyouryokushitanohawatashitachidesu。	協力したのは私たちです。	協力したのは私たちです。	協力したのは私たちです。	12	12
94	watashimokyouryokuwoonegaisaretara。	私も協力をお願いされたら。	私も協力をお願いされたら。	私も協力をお願いされたら。	13	13
95	katsuraguraihakoumurimashitayo。	カツラぐらいは被りましたよ。	かつらぐらは効果丸しましたよ。	桂ぐらいは被りましたよ。	14	6
96	watashimochottohakyouryokushimashita。	私もちょっとは協力しました。	私もちょっとは協力しました。	私もちょっとは協力しました。	14	14
97	kouiutokihajankendesho。	こういう時はじゃんけんでしょ。	こういうときはジャンケンでしょ。	こういう時はじゃんけんでしょ。	15	8
98	miyatasanjanken'nikatete。	宮田さんじゃんけんに勝てて。	宮田さんじゃんにかてて。	宮田さんじゃんけんに勝てて。	14	11
99	omoikkirinonbirishichaimasho。	思いっきりのんびりしちゃいましょ。	思いっきりのんびりしちゃいましょ。	思いっきりのんびりしちゃいましょ。	17	17
100	toriaezuofurohairimashoune。	とりあえずお風呂入りましょうね。	とりあえずオフロ張りましょうね。	とりあえずお風呂入りましょうね。	16	12
101	osoroshiisatsujinjikengaokirukotonado。	恐ろしい殺人事件が起きる事など。	恐ろしい殺人事件が起きることなど。	恐ろしい殺人事件が起きることなど。	16	14
102	nonbirishiyoutteiimashitayone。	のんびりしようって言いましたよね。	のんびりしようって言いましたよね。	のんびりしようって言いましたよね。	17	17
103	purodexyu-sa-noshigotodesho。	プロデューサーの仕事でしょ。	プロデューサーの仕事でしょ。	プロデューサーの仕事でしょ。	14	14
104	torikatanokufuudenantokasurukara。	撮り方の工夫で何とかするから。	取り方の工夫で何とかするから。	とりかたの工夫でなんとかするから。	15	14
105	asasugadaijoyuuttekanji。	あさすが大女優って感じ。	浅夕が大女優って感じ。	あさすが大女優ってかんじ。	12	9
106	koukounotokinoyuujin'nandesu。	高校の時の友人なんです。	高校の時の友人なんです。	高校の時の友人なんです。	12	12
107	watashitachikokonitomatteruno。	私たちここに泊まってるの。	私たちここに泊まってるの。	私たちここに止まってるの。	13	13
108	madakakedashimitaidesukedo。	まだ駆け出しみたいですけど。	まだ掛け出したいですけど。	まだ駆け出しみたいですけど。	14	12
109	ohadatsurutsuruninarundesutte。	お肌ツルツルになるんですって。	お肌つるるつになるんですって。	お肌ツルツルになるんですって。	15	11
110	iroirotokuroushitandane。	いろいろと苦労したんだね。	いろいろと苦労したんだね。	色々と苦労したんだね。	13	13
111	watashihakonkaidakenandakedone。	私は今回だけなんだけどね。	私は今回だけなんだけどね。	私は今回だけなんだけどね。	13	13
112	mariesanhataichougawaruimitaide。	真理江さんは体調が悪いみたいで。	マリエさんは体調が悪いみたいで。	まりえさんは体調が悪いみたいで。	16	13
113	nanikachottokowasounahitone。	何かちょっと怖そうな人ね。	何かちょっと怖そうな人。	何かちょっと怖そうな人ね。	13	12
114	hontohaiihitonandayo。	ホントはいい人なんだよ。	ほんとはいい人なんだよ。	ほんとはいい人なんだよ。	12	9
115	asakarakantokunosugatagamiataranakute。	朝から監督の姿が見当たらなくて。	朝から監督の姿が見あたらなくて。	朝から監督の姿が見うと思うけど。	16	15
116	sukeju-rumokurucchatte。	スケジュールも狂っちゃって。	スケジュールもクルっちゃって。	スケジュールも狂っちゃって。	14	12
117	noborikumojinjadeattekudasai。	昇雲神社で会ってください。	登りも順じゃんであって下さい。	登り雲神社であってください。	13	3
118	watashison'name-rudashitemasen。	私そんなメール出してません。	私そんなメールだしてません。	私そんなメールだしてません。	14	13
119	soushinkirokuganokottemasuyo。	送信記録が残ってますよ。	送信記録が残ってますよ。	送信記録が残ってますよ。	12	12
120	onsendesatsujinjikentosouguushitano。	温泉で殺人事件と遭遇したの。	温泉で殺人事件と総合したのか。	温泉で殺人事件と遭遇したの。	14	11
121	shashindakedewakaruwakenaidaro。	写真だけでわかるわけないだろ。	写真だけでわかるわけないだろ。	写真だけでわかるわけないだろ。	15	15
122	yamaokakantokutotashiromutsuminomaniha。	山岡監督と田代睦美の間には。	山岡監督と田口娘にの間は。	山岡監督と田代むつみのまには。	14	10
123	toiuokusokugatobikatteiru。	という憶測が飛び交っている。	という憶測が飛び交っている。	という憶測が飛び交っている。	14	14
124	masukomidewadaininatteirujikendakeni。	マスコミで話題になっている事件だけに。	マスコミで話題になっている事件だけに。	マスコミで話題になっている事件だけに。	19	19
125	shousosurebajimushononamaegaagarimasune。	勝訴すれば事務所の名前が上がりますね。	勝訴すれば事務の名前が上がりますね。	勝訴すれば事務所のなまえがあがりますね。	19	18
126	anatagasokomadeiundattara。	あなたがそこまで言うんだったら。	あなたがそこまでウインだったら。	貴方がそこまで言うんだったら。	16	13
127	sorehawatashigayokushitteimasu。	それは私がよく知っています。	それは私がよく知っています。	それは私がよく知っています。	14	14
128	hoterunosaijoukainiarutenboufuro。	ホテルの最上階にある展望風呂。	ホテルの最上会にある点風風。	ホテルの最上階にある展望ふろ。	15	11
129	kooriyamamadeikukurumanonakakara。	郡山まで行く車の中から。	氷山までいく車の丸中から。	郡山まで行く車の中から。	12	9
130	sakinikaettaowabiwoshiteokoutoomotte。	先に帰ったお詫びをしておこうと思って。	先に帰ったお詫びをしておこうと思って。	先に帰ったお詫びをしておこうとおもって。	19	19
131	sokodesaijoukainotenboufuronokotowo。	そこで最上階の展望風呂の事を。	そこで最上回の展望風呂のことを。	そこで最上階の点亡父ろのことを。	15	12
132	ohadagatsurutsuruninarukara。	お肌がツルツルになるから。	お肌がつるつるになるから。	お肌がツルツルになるから。	13	9
133	kyouryokusurukarananidemoittene。	協力するから何でも言ってね。	強力するから何でもいってね。	協力するからなにでも行ってね。	14	12
134	darekagakattenijibun'nokeitaiwotsukatte。	誰かが勝手に自分の携帯を使って。	誰かが勝手に自分の携帯を使った。	誰かが勝手に自分の携帯を使って。	16	15
135	shinhan'ningamitsukaranaimademo。	真犯人が見つからないまでも。	信販人が見つからないまでも。	真犯人が見つからないまでも。	14	12
136	dehahikokujinhasekinimodottekudasai。	では被告人は席に戻ってください。	ではひこく人は席に戻ってください。	では日黒人は席にもどってください。	16	13
137	seppakuryuuzan'nokikengaattasoudesuga。	切迫流産の危険があったそうですが。	せっぱく流残の危険があったそうですが。	切迫流産おきけんがあったそうですが。	17	12
138	suunichinyuuinsurebashinpainaisoudesu。	数日入院すれば心配ないそうです。	数日入院されば心配なしそうです。	数日入院すればしんぱいないそうです。	16	14
139	jaasaibanhaizuresaikaisaremasune。	じゃあ裁判はいずれ再開されますね。	じゃあいばばいずれら再開されますね。	じゃあ裁判はいずれ再開されますね。	17	13
140	sorenishitemozendaimimon'ne。	それにしても前代未聞ね。	それにしても前代みもんね。	それにしても前代未聞え。	12	9
141	mutsumidoushiteoshietekurenakattandarou。	睦美どうして教えてくれなかったんだろう。	むみどうして教えてくれなかったんだろう。	むつみどうして教えてくれなかったんだろう。	20	18
142	kantokugauramarerunantenaitoomou。	監督が恨まれるなんてないと思う。	監督が生まれるなんてないと思う。	監督が恨まれるなんてないと思う。	16	15
143	kibishiikedoomoiyarinoaruhitodakara。	厳しいけど思いやりのある人だから。	厳しいけどよいやりのある人だから。	厳しいけど思いやりのある人だから。	17	16
144	jikentohakankeinaitoomoimasukedo。	事件とは関係ないと思いますけど。	事件とは関係ないと思いますけど。	事件とは関係ないと思いまあいのひとはぜになりばいせいりつです。	16	16
145	jouren'niuttayounakigashimasune。	常連に売ったような気がしますね。	条連に歌ったような気がしますね。	常連に打ったような気がしますね。	16	14
146	jayamaokasangasatsugaisaretajikokuni。	じゃ山岡さんが殺害された時刻に。	邪山岡夫さんが殺害された実告に。	じゃ山岡さんが殺害されたじこくに。	16	11
147	raunjideanatatoisshoniitanoha。	ラウンジであなたと一緒にいたのは。	ラウンジであなたと一緒にいたのは。	ラウンジであなたと一緒にいたのは。	17	17
148	arigatougozaimashita。	ありがとうございました。	ありがとうございました。	ありがとうございました。	12	12
149	nanikamutsumichan'nifurininarukotowo。	何か睦美ちゃんに不利になる事を。	何かむつみちゃんにフリになることを。	何かむつみちゃんいふりになることを。	16	9
150	tsugeguchisurumitaidehanashinikukutene。	告げ口するみたいで話しにくくてね。	つげぐつくるみたいで話しにくくてね。	告げ口するみたいで話しにくくてね。	17	13
151	kouchishonimodosaretasouyo。	拘置所に戻されたそうよ。	高知書に戻されたそうよ。	拘置所に戻されたそうよ。	12	9
152	iroirokiitemawattandesukedo。	色々訊いて回ったんですけど。	いろいろ聞いて回ったんですけど。	色々聞いて回ったんですけど。	14	9
153	anonichisakinitoukyounikaettemasu。	あの日先に東京に帰ってます。	あの日先に東京に帰ってます。	あの日先に東京に帰ってます。	14	14
154	kayamapurodexyu-sa-gashougenshitemasu。	香山プロデューサーが証言してます。	蚊ヤプロでブーサーが証言してます。	加山プロデューサーが証言してます。	17	13
155	tabuchimarikousan'noaribaidesu。	田淵真理江さんのアリバイです。	たぶちマリコ産んのありばいです。	田淵まり降参おありばいです。	15	4
156	inta-nettowotsuujitetoukousurundesu。	インターネットを通じて投稿するんです。	インターネットを通じて投稿するんです。	インターネットを通じて投稿するんです。	19	19
157	konodougagatoukousaretanoga。	この動画が投稿されたのが。	この動画が投稿されたのが。	この動画が投稿されたのが。	13	13
158	tsumarijiken'yokujitsunoasadesu。	つまり事件翌日の朝です。	つまり事件翌日の浅です。	つまり事件翌日のあさです。	12	11
159	yapparisatsueisaretanoha。	やっぱり撮影されたのは。	やっぱり撮影されたのは。	やっぱり撮影されたのは。	12	12
160	boushitomasukunootokoitajanaidesuka。	帽子とマスクの男いたじゃないですか。	帽子とマスクの男いたじゃないですか。	帽子とマスクの男いたじゃないですか。	18	18
161	anoshoutaigawakattandesu。	あの正体がわかったんです。	あの正体がわかったんです。	あの正体がわかったんです。	13	13
162	aiteyakuwotsutomerusutouken'ichisankara。	相手役を務める須藤健一さんから。	相手役を務めると数計禁地さんから。	相手役を勤める須藤けにちさんから。	16	11
163	houfuwoukagaitaitoomoimasu。	抱負を伺いたいと思います。	豊富を伺が痛いと思います。	豊富を伺いたいと思います。	13	9
164	fan'nohitohatachiirikinshidesuyo。	ファンの人は立ち入り禁止ですよ。	ファンの人はたちいり近んですよ。	ファンの人は立入禁止ですよ。	16	12
165	juunanseigaaruttekotojanaidesuka。	柔軟性があるって事じゃないですか。	柔軟性があるってことじゃないですか。	じゅうなん性があるってことじゃないですか。	17	15
166	kurumamadenoseteitadaite。	車まで乗せていただいて。	車までのせていただいて。	車までのせていただいて。	12	11
167	sorehaaribaidemonanidemonaizo。	それはアリバイでも何でもないぞ。	それはあり場でも何でもないぞ。	それはアリバイでも何でもないぞ。	16	12
168	sekkakuyasashikushiteagetanoni。	せっかく優しくしてあげたのに。	せっかく優しく仕て上げたのに。	せっかく優しくしてあげたのに。	15	13
169	senseikonoheyananikaatsukunaidesuka。	先生この部屋何か暑くないですか。	先生この部屋何かに扱くないですか。	先生この部屋何か暑くないですか。	16	14
170	rimokondokoicchattandarou。	リモコンどこいっちゃったんだろう。	リモコンドコイっちゃったんだろう。	りも今度こいっちゃったんだろう。	17	14
171	zuttokikasetemorattattewakeda。	ずっと聞かせてもらったってわけだ。	ずっと聞かせてもらったってわけだ。	ずっと聞かせてもらったってわけだ。	17	17
172	otegaratoiitaitokorodagana。	お手柄と言いたいところだがな。	お手柄といいたいところだがな。	お手柄と言いたいところだがな。	15	14
173	koregayamamurayoukonosaibou。	これが山村ヨウコの細胞。	これが山々良子の菜胞。	これが山村ようこの際ぼう。	12	7
174	arenaratokkunikaisekishoriwooeta。	あれならとっくに解析処理を終えた。	あれならトックに回析シリを終えた。	あれならとっくに解析処理をおえた。	17	11
175	orenohoudemoshirabetemitainda。	俺のほうでも調べてみたいんだ。	俺の方でも知べてみたいんだ。	俺の方でも調べてみたいんだ。	15	12
176	kunrenwouketachouhon'nindesura。	訓練を受けた張本人ですら。	訓練を受けた町本人ですら。	訓練を受けた張本人ですら。	13	12
177	taekirerumonohaimasen。	耐え切れる者はいません。	耐え切れるものはいません。	耐えきれるものは居ません。	12	10
178	isshonigohantaberutokoronano。	一緒にご飯食べるところなの。	一緒にご飯食べるところなの。	一緒にご飯食べるところなの。	14	14
179	kon'natazunekatashikadekinakute。	こんな訪ね方しか出来なくて。	こんな尋ね若しかできなくて。	こんな尋ねか確かできなくて。	14	10
180	aruyatsunonamaetojuushowo。	あるヤツの名前と住所を。	あるやつの名前と住所を。	あるやつの名前と住所を。	12	10
181	soshitarahontounisoitsugashinde。	そしたら本当にそいつが死んで。	そしたら本当に沿い津が死んで。	そしたら本当にそいつが死んで。	15	13
182	yatsuraniyarareppanashida。	やつらにやられっぱなしだ。	やつらにやられっぱなしだ。	奴らにやられっぱなしだ。	13	13
183	imasukoshiyasumaseterundesu。	いま少し休ませてるんです。	今少しやすませてるんです。	今少し休ませてるんです。	13	9
184	saikaisarerukotohenokyoufuwoidakimasu。	再開されることへの恐怖を抱きます。	再開されることへの恐怖をいきだきます。	再開されることへのきょうふをいだきます。	17	14
185	mamonakukanojohaochimasu。	間もなく彼女は落ちます。	まもなく彼女は落ちます。	間もなく彼女は落ちます。	12	11
186	shikkarioboetehoshindakedo。	しっかり覚えてほしんだけど。	しっかり覚えてほしんだけど。	しっかり覚えて欲しんだけど。	14	14
187	chichioyanokotowoaitsunishiraseruna。	父親のことをあいつに知らせるな。	父親のことを愛しに知らせるな。	父親のことをあいつに知らせるな。	16	13
188	zenzen'ochine-janaika。	全然落ちねーじゃないか。	全然おチネージャないか。	全然落ちねーじゃないか。	12	7
189	yosouijouninebatteimasu。	予想以上に粘っています。	予想以上に粘っています。	予想以上に粘っています。	12	12
190	dattaramottoreberuwoagero。	だったらもっとレベルを上げろ。	だったらもっとレベルを上げろ。	だったらもっとレベルを上げろ。	15	15
191	shindeshimattaranidototegakari。	死んでしまったら二度と手がかり。	真でしまったら二度と手紙か。	死んでしまったら二度と手掛かり。	16	12
192	kakawaraserukotohahontounisaketaindaga。	関わらせることは本当に避けたいんだが。	かからわせることは本当に避けたいんだが。	関わらせる事は本当にさ桁いんだが。	19	16
193	aitsurawotsukamaeruchansunandaro。	あいつらを捕まえるチャンスなんだろ。	相つらを使えるチャンスなんだろ。	あいつらを捕まえるチャンスなんだろ。	18	14
194	terorisutokakuhonosaininanikaattatokiha。	テロリスト確保の際に何かあった時は。	テロリスト各補の最に何かあったときは。	テロリスト確保のさいになにかあったときは。	18	13
195	kuniwomamorukotogasaiyuusenda。	国を守ることが最優先だ。	国を守ることが最優先だ。	国を守る事が最優先だ。	12	12
196	demochottogenkidetekimashita。	でもちょっと元気出てきました。	でもちょっと元気出てきました。	でもちょっと元気出てきました。	15	15
197	sonohitoniawaseteageru。	その人に会わせてあげる。	その人に合わせてあげる。	その人に合わせてあげる。	12	11
198	shikyuuouenbutaiwomukawaseru。	至急応援部隊を向かわせる。	四球王エンブ台を迎わせる。	子宮応援舞台をむかわせる。	13	4
199	son'namonsakkinoaoikurumawo。	そんなもんさっきの青い車を。	そんなもんさっきのあいくるを。	そんなもんさっきの青い車を。	14	11
200	tsukamaetemirebawakarundayo。	捕まえてみればわかるんだよ。	使えて見えればワカルんだよ。	捕まえてみればわかるんだよ。	14	7
201	mousukoshidetaisetsunashouninwo。	もう少しで大切な証人を。	もう少しで大切な賞にを。	もう少しで大切な承認を。	12	10
202	shoushougouin'natokorogaarimashite。	少々強引なところがありまして。	少々ごういんなところがありまして。	少々強引あところがありまして。	15	11
203	nanikaijittenaitoochitsukanakute。	何かいじってないと落ち着かなくて。	何か言ってないと落ち着かなくて。	何かいじってないと落ち着かなくて。	17	15
204	jidoushahanbaikaishanitsutomeru。	自動車販売会社に勤める。	自動車販売開始に務める。	自動車販売会社につとめる。	12	9
205	genbaniarasottakeisekiganakattakotokara。	現場に争った形跡がなかったことから。	現場に空空った形跡がなかったことから。	現場に争った形跡がなかったことから。	18	16
206	zuibunhenpinatokorodana。	ずいぶん辺鄙なところだな。	ずいぶん変ななところだな。	随分返品ところだな。	13	11
207	uirusuwokakushiteirundakara。	ウイルスを隠しているんだから。	ウイルスを隠しているんだから。	ウイルスを隠しているんだから。	15	15
208	nakamawohikitsuretemodottekurukamoyo。	仲間を引き連れて戻ってくるかもよ。	仲間を引きつれて戻ってくるかもよ。	仲間を引き連れて戻ってくるかもよ。	17	16
209	hetanashinrisenshikakeyagatte。	下手な心理戦仕掛けやがって。	ヘタな心理センしかけやがって。	下手な心理戦しか花野がって。	14	8
210	oretachininanimodekinakusaseru。	俺たちに何も出来なくさせる。	オレたちに何もできなくさせる。	俺たちに何も出来なくさせる。	14	10
211	imanotokoromiataranai。	今のところ見当たらない。	今のところ見当たらない。	今のところ見当たらない。	12	12
212	son'namonsakkinoaoikuruma。	そんなもんさっきの青い車。	そんなもんさっきのあいくるま。	そんなもんさっきの青い車。	13	9
213	oremohayakukidukubekidatta。	俺も早く気づくべきだった。	オレも早く気づくべきだった。	俺も早く気づくべきだった。	13	11
214	antagahan'nindattewakaruyouninatteimasu。	あんたが犯人だってわかるようになっています。	あんたが犯人だってわかるようになっています。	あんたが犯人だってわかるようになっています。	22	22
215	iiwakehahonbudeyukkurishiro。	言い訳は本部でゆっくりしろ。	言い訳は本部でゆっくり白。	言い訳は本部でゆっくりしろ。	14	12
216	anatahawatashitachigaiukotowo。	あなたは私たちが言うことを。	あなたは私たちがいうことを。	貴方は私たちが言うことを。	14	13
217	hi-ro-gahan'nin'nosenakani。	ヒーローが犯人の背中に。	ヒーローが半人の背中に。	ヒーローが犯人の背中に。	12	11
218	korekarahausodatteomoinasai。	これからは嘘だって思いなさい。	これからは嘘だって思いなさい。	これからは嘘だって思いなさい。	15	15
219	sorejaasaigonimouhitotsutanomu。	それじゃあ最後にもうひとつ頼む。	それじゃあ最後にもうひとつ頼むの。	それじゃあ最後にもう一つ頼む。	16	15
220	joukuukaragenbanokakuteihadekimasen。	上空から現場の画定はできません。	上空から現場の確定はできません。	上空から原盤かくていはできません。	16	15
221	sonogonojoukyouhoukokuonegaishimasu。	その後の状況報告お願いします。	その後の状況報告お願いします。	その後の状況報告お願いします。	15	15
222	otagaiganbatteikiteikimashoune。	お互い頑張って生きていきましょうね。	お互い頑張っていきていきましょうね。	お互い頑張って生きていきましょうね。	18	17
223	houkokugaokuretesumimasen。	報告が送れてすみません。	報告が遅れて済みません。	報告が遅れてすみません。	12	10
224	juuwoubawareutaremashita。	銃を奪われ撃たれました。	銃を奪われたられました。	銃を奪われ打たれました。	12	10
225	jibun'noshoutaigabaretanoka。	自分の正体がバレたのか。	自分の正体がバレたのか。	自分の正体がバレたのか。	12	12
226	konomamanonagaredekekkouda。	このままの流れで決行だ。	このままの流れで結構だ。	このままの流れで結構だ。	12	10
227	takagikunkaniinakattandakedo。	高木君家にいなかったんだけど。	高くんかんにいなかったんだけど。	高木くん家にいなかったんだけど。	15	11
228	kochiranohoutomokakuninshitemimasu。	こちらの方とも確認してみます。	こちらの方とも確認してみます。	こちらの方とも確認してみます。	15	15
229	harukachankonbyouin'nandesukedo。	遥ちゃん今病院なんですけど。	春かちゃんこ病院なんですけど。	はるかちゃんこん病院なんですけど。	14	11
230	oniisan'nokotosugokushinpaishiteite。	お兄さんのことすごく心配していて。	お兄さんのことすごく心配していて。	お兄さんのことすごく心配していて。	17	17
231	achikochiniookiiho-suga。	あちこちに大きいホースが。	あちこちに大きいホースが。	あちこちに大きいホースが。	13	13
232	imasugukuuchouwozenbutomete。	今すぐ空調を全部止めて。	今すぐ宇宙を全部留めて。	今すぐ空調を全部とめて。	12	9
233	kansenshitatokimattawakejanaidarou。	感染したと決まったわけじゃないだろう。	感染したと決まったわけじゃないだろう。	感染したと決まったわけじゃないだろう。	19	19
234	keisatsuchoukeibikyokukouantokushusanka。	警察庁警備局公安特殊三課。	警察庁警備局公案と苦殊さか。	警察庁警備きょくこうあんとくしゅさんか。	13	8
235	taiterowosenmontoshiteirusoshikida。	対テロを専門としている組織だ。	対テロを専門としている仕組だ。	たいテロを専門としているそしきだ。	15	13
236	kenkyuushitsunimodorukihaarimasen。	研究室に戻る気はありません。	研究室にモドルキはありません。	研究室に戻る気はありません。	14	10
237	yapparikuwaretanohahoushou。	やっぱり食われたのは宝生。	やっぱりく割れたのは宝笑。	やっぱり食われたのは鳳翔。	13	10
238	warewarehenowirusuterohashippaida。	我々へのウィルステロは失敗だ。	われわれへのウィルステロは失敗だ。	我々へのウィルスてろはしっぱいだ。	15	11
239	zen'inkorosutsumoridattano。	全員殺すつもりだったの。	全員コロスもりだったの。	全員殺すつもりだったの。	12	9
240	sugunishutsudounoyouseiwosuru。	すぐに出動の要請をする。	すぐに手動の要請をする。	すぐに出動の妖精をする。	12	11
241	atarebakouatsudenryuuganagarete。	当たれば高圧電流が流れて。	あたれば好通戦流が流れて。	当たれば高圧電流がながれて。	13	9
242	doushitarakonokuniwosukuerunoka。	どうしたらこの国を救えるのか。	どうしたらこの国を救えるのか。	どうしたらこの国を救えるのか。	15	15
243	orenihatadazuttogawaniitehoshii。	俺にはただずっと側にいてほしい。	オレにはたずずっと側にいて欲しい。	俺にはただずっと側にいてほしい。	16	12
244	korewotodokenikitekuretano。	これを届けにきてくれたの。	これを届きに来てくれたの。	これを届けに来てくれたの。	13	11
245	houshouharikujoujieitainiitatoki。	宝生は陸上自衛隊にいた時。	放送は陸上寺態隊にいたとき。	鳳翔は陸上じえいたいにいたとき。	13	7
246	anataniaitaitteitterunoyo。	あなたに会いたいって言ってるのよ。	あなたに合いたいっていってるのよ。	あなたに会いたいって言ってるのよ。	17	15
247	demokoredetsuisekihafukanouyo。	でもこれで追跡は不可能よ。	でもこれで追跡は不可能よ。	でもこれで追跡は不可能よ。	13	13
248	aikawarazukimochiiihodojibunhon'i。	相変わらず気持ちいいほど自分本位。	相変わらず気持ちいいほど自分ほん。	相変わらず気持ちいいほど自分本位。	17	15
249	kagakusousanadonosenmontekisousade。	科学捜査などの専門的捜査で。	家が草さなどの専門的製差で。	化学操作などの専門てきそうさで。	14	8
250	kyouakuhanzainitaioushiteikuchimudesu。	凶悪犯罪に対応していくチムです。	教悪犯罪に対応していく地です。	凶悪はん座員たいおうしていくちむです。	16	13
251	anoon'natodoukidasoudesu。	あの女と同期だそうです。	あの女と同期だそうです。	あの女と同期だそうです。	12	12
252	soreniatarashiibushonoshippaiha。	それに新しい部署の失敗は。	それに新しい部所の失敗は。	それに新しい部ションしっぱいは。	13	12
253	dokonobushokaramoiranaiseieitachiga。	どこの部署からもいらない精鋭たちが。	どこの部所からもいらない成帯たちが。	どこの部署からもいらないせいえいたちが。	18	15
254	yougishajaarimasen'yo。	容疑者じゃありませんよ。	容疑者じゃありませんよ。	容疑者じゃありませんよ。	12	12
255	bouryokujikenwookoshitemashitene。	暴力事件を起こしてましてね。	暴力事件を起こしてましてね。	暴力事件を起こしてましてね。	14	14
256	douzoyoroshikuonegaishimasu。	どうぞよろしくお願いします。	どうぞよろしくお願いします。	どうぞよろしくお願いします。	14	14
257	kon'nabushoyarukotonaidesho。	こんな部署やることないでしょ。	こんな部所やることないでしょ。	こんな部署やることないでしょ。	15	14
258	mimotofumeinoshoushitaigahakkensareta。	身元不明の焼死体が発見された。	身元不明の消始体が発見された。	身元不明の焼死体がはっけんされた。	15	13
259	jouhanshingamarukogedattayoudesu。	上半身が丸焦げだったようです。	上半身が丸こげだったようです。	上半身がまる焦げだったようです。	15	14
260	atokataudegaoreteitatoka。	あと片腕が折れていたとか。	あとか手腕が折れていたとか。	あと片腕が俺ていたとか。	13	11
261	watashikeijijanaidesukara。	わたし刑事じゃないですから。	私刑事じゃないですから。	私刑事じゃないですから。	14	11
262	keisatsutoiedomoneidouhaaruno。	警察といえどもね異動はあるの。	警察といえども異動はあるの。	警察といえどもね移動はあるの。	15	14
263	watashiningen'nikyouminainde。	わたし人間に興味ないんで。	私人玄強に興味ないで。	私人間に興味ないんで。	13	7
264	katagirisan'nihaoniaidesune。	片桐さんにはお似合いですね。	肩桐さんにはお似合いですね。	片桐さんにはお似合いですね。	14	13
265	soutoutebirokuyatteitayoude。	相当手広くやっていたようで。	そうとて袋やっていたようで。	相当手広くやっていたようで。	14	9
266	tankashitanaizougafunsaishiteta。	炭化した内臓が粉砕してた。	短下した内蔵が負印してた。	たんかした内臓がふんさいしてた。	13	8
267	chakuninhayadeharikitten'nohawakaruga。	着任早で張り切ってんのは分かるが。	着任はやではりキッテンのは分がる。	着任はやで張り切ってんおはわかるが。	17	8
268	nodachisanjikanhosanoraibarutoshiteha。	野立参事官補佐のライバルとしては。	の田達事事官母のサイバルとしては。	のだちさん時間干さのらいばるとしては。	17	10
269	tettouninoborasetakanouseiga。	鉄塔に登らせた可能性が。	鉄頭にのぼらせた可能性が。	鉄塔に上らせたかのうせいが。	12	9
270	jaakonochakushinrirekishirabereba。	じゃあこの着信履歴調べれば。	じゃあこの着心利歴士られば。	じゃあこの着心理れきしらべれば。	14	10
271	chuukeiantenadattakotogawakarimashita。	中継アンテナだったことが分かりました。	中継安打てなだったことがわかりました。	生活安全かの干さにまわしています。	19	14
272	sorekaratsuidenigenbade。	それからついでに現場で。	それから次いで言葉場で。	それからついでに現場で。	12	9
273	sorenison'nayakuhin'nante。	それにそんな薬品なんて。	それにそんな役品なんて。	それにそんな薬品なんて。	12	11
274	kindokokatogappeisurutoka。	近どこかと合併するとか。	近度かとが突併するとか。	キンどこかと合併するとか。	12	8
275	gyoukaiootenoguroriasuyakuhinto。	業界大手のグロリアス薬品と。	業界大手のグロリアス約人。	業界大手のグロリアスやくひんと。	14	11
276	mataterebidehoudousarerutoomoimasu。	またテレビで報道されると思います。	またテレビで報道されると思います。	またテレビで報道されると思います。	17	17
277	shoushinarasouhaikanaiwa。	焼死ならそうはいかないわ。	少子ならそうはいかないわ。	称しならそうはいかないわ。	13	11
278	watashigakonomedekakuninshiteru。	わたしがこの目で確認してる。	私がこの目で確認してる。	私がこの目で確認してる。	14	11
279	shijiwouketeitakotogawakatteru。	指示を受けていたことが分かってる。	指示を受けていたことが分かってる。	指示を受けていた事がわかってる。	17	17
280	masatsudebakuhatsusuruyouninatteita。	摩擦で爆発するようになっていた。	まさつで爆発するようになっていた。	摩擦で爆発するようになっていた。	16	13
281	tsumariichidokitaranugukotonodekinai。	つまり一度着たら脱ぐことのできない。	つまり一度きたらぬことのできない。	つまり一度きたらんぐことのできない。	18	15
282	ichiban'iyanakotosasetawakeka。	一番いやなことさせたわけか。	一番いやなことさせたわけ。	一番嫌なことさせたわけか。	14	13
283	amarihyouban'noyokunaiginkoudesu。	あまり評判のよくない銀行です。	あまり評判のよくな議銀です。	あまり評判のよくないぎんこうです。	15	13
284	tsuginohankoumosuguniokoruwa。	次の犯行もすぐに起こるわ。	次の犯興もすぐに起こる。	次の犯行もすぐに怒るわ。	13	11
285	katakusousakunoreijougadeteru。	家宅捜索の令状が出てる。	かたく早作の異象が出てる。	家宅捜索の礼状がでてる。	12	5
286	kaizoushitasutangangamitsukatta。	改造したスタンガンが見つかった。	改像したスタンが見がつかった。	改造したす単眼がみつかった。	16	12
287	settosareterukanouseigakiwametetakai。	セットされてる可能性が極めて高い。	セットされてる可能性が極めて高い。	セットされてる可能性が極めてたかい。	17	17
288	souiukotodaasonderuhimahanai。	そういうことだ遊んでる暇はない。	そういうことだあそんでルヒはない。	そういうことだ遊んでる暇はない。	16	12
289	yaharibakudanhasettosareteruna。	やはり爆弾はセットされてるな。	やはり爆弾はセットされてるな。	やはり爆弾はセットされてるな。	15	15
290	jikan'nantekinisuruhitsuyounai。	時間なんて気にする必要ない。	時間なんて気にする必要な。	時間なんて気にする必要ない。	14	13
291	kanariseimitsuniyaranaito。	かなり精密にやらないと。	かなり清密にやらないと。	かなり精密にやらないと。	12	11
292	hon'nowazukaoomenisuru。	ほんのわずか多めにする。	本のわずか大に染る。	ほんのわず顔お面する。	12	7
293	soremonandokayatteminaitowakaranai。	それも何度かやってみないと分からない。	それも何度かやってみないとわからない。	それも何度かやってみないとわからない。	19	18
294	tokurasan'niokikishimashita。	戸倉さんにお聞きしました。	寅さんにお聞きしました。	とクラさんにお聞きしました。	13	11
295	nanikarananimadeoshieteitadakimashita。	何から何まで教えていただきました。	何から何で負い教えていただきました。	何から何まで教えていただきました。	17	14
296	usohazettainiittehanaranai。	嘘は絶対に言ってはならない。	嘘は絶対に行ってはならない。	嘘は絶対に言ってはならない。	14	13
297	konbakudanshorihangamukatteimasu。	今爆弾処理班が向かっています。	今爆弾処理がんが向かっています。	こん爆弾処理はんがむかっています。	15	13
298	wagashanotsumazukinohajimarida。	わが社のつまずきの始まりだ。	我者の妻妻木のはじまりだ。	我が社のつまずきの始まりだ。	14	5
299	mousukoshimatebayokattandayo。	もう少し待てばよかったんだよ。	もう少しまわてよかったんだよ。	もう少し待てばよかったんだよ。	15	12
300	iwaserutamenitsukuttandatte。	言わせるために作ったんだって。	岩せるために作ったんだって。	言わせるために作ったんだって。	15	13
301	sorehawatashigayuushuudakaradesu。	それはわたしが優秀だからです。	それは私が優秀だからです。	それは私が優秀だからです。	15	12
302	kokohadaremooshietekurenaikarana。	ここは誰も教えてくれないからな。	ここは誰も教えてくれないからな。	ここは誰も教えてくれないからな。	16	16
303	anonoppototsukiatteruotoko。	あののっぽと付き合ってる男。	あののっぽと付き合ってる男。	あのノッポと付き合ってる男。	14	14
304	shagekikunren'ikanakyadamedesho。	射撃訓練行かなきゃ駄目でしょ。	社激く連携なかっちゃダメでしょ。	射撃訓練いかなきゃだめでしょ。	15	5
305	genjitsutekinihasoukamoshirenai。	現実的にはそうかもしれない。	現実的にはそうかもしれない。	現実的にはそうかもしれない。	14	14
306	demoutenakyakeijijanai。	でも撃てなきゃ刑事じゃない。	でもうてなきゃ事じじゃない。	でも打てなきゃ刑事じゃない。	14	11
307	omaenokotoiroirouwasaninatteruzo。	お前のこと色々噂になってるぞ。	お前のこといろいろう差になってるぞ。	お前のこと色々噂になってるぞ。	15	9
308	sakkitaitoukudejoshidaiseiga。	さっき台東区で女子大生が。	さっき体統区で女性生盛が。	あっき台東区で女子大せいが。	13	8
309	tomonichitorikantoriwookonatteimasuga。	共に地取り鑑取りを行っていますが。	ともに取り管取を行っていますが。	共に一人カントりをおこなっていますが。	17	12
310	mondaihakonointa-nettonokeijiban。	問題はこのインターネットの掲示板。	問題はこのインターネットの掲示板。	問題はこのインターネットの掲示板。	17	17
311	mataichininshokeishiteyatta。	また一人処刑してやった。	また一人書刑してやった。	また一人処刑してやった。	12	11
312	ichininmenoshokeishayoshiokahitomi。	一人目の処刑者よしおかひとみ。	一人目の初刑者しおかき見と。	一人目の処刑者よしおかひとみ。	15	10
313	minatoshoingagenbanikaketsuke。	港署員が現場に駆け付け。	港署署が減らばにかけつけ。	みなとしょ因果げんばにかけつけ。	12	6
314	satsujinhanwoeiyuushishiterunda。	殺人犯を英雄視してるんだ。	殺人半を植用してテルンだ。	殺人犯を英雄視してるんだ。	13	6
315	kakikominojouhouniyoruto。	書き込みの情報によると。	書き込みの情報によると。	書き込みの情報によると。	12	12
316	kyodainadaga-naifuwomochi。	巨大なダガーナイフを持ち。	巨大なダガーナイフを持ち。	巨大なだがーないふをもち。	13	13
317	sonoma-kuwogenbanimonokosu。	そのマークを現場にも残す。	そのマークを現場にものコス。	そのマークを現場にも残す。	13	10
318	sougousurutokon'nakanjidesu。	総合するとこんな感じです。	総合するとこんな感じです。	総合するとこんな感じです。	13	13
319	inta-nettonodemajanai。	インターネットのデマじゃない。	インターネットの出まじゃない。	インターネットのデマじゃない。	15	13
320	kyoukotsugaarushihonewokantsuusaseruka。	胸骨があるし骨を貫通させるか。	京郷がある星へを観殺するさえる。	胸骨があるし骨をかんつうさせるか。	15	5
321	tomoniganbarouzeossan。	共に頑張ろうぜおっさん。	ともに頑張ろうぜぜっさん。	共に頑張ろうぜおっさん。	12	9
322	chottoshirabetehoshiikotogaarundesu。	ちょっと調べてほしいことがあるんです。	ちょっと調べてほしいことがあるんです。	ちょっと調べてほしいことがあるんです。	19	19
323	daijiken'nihattensurukamoshirenaindesu。	大事件に発展するかもしれないんです。	大事件に発点するかもしれないんです。	大事件に発展するかもしれないです。	18	17
324	yoshiokasanhaosakewononda。	吉岡さんはお酒を飲んだ。	吉岡さんはお酒を飲んだ。	吉岡さんはお酒を飲んだ。	12	12
325	beddonowakiniochitakotoniyoru。	ベッドの脇に落ちたことによる。	ベッドの脇に陥ちたことによる。	ベッドの脇に落ちたことによる。	15	14
326	pojishonaruasufaikushia。	ポジショナルアスファイクシア。	ポジジョナルアスファイクシ。	ポジションある明日ふぁいくしあ。	15	13
327	genbanibattenma-kutoka。	現場にばってんマークとか。	現場にバッテンマークとか。	現場にばってんマークとか。	13	9
328	son'nayatsuoruwakenaiyaro。	そんなやつおるわけないやろ。	そんなやつふるわけないやろ。	そんな奴おるわけないやろ。	14	13
329	subetefuri-supe-sunioitearu。	全てフリースペースに置いてある。	すべてフリースペースに置いてある。	全てフリースペースに置いてある。	16	14
330	sorezorenoshokatsunirenrakusasete。	それぞれの所轄に連絡させて。	それぞれの初夏に連絡させて。	それぞれの諸葛に連絡させて。	14	12
331	onajiningengakakikomishiteruyoudesu。	同じ人間が書き込みしてるようです。	同じ人間がかき込みしてるようです。	同じ人間が書き込みしてるようです。	17	16
332	konointa-nettonisankashiteiruzen'inga。	このインターネットに参加している全員が。	このインターネットに参加している全員が。	このインターネットに参加している全員が。	20	20
333	demokanojohafukunouekaradatta。	でも彼女は服の上からだった。	でも彼女はふく上からだった。	でも彼女は服の上からだった。	14	12
334	kaminantematsuriagerarete。	神なんて祭り上げられて。	紙なんてまつりあげられて。	髪なんて祭りあゲラれて。	12	8
335	peraperashabetteitasoudana。	ぺらぺらしゃべっていたそうだな。	ペラペラしゃべっていたそうだな。	ペラペラ喋っていたそうだな。	16	12
336	sonokuchinokarusadetaihodekitayo。	その口の軽さで逮捕できたよ。	その口の軽さで逮捕できたよ。	その口の軽さで逮捕できたよ。	14	14
337	taihosaretanohatonainisumu。	逮捕されたのは都内に住む。	逮捕されたのは都内に住む。	逮捕されたのは都内に住む。	13	13
338	tsukamattayatsuhakaminankajanai。	捕まった奴は神なんかじゃない。	使まった奴は魚なんかじゃない。	捕まった奴は神なんかじゃない。	15	13
339	oyagosankarahaganbareba。	親御さんからは頑張れば。	親子さんからが頑張れば。	親御さんからは頑張れば。	12	10
340	kizutsukukotomonaindamon'ne。	傷つくこともないんだもんね。	傷つくこともないんだもんね。	傷つくこともないんだもんね。	14	14
341	dakarananigaiitaindatte。	だから何が言いたいんだって。	だから何がいいたいんだって。	だから何が言いたいんだって。	14	13
342	heinomukouniochitakamisama。	塀の向こうに落ちた神様。	平の向こうに落ちたかみ様。	へいの向こうに落ちた神様。	12	9
343	inta-nettohamatsuriyo。	インターネットは祭りよ。	インターネットはまだりよ。	インターネットは祭りよ。	12	10
344	madarenrakunotorenakatta。	まだ連絡の取れなかった。	まだ連絡のとれなかった。	まだ連絡の取れなかった。	12	11
345	kiryokugaarebanaosarakikendesune。	気力があればなおさら危険ですね。	力力があればなおさら危険ですね。	気力があればなおさら危険ですね。	16	15
346	inta-nettonokakikomino。	インターネットの書き込みの。	インターネットの書き込みの。	インターネットの書き込みの。	14	14
347	hontounokaibutsuwoundeshimatta。	本当の怪物を生んでしまった。	本当の回物を運んでしまった。	本当の怪物を産んでしまった。	14	12
348	omoshirogattadarekaganamaewokakikomu。	面白がった誰かが名前を書き込む。	面白がった誰かが構えをかえきスゴ。	面白がった誰かが名前をかきこむ。	16	10
349	sonokitainikotaeyoutosuruhazu。	その期待に応えようとするはず。	その期待に応えようとするはず。	その期待に答えようとするはず。	15	15
350	ikkokumohayakutaihoshinakereba。	一刻も早く逮捕しなければ。	一刻も早く逮捕しなければ。	一刻も早くたいほしなければ。	13	13
351	sorezorehokanshitsuniitte。	それぞれ保管室に行って。	それぞれ保換室に行って。	それぞれ保管しつに行って。	12	11
352	kenjuuwokeikoushiteikuyouni。	拳銃を携行していくように。	拳銃を傾向していくように。	拳銃を傾向していくように。	13	11
353	mouchottoiishashintsukainasai。	もうちょっといい写真使いなさい。	もうちょっといい写真使いなさい。	もうちょっといい写真使いなさい。	16	16
354	musenhahokanomusentoshuuhasuuwokae。	無線はほかの無線と周波数を変え。	無線はほかの無線取手は数を買え。	無線は他のむセントしゅうはすうをかえ。	16	12
355	goeisousainhakorekarasenshutsusuru。	護衛捜査員はこれから選出する。	ご衛送サインはこれから選出する。	護衛捜査員はこれからせんしゅつする。	15	10
356	hosokutaiseikakuritsugoapa-tonaino。	捕捉態勢確立後アパート内の。	保測体制確率がゴーパプの内。	細くたいせい確率ごあぱーとないの。	14	3
357	ikkokumohayakuhappyoushitairashiikara。	一刻も早く発表したいらしいから。	一刻も早く発表したらいらしいから。	一刻も早く発表したいらしいから。	16	15
358	akkenaisaigodeshitane。	あっけない最期でしたね。	アッケない最後でしたね。	呆気ない最後でしたね。	12	8
359	konohan'nindakegainta-nettojounokamiwo。	この犯人だけがインターネット上の神を。	この犯人だけがインターネット上の紙。	この犯人だけがインターネットじょうのかみを。	19	17
360	konkansatsuigakoyanoitaiwoshirabetara。	今監察医が小屋の遺体を調べたら。	今間撮害こや野体を調べてたら。	根幹殺意が小谷野いたいをしらべたら。	16	7
361	tsumaritokkunishinderuitaini。	つまりとっくに死んでる遺体に。	つまりトックに死んでる痛いに。	つまりとっくに死んでるいたいに。	15	10
362	imahanakagajippa-ninatteru。	今は中がジッパーになってる。	今は中が実っぱーになってる。	今は仲がジッパーになってる。	14	11
363	inta-nettonoo-kushondekatta。	インターネットのオークションで買った。	インターネットのオークションで勝った。	インターネットのオークションで買った。	19	18
364	chikakunoho-muresunodansei。	近くのホームレスの男性。	近くのホームレスの男性。	近くのホームレスの男性。	12	12
365	matanomikaishitekudasaine。	また飲み会してくださいね。	また飲み開始てくださいね。	また飲み会してくださいね。	13	11
366	hayouiekaettefurohaitte。	早う家帰って風呂入って。	はよう家え帰ってふろうって。	はよう家帰って風呂入って。	12	6
367	demohiroshinookagedetasukatta。	でも浩のおかげで助かった。	でも広の親かげでたかった。	でもひろしのおかげで助かった。	13	10
368	kondohaasamadetsukiatteyo。	今度は朝まで付き合ってよ。	今度は朝まで続き合ってよ。	今度は朝まで付き合ってよ。	13	12
369	kittoningentomitenaiyo。	きっと人間と見てないよ。	キット人間と見てないよ。	きっと人間と見てないよ。	12	9
370	taihenmoushiwakearimasendeshita。	大変申し訳ありませんでした。	大変申し訳ありませんでした。	大変申し訳ありませんでした。	14	14
371	onajizasshinodokushamoderuga。	同じ雑誌の読者モデルが。	同じ雑誌の読者者モデルが。	同じ雑誌の読者モデルが。	12	11
372	madahan'nin'notegakarihatsukameteinai。	まだ犯人の手掛かりはつかめていない。	まだ犯人の手がかりはつかめていない。	まだ犯人の手掛かりは掴めていない。	18	17
373	sukoshihanaretearukimasukara。	少し離れて歩きますから。	少し離れてある気ますから。	少し離れて歩きますから。	12	9
374	kyouhaarigatougozaimashita。	今日はありがとうございました。	今日はありがとうございました。	今日はありがとうございました。	15	15
375	zehimatajikaimoyondekudasai。	ぜひまた次回も呼んでください。	ぜひまた次回も読んでください。	ぜひまた次回も読んでください。	15	14
376	tadakouittake-sunobaai。	ただこういったケースの場合。	ただこういったケースの場合。	忠興行ったケースのばあい。	14	14
377	yukkuriochitsuitekaranohouga。	ゆっくり落ち着いてからの方が。	ゆっくりおち着いてからのほうが。	ゆっくり落ち着いてからの方が。	15	12
378	burandonoshinsakuhappyoukainokaerimichi。	ブランドの新作発表会の帰り道。	ブランドの新作発表会の帰り地。	ブランドの新作発表会のかえりみち。	15	14
379	amarishaberitagaranai。	あまりしゃべりたがらない。	あまりしゃべりがたらない。	あまり喋りたがらない。	13	11
380	hanashiwoshitakunaihitomoiruno。	話をしたくない人もいるの。	話をしたくない人もいるのか。	話をしたくない人もいるの。	13	12
381	higaishahafukakukizutsuiteru。	被害者は深く傷ついてる。	被害者は深く傷っている。	被害者は深く傷ついてる。	12	9
382	watashihiguchisan'nikirawaretamitaidesu。	わたし樋口さんに嫌われたみたいです。	私ひ口さんに切られた未来たいです。	私樋口さんに嫌われたみたいです。	18	10
383	dokushamoderutohaittemo。	読者モデルとはいっても。	読者モデルとはいっても。	読者モデルとは言っても。	12	12
384	chokusetsuhaitteitasoudesu。	直接入っていたそうです。	直接はいっていたそうです。	直接は言っていたそうです。	12	10
385	kakuseizaidetaihorekimoaru。	覚せい剤で逮捕歴もある。	各製罪で逮捕歴もある。	覚せい剤で逮捕れきもある。	12	8
386	teijidakarakaetteiiwa。	定時だから帰っていいわ。	定時だから帰って言いわ。	定時だから帰っていいわ。	12	11
387	mougo-ruden'ui-kudazo。	もうゴールデンウイークだぞ。	もうゴールデンウイークだぞ。	もうゴールがたにぶんるいされる。	14	14
388	keimushokaradashitahagakiyafuutouniha。	刑務所から出したはがきや封筒には。	刑務所から出しは輝き花風に派。	刑務所からだしたはがきやふうとうには。	17	11
389	jiken'nogaiyougamietekimashita。	事件の概要が見えてきました。	事件の概要が見えてきました。	事件のがいようが見えてきました。	14	14
390	korehiguchisankaramorattanda。	これ樋口さんからもらったんだ。	これひ口さんからもらったんだ。	これ樋口さんからもらったんだ。	15	14
391	mottoiroiromorattekoyou。	もっと色々もらってこよう。	もっといろいもらってこよう。	もっと色々もらってこよう。	13	10
392	tabundokokadeteashiwoshibarare。	たぶんどこかで手足を縛られ。	たぶんどこかで手足を絞られ。	多分どこかで手足を縛られ。	14	13
393	korehakizutsuketemokamawanaitoiu。	これは傷つけても構わないという。	これは傷をつけても構わないという。	これは傷つけても構わないと言う。	16	15
394	naifuwooshitsukerareteita。	ナイフを押し付けられていた。	ナイフを押しつけられていた。	ナイフを押し付けられていた。	14	13
395	hiratedenagurareterukarakizumoasai。	平手で殴られてるから傷も浅い。	ひら手で殴られてるから傷もあさい。	平手で殴られてるからきずもあさい。	15	11
396	mikamitohaonajichuugakunosenpaikouhaide。	三上とは同じ中学の先輩後輩で。	三上と同じく中学の先輩は位で。	三上とは同じ中学のせんぱいこうはいで。	15	11
397	mikaminohataraiteruba-niyobitsukerarete。	三上の働いてるバーに呼びつけられて。	三上の働いてるバーによってきられて。	みかみの働いてるバーンよびつけられて。	18	14
398	sukoshihanashigakikitaindesuga。	少し話が聞きたいんですが。	少し話が聞きたいんですが。	少し話が聞きたいんですが。	13	13
399	maachottosokodeochademonominagara。	まあちょっとそこでお茶でも飲みながら。	まあちょっとそこでお茶でも飲みながら。	まあちょっとそこでお茶でものみながら。	19	19
400	koppunitsuitadaekikara。	コップに付いた唾液から。	コップについただ駅から。	コップについただ液化ら。	12	9
401	hen'nakotoshabettendattara。	変なことしゃべってんだったら。	へんなことしゃべ点だったら。	変なこと喋ってんだったら。	15	10
402	han'nintomitemachigainaina。	犯人とみて間違いないな。	犯人と見て間違いないな。	犯人と見て間違いないな。	12	11
403	purinta-deshutsuryokushitamojidesu。	プリンターで出力した文字です。	プリンターで出力したモジです。	プリンターで出力したもじです。	15	13
404	purinta-nome-ka-gaonajidato。	プリンターのメーカーが同じだと。	プリンターのメーカーが同じだと。	プリンターのメーカーが同じだと。	16	16
405	jitaidehakubetsugatsukanai。	字体では区別がつかない。	時代では別がつかない。	自体では区別がつかない。	12	9
406	tsukatteitapurinta-kara。	使っていたプリンターから。	使っていたプリンターから。	会いたしだってひがいしゃなんですよ。	13	13
407	kanedamokounyuushiteimashita。	金田も購入していました。	カネダも購入していました。	兼田も購入していまあいきんちょうしてる。	12	9
408	yukarisan'nokazokukouseikarashusshinchi。	ゆかりさんの家族構成から出身地。	ゆかりさんの学校高家から出身。	ゆかりさんの家族構成から出身ち。	16	11
409	byouindekaiwashitakotozenbukaitearunda。	病院で会話したこと全部書いてあるんだ。	病院で回話したこと全部開けているだ。	病院で会話したこと全部書いてあるんだ。	19	14
410	onajiginkounikouzatsukucchaou。	同じ銀行に口座作っちゃおう。	同じ銀行に交座つくっちゃおう。	同じ銀行に交雑くっちゃおう。	14	11
411	han'nin'nokoetonioiwokakuninshitemorau。	犯人の声とにおいを確認してもらう。	犯人の声とに追加を確認してもらう。	犯人の声と匂いをかくにんしてもらう。	17	15
412	osowaretaradonaisurutsumorija。	襲われたらどないするつもりじゃ。	襲われたらどないするつもりじゃ。	襲われたらどナイスるつもりじゃ。	16	16
413	dattarahiguchisan'nitanomuwa。	だったら樋口さんに頼むわ。	だったらひ一さんに頼むのわ。	だったら樋口さんに頼むわ。	13	10
414	on'nanotekihayurushitakunaindesu。	女の敵は許したくないんです。	女の敵は許したくないんです。	女の敵は許したくないんです。	14	14
415	kanedahamainichikimattajikan'ni。	金田は毎日決まった時間に。	カネダは毎日決まった時間に。	兼田は毎日決まったじかんい。	13	10
416	keishichounokatagiritomoushimasuga。	警視庁の片桐と申しますが。	警視庁の片桐りと申しますが。	警視庁の片桐ともうしますが。	13	12
417	dakarazen'in'yatteyaroutoomotte。	だから全員やってやろうと思って。	だから全員やってやろうと思って。	だから全員やってやろうとおもって。	16	16
418	katakusousakunoreijoumotorimashita。	家宅捜索の令状も取りました。	かたく早作の異常も取りました。	家宅捜索の礼状もとりました。	14	7
419	konsousaingaokonatteimasu。	今捜査員が行っています。	今創サインが行っています。	こんそうサインが行っています。	12	8
420	kanarazushoukohadetekuruhazudesu。	必ず証拠は出てくるはずです。	必ず賞子は出てくるはずです。	必ず証拠はでてくるはずです。	14	12
421	anatahamoderunakamanosatousan。	あなたはモデル仲間の佐藤さん。	あなたはモデル仲間の佐藤さん。	貴方はモデル中真野さとうさん。	15	15
422	sokodeba-deshiriattasanjouni。	そこでバーで知り合った三上に。	そこでバーで知り合った参浄に。	そこでバーで知り合ったさんじょうに。	15	13
423	ippoutekinianataniaijouwomuketeita。	一方的にあなたに愛情を向けていた。	一方的にあなたに愛情を向けていた。	一方的にあなたに愛情をむけていた。	17	17
424	ushirokarakikengaotozurerutoha。	後ろから危険が訪れるとは。	後ろから危険が訪れるとは。	後ろから危険が訪れるとは。	13	13
425	anatahatameikiwotsuita。	あなたはため息をついた。	あなたはため息をついた。	あなたはため息をついた。	12	12
426	aitegamenomaeniiruuchiha。	相手が目の前にいるうちは。	相手が目の前にいるうちは。	相手が目の前にいるうちは。	13	13
427	nakanakashoukogaagaranakatta。	なかなか証拠が挙がらなかった。	なかなか少こうが現がなかった。	なかなか証拠が上がらなかった。	15	10
428	sanjougashindahaikoujounimo。	三上が死んだ廃工場にも。	参浄が震田は移常にも。	参上がしんだはいこうじょうにも。	12	4
429	kanedawokanshisurutamenine。	金田を監視するためにね。	カネダを感しするためにね。	兼田を監視するためにね。	12	7
430	naninimomitsukaranakatta。	何にも見つからなかった。	何にも見つからなかった。	何にも見つからなかった。	12	12
431	ikuradaijinashigotonotametohaie。	いくら大事な仕事のためとはいえ。	いくら大事な仕事のためとはいえ。	いくら大事な仕事のためとはいえ。	16	16
432	izureniseyokatakusousakusureba。	いずれにせよ家宅捜索すれば。	いずれにせよかく捜索すれば。	いずれにせよ家宅捜索すれば。	14	12
433	hokanimoshoukohadetekuruhazu。	ほかにも証拠は出てくるはず。	ほかにも少こは出てくるはず。	他にも証拠は出てくるはず。	14	12
434	zenbuzaikabuttekuretanoni。	全部罪かぶってくれたのに。	全部在かぶってくれたのに。	全部剤かぶってくれたのに。	13	12
435	fukkatsudekirutokodattanonina。	復活できるとこだったのにな。	復活できるとこだったのにな。	復活できるとこだったのにな。	14	14
436	yapparichokkanhatadashikattawa。	やっぱり直感は正しかったわ。	やっぱり直感はただしかったわ。	やっぱり直感は正しかったわ。	14	12
437	an'nanomotanaidesho。	あんなの持たないでしょ。	あんなのも他ないでしょ。	あんなの持たないでしょ。	12	10
438	hiretsunahanzaishanotekigawatashinano。	卑劣な犯罪者の敵がわたしなの。	比立つな犯罪者の手型私なの。	卑劣な犯罪者のてきがわたしなの。	15	7
439	keishichounikitemoraukara。	警視庁に来てもらうから。	警視庁に来てもらうから。	警視庁に来てもらうから。	12	12
440	masukomiippaikurundesho。	マスコミいっぱい来るんでしょ。	マスコミイっぱいくるんでしょ。	マスコミいっぱい来るんでしょ。	15	13
441	kiminiarehanekonchuuwomirumedayo。	君にあれはね昆虫を見る目だよ。	君にあれは根口中を見るだめよ。	君にあれはね昆虫をみるめだよ。	15	10
442	aruimikakkoyokattadesuyo。	ある意味カッコ良かったですよ。	ある意味カッコ良かったですよ。	ある意味かっこよかったですよ。	15	15
443	doujousurunaramoukonwokure。	同情するなら毛根をくれ。	同情するならも運句をくれ。	同情するならもうこんをくれ。	12	9
444	nanikakandukarerunjanaikatte。	何か感づかれるんじゃないかって。	何かかんづかれるんじゃないかって。	何か感づかれるんじゃないかって。	16	14
445	higuchiyukariwoneratterukoto。	樋口ゆかりを狙ってること。	日口ゆをりを狙ってること。	樋口ゆかりを狙ってること。	13	11
446	jibun'nokangaewozenbuhaiwanai。	自分の考えを全部は言わない。	自分の考えを全部はいわない。	自分の考えを全部は言わない。	14	13
447	hontouhashinjitsuniagetakattandayo。	本当は真実にあげたかったんだよ。	本当は信日に挙げたかったんだよ。	本当は真実にあげたかったんだよ。	16	13
448	yapparichantokangaeterundaanatamo。	やっぱりちゃんと考えてるんだあなたも。	やっぱりちゃんと考えてるんだあなたも。	やっぱりちゃんと考えてるんだあなたも。	19	19
449	api-rusuruneraimoaru。	アピールする狙いもある。	アピールする狙いもある。	アピールする狙いもある。	12	12
450	anatanoushironihawatashitachigairu。	あなたの後ろには私達がいる。	あなたのうシロには私たちがいる。	あなたの後ろには私たちがいる。	14	9
451	zen'indeforo-surukara。	全員でフォローするから。	全員でフォローするから。	全員でフ受け。	12	12
452	min'nanibouhantoiumonowo。	みんなに防犯というものを。	みんなに暴犯というものを。	みんなに防犯と言うものを。	13	12
453	shittemorautameniyattekimashita。	知ってもらうためにやって来ました。	知ってもらうためにやってきました。	知ってもらう為にやってきました。	17	16
454	zettainidoawoaketehaikemasen。	絶対にドアを開けてはいけません。	絶対に度あを開けてはいけません。	絶対にドアを開けてはいけません。	16	14
455	fusokunojitainotaishohoudesu。	不測の事態の対処法です。	不測の事態の他書歩です。	不足の事態の対処ほうです。	12	9
456	yappariatashimuridesu。	やっぱりあたし無理です。	やっぱりあたし無理です。	やっぱりあたし無理です。	12	12
457	shigotonitaisurushiseinomondai。	仕事に対する姿勢の問題。	仕事に対する姿勢の問題。	仕事に対する姿勢の問題。	12	12
458	iedesukinadakeneteinasai。	家で好きなだけ寝ていなさい。	家で好きなだけ寝てないさい。	家で好きなだけ寝ていなさい。	14	12
459	kimotosangataihen'nandesuyo。	木元さんが大変なんですよ。	基本さんが大変なんですよ。	木本さんが大変なんですよ。	13	11
460	kochirakararenrakusurumade。	こちらから連絡するまで。	こちらから連絡するまで。	こちらから連絡するまで。	12	12
461	makotonimoushiwakearimasenga。	誠に申し訳ありませんが。	誠に申し訳ありませんが。	誠に申し訳ありませんが。	12	12
462	denwawooukesurukotogadekimasen。	電話をお受けすることができません。	電話を押けすることができません。	電話をお受けすることができません。	17	15
463	iyaninattandeshou。	いやになったんでしょう。	嫌になったんでしょう。	嫌になったんでしょう。	12	10
464	shakaijintoshitearumajikikoui。	社会人としてあるまじき行為。	社会人としてあるマジコ機構。	社会人としてあるまじき行為。	14	9
465	puronojikakuganainingenha。	プロの自覚がない人間は。	プロの自覚がない人間は。	プロの自覚がない人間は。	12	12
466	tonikakumamirindakehazettaidame。	とにかく真美りんだけは絶対ダメ。	とにかくマミリンだけは絶対ダメ。	とにかくまみりんだけは絶対ダメ。	16	12
467	bukanojinseiwomoteasobu。	部下の人生をもてあそぶ。	部下の人生をもて遊ぶ。	部下の人生を弄ぶ。	12	10
468	arekittojinjibudesuyo。	あれきっと人事部ですよ。	アレキットトジビブですよ。	あれきっと人事部ですよ。	12	3
469	genzaigaishanomimotonowaridashichuudesu。	現在ガイシャの身元の割り出し中です。	現在害者の身元の割出中です。	現在が医者の身元のわりだしちゅうです。	18	12
470	tadanochinpiradoushinokenkada。	ただのチンピラ同士の喧嘩だ。	ただの珍地ラ同士のケンカだ。	ただのチンピラ童心けんかだ。	14	8
471	tsukawaretakenjuuhafiripinru-tode。	使われた拳銃はフィリピンルートで。	使われた研準はフィリニンプルートで。	使われた拳銃はフィリピンるーとで。	17	13
472	jikendehanaitoomoimasuga。	事件ではないと思いますが。	事件ではないと思いますが。	事件ではないと思いますが。	13	13
473	sorehakochiragakimemasunode。	それはこちらが決めますので。	それはこちらが決めてますので。	それはこちらが決めますので。	14	13
474	koreshu-kuri-mumottekimashita。	これシュークリーム持ってきました。	これシュークリーム持ってきました。	これシュークリーム持ってきました。	17	17
475	son'nanijikanhakakaranaitoomouwa。	そんなに時間はかからないと思うわ。	そんなに時間はかからないと思う。	そんなに時間はかからないと思うわ。	17	16
476	souiebakimotonoyatsutte。	そういえば木元のやつって。	そういえばきもとのやって。	そういえば木本のやつって。	13	9
477	tosainuyorikigatsuyoidesu。	土佐犬より気が強いです。	とサイヌよりキツが強いです。	土佐犬より気が強いです。	12	6
478	anokomoaikawarazudana。	あの子も相変わらずだな。	あのコモアイかわらずだな。	あの子も相変わらずだな。	12	7
479	shouryounoensosan'iongafukumareteita。	少量の塩素酸イオンが含まれていた。	少量のエンソサイオンが含まれていた。	少量の塩素さんイオンがふくまれていた。	17	13
480	sukuro-sutan'ningakenshutsusareta。	スクロースタンニンが検出された。	スクロースタン人が見出出された。	すくろーす担任がけんしゅつされた。	16	12
481	keikoujushigafuchakushitetakara。	蛍光樹脂が付着してたから。	蛍工受子が復着してから。	傾向じゅ滋賀ふちゃくしてたから。	13	8
482	kinoukararenrakutsukanakuttesa。	昨日から連絡つかなくってさ。	機能から連絡かったくなってさ。	昨日から連絡つかなくってさ。	14	8
483	jitakunidenwasasetemoraimashita。	自宅に電話させてもらいました。	自宅に電話させてもらいました。	自宅に電話させてもらいました。	15	15
484	kinshimachinopabudehataraiterundakedo。	錦糸町のパブで働いてるんだけど。	錦糸町のパブで働いてるんだけど。	禁止街のパブで働いてるんだけど。	16	16
485	konomamadatodenkimotomerareru。	このままだと電気も止められる。	このままだと電気も止められる。	このままだと電気求められる。	15	15
486	shushikawattoruyanaika。	趣旨変わっとるやないか。	主始カワットルやないか。	趣旨かわっとるやないか。	12	5
487	tadaimarusunishiteorimasu。	ただいま留守にしております。	ただいまルスにしております。	ただいま留守にしております。	14	12
488	konkaimomimotonowakarumonoha。	今回も身元の分かる物は。	今回も身元の分かる者は。	今回も身元のわかるものは。	12	11
489	higaishanojitenshanibutsukatta。	被害者の自転車にぶつかった。	被害者の事点車にぶった。	被害者の自転車にぶつかった。	14	10
490	onajimesse-jiwonokoshiteru。	同じメッセージを残してる。	同じメッセージを残してる。	同じメッセージを残してる。	13	13
491	kouiumesse-jiwonokoshitarihashinai。	こういうメッセージを残したりはしない。	こういうメッセージを残したりはしない。	こういうメッセージを残したりはしない。	19	19
492	kinitsurushiagetatokangaerareru。	木につるし上げたと考えられる。	気につく仕上げたと考えられる。	気に吊るし上げたと考えられる。	15	12
493	koreranokotokarahan'ninha。	これらのことから犯人は。	これらのことから半人は。	これらのことから犯人は。	12	11
494	hageshiisupo-tsuwoyatteite。	激しいスポーツをやっていて。	激しいスポーツをやっていて。	激しいスポーツをやっていて。	14	14
495	shakaiseikatsuhakichintokonashiteite。	社会生活はきちんとこなしていて。	社会生活はきちんとこなしていて。	社会生活はきちんとこなしていて。	16	16
496	madahankouhatsudukukanouseigatakai。	まだ犯行は続く可能性が高い。	まだ犯行は続く可能性が高い。	まだ反抗は続く可能性がたかい。	14	14
497	modotterunjanaikatoomotte。	戻ってるんじゃないかと思って。	戻ってるんじゃないかと思って。	戻ってるんじゃないかと思って。	15	15
498	aaiunonihaittarishite。	ああいうのに入ったりして。	ああいうのに入ったりして。	ああいうのに入ったりして。	13	13
499	hadenihashaideimashita。	派手にはしゃいでいました。	派でにはシャイでいました。	派手にはしゃいでいました。	13	9
500	hatteittamonogaarimasukedo。	貼っていったものがありますけど。	張っていったものがありますけど。	はって言ったものがありますけど。	16	15
501	menkyoshouhaho-muresukarameigiwokatta。	免許証はホームレスから名義を買った。	免許省はホームレスから目義をかった。	免許小破ホームレスから名義をかった。	18	15
502	nagurukerudekoroshitachixyuujiken'ya。	殴る蹴るで殺したちゅう事件や。	長くるけるで殺したチュージ件兼。	殴るけるで殺したちゅうじけにゃ。	15	7
503	toujiwadaininattajikendesu。	当時話題になった事件です。	当時話題になった事件です。	当時話題になった事件です。	13	13
504	nan'ninkadeyattandayona。	何人かでやったんだよな。	何人かでやったんだよな。	何人かでやったんだよな。	12	12
505	sorekararinchisatsujindekorosareta。	それからリンチ殺人で殺された。	それからリンチ殺人でこされた。	それからリンチ殺人でころされた。	15	14
506	mihariyakudattaotokogairundesu。	見張り役だった男がいるんです。	見張り役だった音がいるんです。	みは利益だった男がいるんです。	15	14
507	ge-musenta-deasondeita。	ゲームセンターで遊んでいた。	ゲームセンターで遊んでいた。	ゲームセンターで遊んでいた。	14	14
508	senta-uranitsuredashisuuhatsunagutta。	センター裏に連れ出し数発殴った。	センター裏に連れ出数は痛なぐった。	センター裏に連れ出し数はつなぐった。	16	11
509	haikyoderyouteashiwoshibattauedekankin。	廃墟で両手足を縛ったうえで監禁。	排居で両湯手を絞った上で宴勤勤。	廃墟で両手足をしばったうえでかんきん。	16	6
510	ichibuwointa-nettodenagashita。	一部をインターネットで流した。	一部をインターネットで流した。	一部をインターネットで流した。	15	15
511	sonogoegawasanhazenshindabokuniyoru。	その後江川さんは全身打撲による。	その声川さんは全身だよくによる。	その後江川さんは全身だぼくによる。	16	11
512	jisatsunimisekakeyoutoshitaga。	自殺に見せかけようとしたが。	自殺に見せかけようとしたが。	自殺に見せかけ用途したが。	14	14
513	konotokinokeisatsunotaiouni。	このときの警察の対応に。	このときの警察の対応に。	この時の警察の対応に。	12	12
514	fushizen'nataiyakonwomitsuketa。	不自然なタイヤ痕を見つけた。	不思全な他やコンを見つけた。	不自然なタイヤこんをみつけた。	14	8
515	nanimosezunimigoroshinishita。	何もせずに見殺しにした。	何もせずに見ごろしにした。	何もせずに見殺しにした。	12	10
516	atarashiime-rugakitemasu。	新しいメールが来てます。	新しいメールが来てます。	新しいメールが来てます。	12	12
517	kaigainosa-ba-karakeiyushiteimasu。	海外のサーバーから経由しています。	海外のサーバーから契由しています。	海外のサーバーから系油脂ています。	17	16
518	kimotonokeitainobichakudenhakarite。	木元の携帯の微着電波借りて。	基元の携帯の美近ではかりて。	木本の携帯伸びちゃくでんはかりて。	14	8
519	konkasoukengashirabeterudakedo。	今科捜研がしらべてるだけど。	今夏総権が調べてるだけど。	こんかそうけん頭べてるだけど。	14	9
520	rachisareteirunohakeishichounokeijidesu。	拉致されているのは警視庁の刑事です。	拉致されているのは警視庁の軽事です。	拉致されているのは警視庁のけいじです。	18	17
521	kocchinimawasuyounishita。	こっちに回すようにした。	こっちにまわすようにした。	こっちに回すようにした。	12	10
522	anobouhankyanpe-n'noyatsu。	あの防犯キャンペーンのやつ。	あの防犯キャンペーンのヤツ。	あの防犯キャンペーンおやつ。	14	12
523	kokumin'nozeikintsukattean'naasobishite。	国民の税金使ってあんな遊びして。	国民の税金使って案内すぼして。	国民の税金使ってあんああそびして。	16	11
524	omaeragayurusenaindayone。	お前らが許せないんだよね。	おまえらが許せないんだよね。	お前らが許せないんだよね。	13	11
525	eizoumirebawakarudesho。	映像見ればわかるでしょ。	映像見ればわかるでしょ。	映像見ればわかるでしょ。	12	12
526	shikikenhaoosawanishimashou。	指揮権は大沢にしましょう。	試験は大阪にしましょう。	指揮権は多さわにしましょう。	13	9
527	kiwametekiken'namaruhidesu。	きわめて危険なマル被です。	極めて危険な丸気です。	極めて危険あまるひです。	13	8
528	byouin'atokaratsuredasarete。	病院跡から連れ出されて。	病院跡から連れ出されて。	病院後から連れ出されて。	12	12
529	inta-nettonokakikomichekkuto。	インターネットの書き込みチェックと。	インターネットの書き込みチェックと。	インターネットの書き込みチェックと。	18	18
530	tokubetsuhanzaitaisakunoiwaidakedo。	特別犯罪対策の岩井だけど。	特別販売対策の岩ワイだけど。	特別犯罪たい桜乃いわいだけど。	13	9
531	shirabetehoshiikotogaarun'ya。	調べてほしいことがあるんや。	調べて欲しいことがあるんや。	調べてほしいことがあるんや。	14	13
532	nigeraresoudenigerarenai。	逃げられそうで逃げられない。	逃げられそうで逃げられない。	逃げられそうで逃げられない。	14	14
533	zetsuboudekimotonokiryokuganaerukoto。	絶望で木元の気力が萎える事。	絶望できもとの力が鳴えること。	絶望出来元の気力がなえること。	14	7
534	han'ninmosorewoneratteiru。	犯人もそれを狙っている。	犯人もそれを狙っている。	犯人もそれを狙っている。	12	12
535	tsuketetteittandakarahayakutsuketeyo。	付けてって言ったんだから早く付けてよ。	つけて言ってんだから速くてきてよ。	つけてって言ったんだから早くつけてよ。	19	12
536	koukanjoukenwomochidashizemenitenjiru。	交換条件を持ち出し攻めに転じる。	交換条件を持ち出し目に点じる。	交換条件を持ち出しぜ面てんじる。	16	13
537	dattaraikuranarayouidekiru。	だったらいくらなら用意出来る。	だったらいくらならようできる。	だったらいくらなら用意できる。	15	11
538	sutoresureberumosoutoutakai。	ストレスレベルも相当高い。	ストレスレベルも相当たいか。	ストレスレベルも相当高い。	13	11
539	fushizen'nanoizugazu-ttohaitteru。	不自然なノイズがずーっと入ってる。	不思然なのイズがズッッと入ってる。	不自然なノイズがずーっとはいってる。	17	12
540	kyouryokunadenjihaniyorueizounomidarene。	強力な電磁波による映像の乱れね。	協力な電池にはよる映像のみでね。	強力なでんじ範囲よるえいぞうのみだれね。	16	10
541	gakkoudemomondaijidattayoudesu。	学校でも問題児だったようです。	学校でも問題事だったようです。	学校でも問題児だったようです。	15	14
542	shougenwonan'ninmoshiteimasu。	証言を何人もしています。	正限を何人もしています。	証言を何人もしています。	12	10
543	tsuuwanokirokugurainokottoruyaro。	通話の記録ぐらい残っとるやろ。	通話の記録ぐらいのコットやロ。	通話の記録ぐらいのこっとるやろ。	15	10
544	keishichounonodachigatanonderutte。	警視庁の野立が頼んでるって。	警視庁ののだちが頼んでるって。	警視庁ののだちがたのんでるって。	14	11
545	minasandewaketekudasai。	みなさんで分けてください。	皆さんで分けてください。	皆さんで分けてください。	13	11
546	jikoshikinmofundan'nitsukatteru。	自己資金もふんだんに使ってる。	自己式金も弾んに使ってる。	自己資金もふんだんにつかってる。	15	11
547	kimotowosuisouniiretanomo。	木元を水槽に入れたのも。	気元を水装に入れたのも。	木本を水槽にいれたのも。	12	10
548	keisatsuwokarakattetanoshinderu。	警察をからかって楽しんでる。	警察をからかって楽しんでる。	警察をから買ってたの死んでる。	14	14
549	takakurayamajanaikatoiu。	高倉山じゃないかという。	高倉やじゃないかという。	たか倉山じゃないかという。	12	11
550	ichidohadekishimadesaserarekaketeru。	一度は溺死までさせられかけてる。	一度はできしまで刺せられかけてる。	一度は出来島でさせられかけてる。	16	12
551	bosugakonaitoomoshirokunaijan。	ボスが来ないと面白くないじゃん。	ボスが来ないと面白くないじゃん。	ボスが来ないと面白くないじゃん。	16	16
552	maatashikanison'nakanjidana。	まあ確かにそんな感じだな。	まあ確かにそんな感じだな。	まあ確かにそんな感じだな。	13	13
553	dokonidemomarugoshideikuwa。	どこにでも丸腰で行くわ。	どこにでも丸ごしでいくわ。	どこにでも丸腰でいくわ。	12	9
554	min'natsuiterusorewasurenaide。	みんな付いてるそれ忘れないで。	みんな付いてるそれわすれないで。	みんなついてるそれ忘れないで。	15	13
555	sutoresureberugaagatta。	ストレスレベルが上がった。	ストレスレベルが上がった。	ストレスレベルが上がった。	13	13
556	koregatoujinotsuuhounorokuonte-puya。	これが当時の通報の録音テープや。	これが当時の通報の黒音テープ。	これが当時の通報の録音てーぷや。	16	14
557	futsuunokotonikyoumiganakute。	普通のことに興味がなくて。	普通のことに興味がなくて。	普通のことに興味がなくて。	13	13
558	demootonaninattarakoseidesuyo。	でも大人になったら個性ですよ。	でも大人になったら個性ですよ。	でも大人になったら個性ですよ。	15	15
559	kasoukensoudouindekaisekishitemoratte。	科捜研総動員で解析してもらって。	仮想検想道人で回析してもらって。	科捜研総動員でかいせきしてもらって。	16	9
560	nakamanantezenzen'ateninaranaidarou。	仲間なんて全然当てにならないだろう。	仲間なんて全然当てにならないだろう。	仲間なんて全然当てにならないだろう。	18	18
561	son'nakotoyatteomoshiroinokayo。	そんなことやっておもしろいのかよ。	そんなことやって面白いのかよ。	そんなことやって面白いのかよ。	17	13
562	tomodachigarinchisareteirundesu。	友達がリンチされているんです。	友達が進ん指されているんです。	友達がリンチされているんです。	15	12
563	orehairoiroshirabetebenkyoushite。	俺は色々調べて勉強して。	オレはいろいろ調べて勉強して。	俺は色々調べて勉強して。	12	6
564	shounen'inkaradetekiyagatta。	少年院から出てきやがった。	少年インからできや曲がった。	少年院から出てきやがった。	13	8
565	maitoshiiwatteyagattanda。	毎年祝ってやがったんだ。	毎年祝いってやがったんだ。	毎年祝ってやがったんだ。	12	11
566	shougakkounodoukyuuseitajimashingodesu。	小学校の同級生田島しんごです。	小学校の同級生手町新吾です。	小学校の同級生田島しんごです。	15	10
567	karemokubokaraijimewouketeimasu。	彼も久保からいじめを受けています。	彼も僕からイメを受けています。	彼もくぼからいじめをうけています。	17	12
568	kimotosanga-rusukautoniitakara。	木元さんガールスカウトにいたから。	基本さんがールスカウトにいたから。	木本さんがーるスカウトにいたから。	17	14
569	aitsuakirametenakattan'ya。	あいつ諦めてなかったんや。	あいつき極めてなかったんや。	あいつ諦めてなかったんや。	13	11
570	nanimodekinaimamamenomaede。	何も出来ないまま目の前で。	何もできないままの前前で。	何もできないまま目の前で。	13	9
571	nakamagashindeikutsurasawoajiwattekure。	仲間が死んでいく辛さを味わってくれ。	仲間が死んでいくさらを味わってくれ。	仲間が死んでいくつらさをあじわってくれ。	18	16
572	hikyounanohaanatajanai。	卑怯なのはあなたじゃない。	非教なのはあなたじゃない。	卑怯なのはあなたじゃない。	13	11
573	sorehaimademokawaranai。	それは今でも変わらない。	それは今でも変わらない。	それは今でも変わらない。	12	12
574	orehanatsuyokunattandayo。	俺はな強くなったんだよ。	オレは夏よくなったんだよ。	俺はな強くなったんだよ。	12	8
575	korehafuroitonoiuhanpukukyouhaku。	これはフロイトの言う反復脅迫。	これはフロイトの言う繁興行は。	これはフロイトの言う反復きょうはく。	15	11
576	koukaisaretauedekorosareteiru。	公開された上で殺されている。	公開された上で殺されている。	公開された上で殺されている。	14	14
577	egawakuntoonajisetsujokuwoajiwattekure。	江川君と同じ雪辱を味わってくれ。	笑わくんと同じ接筋を味わってくれ。	江川くんと同じ雪辱をあじわってくれ。	16	10
578	jigensouchiwoosutokitamerattajan。	時限装置を押す時ためらったじゃん。	事現装地を襲すときためらったジャン。	次元装置をおすときためらったじゃん。	17	8
579	imanowatashihaanatatohachigau。	今の私はあなたとは違う。	今の私はあなたとは違う。	今の私はあなたとは違う。	12	12
580	aitsuratoonajikotoshitedousuru。	あいつらと同じことしてどうする。	あいつらと同じことしてどうする。	あいつらと同じことしてどうする。	16	16
581	antamobyouin'niikanakya。	あんたも病院に行かなきゃ。	あんたも病院にいかなきゃ。	あんたも病院に行かなきゃ。	13	12
582	anogekinokaerimichiikinari。	あの劇の帰り道いきなり。	あの劇の帰りみちいきなり。	あの劇の帰り道いきなり。	12	10
583	bukagahanzainimakikomaretemo。	部下が犯罪に巻き込まれても。	部価が犯罪に巻き込まれても。	部下が犯罪に巻き込まれても。	14	13
584	keisatsukan'norachikankin'noyougide。	警察官の拉致監禁の容疑で。	警察官のラチ近金の容疑で。	警察官の拉致監禁おようぎで。	13	9
585	sekkakubokunokubimomanukaretandashi。	せっかく僕のクビも免れたんだし。	せっかくぼく首にも向かれたんだし。	せっかく僕の首も免れたんだし。	16	10
586	kesahaasamadeitanonine-。	今朝は朝までいたのにねー。	毛さは朝までいたのにネー。	今朝は朝までいたのにねー。	13	10
587	sakkiseirishitaradetekita。	さっき整理したら出てきた。	さっきせいりしたら出てきた。	さっき整理したら出てきた。	13	10
588	owariinihaaitsugaheisukesanga。	終いにはあいつが平助さんが。	おわりには相手が閉須さんが。	終わりいには会い番いすけさんが。	14	6
589	soretomoheisukesangaaitsunanoka。	それとも平助さんがあいつなのか。	それともヘイスケさんがいつなのか。	それとも平助さんがあいつなのか。	16	11
590	nodachisanjikanhosanojogendene。	野立参事官補佐の助言でね。	の田達事事官母の助助でね。	のだちさん時間干さのじょげんでね。	13	6
591	nanitozoonbin'nitoittekiteru。	何とぞ穏便にと言ってきてる。	何とご存人にといってきてる。	何卒音便いといってきてる。	14	10
592	todomenoichigekiwoukerumade。	とどめの一撃を受けるまで。	届めの一撃激を受けるまで。	とどめの一撃をうけるまで。	13	10
593	tetsuaruihasuchiruseinomonodatoshika。	鉄あるいはスチル製のものだとしか。	手あるいはシチル製のものだとしか。	鉄歩いはスチルせいのものだとしか。	17	15
594	shimonhasubetefukitorareteita。	指紋は全てふき取られていた。	市門はすべて吹き取られていた。	しもんは全て吹きとられていた。	14	9
595	tewotsukeraretakeisekiganaitame。	手を付けられた形跡がないため。	手をつけられた形跡がないため。	手をつけられた形跡がないため。	15	14
596	purasusoutouatamanokirerujinbutsu。	プラス相当頭の切れる人物。	プラス総統歌の巻れる人物。	プラス相当頭のきれるじんぶつ。	13	9
597	kimototowatashihamazugenbani。	木元とわたしはまず現場に。	基本と私はます現場に。	木本と私はまずげんばに。	13	7
598	hankougaattatoomowareru。	犯行があったと思われる。	犯行があったと思われる。	反抗があったと思われる。	12	12
599	masukominihamienaikarakeisatsu。	マスコミには見えないから警察。	マスコミには見えないから警察。	マスコミには見えないから警察。	15	15
600	teiukakimitachinohanashikikasetekureyo。	ていうか君たちの話聞かせてくれよ。	ていうかキミ立ちの花慣しかせてくれよ。	ていうか君たちの話聞かせてくれよ。	17	11
601	min'nataimenbakkakinishiterukanjidesune。	みんな体面ばっか気にしてる感じですね。	みんな大弁かっかりにしてる感じですね。	みんな対面ばっかきにしてるかんじですね。	19	15
602	anokotachichantohanasanaidesho。	あの子たちちゃんと話さないでしょ。	あの子たちゃんと話さないでしょ。	あの子たちちゃんと話さないでしょ。	17	16
603	watashinimuitekurenaitokomaruno。	わたしに向いてくれないと困るの。	私に向いてくれないと困るの。	私に向いてくれないと困るの。	16	13
604	jukukankeishamomiteimasen。	塾関係者も見ていません。	熟関係者も見ていません。	塾関係者も見ていません。	12	11
605	deteittajinbutsumomadawakaran。	出ていった人物もまだ分からん。	出ていった人物もまだわからん。	出て行った人物もまだわからん。	15	14
606	demotabunkanojohanottekuru。	でもたぶん彼女は乗ってくる。	でも多文化彼女のは来てくる。	でも多分彼女は乗ってくる。	14	8
607	onjoutorikaiwomotteatari。	温情と理解をもって当たり。	音情取理を持ってあたり。	温情鳥飼をもってあたり。	13	8
608	sonoshinjouwokizutsukenaiyouni。	その心情を傷つけないように。	その真場を気づけないように。	その心情を傷つけないように。	14	10
609	jougitokonpasudeegakeru。	定規とコンパスで描ける。	上記とコンパスで描ける。	定規とコンパスでえがける。	12	10
610	nankasugokumoriagatteru。	なんかすごく盛り上がってる。	なんかすごく盛り上がってる。	なんかすごく盛り上がってる。	14	14
611	kyorigaarutomoriagarukedo。	距離があると盛り上がるけど。	距離があるともリ上がるけど。	距離があると盛り上がるけど。	14	12
612	demosatsugaisonomonohahiteishitemasu。	でも殺害そのものは否定してます。	でも殺害そのものは否定してます。	でも殺害そのものはひていしてます。	16	16
613	shitsukokusareterumasuokasenseini。	しつこくされてる増岡先生に。	失く越されてるますかお戦性に。	しつこくされてるます犯せんせいに。	14	4
614	urareterunogawakarimashita。	売られてるのが分かりました。	裏られてるのがわかりました。	売られてるのがわかりました。	14	12
615	watashimomotteruyokore。	わたしも持ってるよこれ。	私も持ってるよれこれ。	私も持ってるよこれ。	12	8
616	shoukoinmetsuwohakaroutosuruhan'ninha。	証拠隠滅を図ろうとする犯人は。	正コインツジは河とする犯人は。	証拠隠滅をはかろうとするはんいんは。	15	7
617	monowokangaerukotogadekiru。	ものを考えることができる。	物を考えることができる。	物を考えることができる。	13	11
618	soredeharawotatetattewakeka。	それで腹を立てたってわけか。	それで腹を立てたってわけか。	それで腹を立てたってわけか。	14	14
619	yattemoraenaikanatoomotte。	やってもらえないかなと思って。	やってもらえないかなと思って。	やってもらえないかなと思って。	15	15
620	kinchoujoutaiwomiyoutoshita。	緊張状態を見ようとした。	緊張状態を見ようとした。	緊張状態を見ようとした。	12	12
621	anatatachinoneraihasaishokara。	あなたたちの狙いは最初から。	あなたたちの狙いは最初から。	あなたたちの狙いは最初から。	14	14
622	jiichantachigayatterukara。	じいちゃんたちがやってるから。	地位ちゃん立ちがやってるから。	爺ちゃんたちがやってるから。	15	12
623	matawatashigautagawareteru。	またわたしが疑われてる。	また私が疑われてる。	また私が疑われてる。	12	9
624	kyouhairotoomoshiroihanashigaaruno。	今日は色と面白い話があるの。	今日は色と面白い話があるの。	今日は色と面白い話があるの。	14	14
625	jouon'nomineraruuotawonomutoha。	常温のミネラルウオタを飲むとは。	上温のみねらる歌を飲むとは。	常温のミネラルうおたをのむとは。	16	8
626	souyatteatatamerudakede。	そうやって温めるだけで。	そうやって温めるだけで。	そうやって温めるだけで。	12	12
627	aomukewoutsubusettesurudakedemo。	あおむけをうつぶせってするだけでも。	青向けをつうつ別してるだけでも。	仰向けをうつぶせってするだけでも。	18	10
628	watashisenseiwokoroshichatta。	わたし先生を殺しちゃった。	私自戦を心したちゃった。	私先生を殺しちゃった。	13	6
629	tokorogaomoimoyorazunanoka。	ところが思いも寄らずなのか。	ところが思いよもらずなのか。	ところが思いもよらずなのか。	14	12
630	anatahasaishokawaitakekkon'nouekara。	あなたは最初乾いた血痕の上から。	あなたは最初かわいた結婚の上から。	あなたは最初乾いた結婚おうえから。	16	12
631	saranisonouenimatasuguni。	さらにその上にまたすぐに。	さらにその上にまたすぐに。	さらにその上にまたすぐに。	13	13
632	hinikunimohyouhakuzaiwomaitakotode。	皮肉にも漂白剤をまいたことで。	日に国も表告は水を回ったことで。	皮肉にも漂白ざいをまいたことで。	15	6
633	masuokasenseinotokogawarareteta。	増岡先生のとこが割られてた。	増岡火線生のとこわられてた。	益岡先生のとこ瓦れてた。	14	10
634	nandekanattezuttokangaeteta。	何でかなってずっと考えてた。	なんでかなってずっと考えてた。	なんでかなってずっと考えてた。	14	12
635	masuokasenseigatsukiattetanoha。	増岡先生が付き合ってたのは。	増岡関戦が強き合ってたのは。	益岡先生が付き合ってたのは。	14	11
636	nanonidoushitereiseijanaindarouutte。	なのにどうして冷静じゃないんだろううって。	なのにどうして冷静じゃないんだろうって。	なのにどうして冷静じゃないんだろううって。	21	20
637	kiniittaranochidekounyuusurutteyatsu。	気に入ったら後で購入するってやつ。	気に入ったら後で購入するってやつ。	気に入ったらの地で購入するってやつ。	17	17
638	yukiwoasondeyattatoka。	由貴を遊んでやったとか。	雪を遊んでやったとか。	雪を遊んでやったとか。	12	10
639	dakaraomowazusoredakesuteteshimatta。	だから思わずそれだけ捨ててしまった。	だから思わずそれだけ捨ててしまった。	だから思わずそれだ消すててしまった。	18	18
640	sakkikaraitteruyone。	さっきから言ってるよね。	さっきから言ってるよね。	さっきから言ってるよね。	12	12
641	ninomiyasenseigaokonatteitatoiu。	二宮先生が行っていたという。	二宮予戦が行っていたという。	二宮先生が行っていたという。	14	12
642	dattaraninomiyasenseijan。	だったら二宮先生じゃん。	だったら二宮千生千ジャン。	だったら二宮先生じゃん。	12	7
643	souiunogakakutarushoukotteiuno。	そういうのが確たる証拠っていうの。	そういうのが堅くたる証っていうの。	そういうのが確たる証拠っていうの。	17	14
644	taisakushitsumoyokuyattajan。	対策室もよくやったじゃん。	対策しつもよくやったジャン。	対策しつもよくやったじゃん。	13	8
645	detekitanoninomiyasenseinorokkajanaiyo。	出てきたの二宮先生のロッカじゃないよ。	出てきたののみや千生のロッカじゃないよ。	出てきたの二宮先生乗ろっかじゃないよ。	19	15
646	watashimonooboewaruikaramachigattete。	わたし物覚え悪いから間違ってて。	私もの覚え悪いから間違ってて。	私物覚え悪いから間違ってて。	16	12
647	machigaeteanatanitsutaechatta。	間違えてあなたに伝えちゃった。	間違えてなあたに伝えちゃった。	間違えてあなたに伝えちゃった。	15	13
648	senseimitainikireininaritainatoomotte。	先生みたいに奇麗になりたいなと思って。	先生みたいにキレイになりたいなと思って。	先生みたいに綺麗になりたいなと思って。	19	16
649	kireininarerukanatoomotte。	奇麗になれるかなと思って。	キレイになれるかなと思って。	綺麗になれるかなと思って。	13	10
650	jaaanoporigurafumo。	じゃああのポリグラフも。	じゃああのポリグラフも。	じゃああのぽりグラフも。	12	12
651	hokanimoasondaon'nanokotomo。	ほかにも遊んだ女のことも。	ほかにも遊んだ女の子とも。	他にも遊んだ女の子とも。	13	12
652	kondokeimushokaradetekurutokiha。	今度刑務所から出てくるときは。	今度刑務所から出てくるときは。	今度刑務所からでてくるときは。	15	15
653	demoomaenikitahanashidakara。	でもお前に来た話だから。	でもお前に来た話だから。	でも会いしだから。	12	12
654	masukomimukenokoukokutoujaarimasenkara。	マスコミ向けの広告塔じゃありませんから。	マスコミ向けの広告とうじゃありませんから。	マスコミ向けの広告塔じゃありませんから。	20	18
655	omaedattekichintome-kushitekeba。	お前だってきちんとメークしてけば。	お前だってきちんとメークしてケバ。	お前だってきちんとメークしてけば。	17	15
656	rirakkusushitetanoshindeittekudasai。	リラックスして楽しんでいってください。	リラックスして楽しんでいって下さい。	リラックスして楽しんでいってください。	19	17
657	soredehayoroshikuonegaishimasu。	それではよろしくお願いします。	それではよろしくお願いします。	それではよろしくお願いします。	15	15
658	saranihajoseihatsunoshitsuchouto。	さらには女性初の室長と。	さらには女性は楽しゅ夏と。	さらには女性初の室長と。	12	7
659	orekouiunonigatenandakedone。	俺こういうの苦手なんだけどね。	オレコウイウの苦手なんだけどね。	俺こういうの苦手なんだけどね。	15	9
660	kichintodekiteimasunode。	きちんとできていますので。	きちんとできていますので。	きちんと出来ていますので。	13	13
661	kattabakarinoikumouzainandesukedo。	買ったばかりの育毛剤なんですけど。	かったばかりのいくもう剤なんですけど。	買ったばかりのいくもう座員んですけど。	17	12
662	kyouhaanokowaion'nagainai。	今日はあの怖い女がいない。	今日はあのコワイオン長いない。	今日はあの怖い女がいない。	13	7
663	jikenkaiketsuhetotsunagatterundesune。	事件解決へとつながってるんですね。	事件回決へと繋がってるんですね。	事件解決へと繋がってるんですね。	17	14
664	puraibe-tohafutsuunoon'nadesukara。	プライベートは普通の女ですから。	プライベートは普通の女ですから。	プライベートは普通の女ですから。	16	16
665	nitayounamon'nandesune。	似たようなもんなんですね。	似たようなもんなんですね。	似たようなもんなんですね。	13	13
666	konoshigotodehayokuarukotonandesu。	この仕事ではよくあることなんです。	この仕事ではよくあることなんです。	この仕事ではよくあることなんです。	17	17
667	saikin'noshainhasugubibicchatte。	最近の社員はすぐびびっちゃって。	最近の社員はすぐびびっちゃって。	最近の社員はすぐびびっちゃって。	16	16
668	osorakutairyounoaruko-rude。	おそらく大量のアルコールで。	おそらく大量のあるコールで。	おそらく大量のアルコールで。	14	12
669	gokuhishashinwosuppanuitekita。	極秘写真をすっぱ抜いてきた。	極皮写真をスッパウンテイた。	極秘写真をすっぱぬいてきた。	14	6
670	torikumushiseinikawarihanai。	取り組む姿勢に変わりはない。	取り組む姿勢に変わりはない。	取り組むしセインかわりはない。	14	14
671	ikemenmoorunokashira。	イケメンもおるのかしら。	イケメンもオルのかしら。	イケメンもおるのかしら。	12	10
672	mattakufushizen'natenganai。	まったく不自然な点がない。	まったく不自然な店がない。	全く不自然な点眼い。	13	12
673	hontouninuganakuteiikara。	本当に脱がなくていいから。	本当に苦がなくていいから。	本当にぬがなくていいから。	13	12
674	kokodeosakewonondeitemo。	ここでお酒を飲んでいても。	ここでお酒を飲んでいても。	ここでお酒を飲んでいても。	13	13
675	mashitearuko-runiyotte。	ましてアルコールに酔って。	ましてあるコールによって。	増してアルコールによって。	13	10
676	ishikigakontontoshiterujoukyouyo。	意識が混沌としてる状況よ。	意識がコントンとしてる状況。	意識がコントんとしてるじょうきょうよ。	13	8
677	sonomasakawotsuikyuusurunoga。	そのまさかを追及するのが。	そのまさかを追求するのが。	そのまさかを追求するのが。	13	12
678	nanikaottayounakigasurukedona。	何かおったような気がするけどな。	何か起用なきな気がするけどな。	何かおったような気がするけどな。	16	11
679	puraibe-tochuunooikakeruno。	プライベート中の追い掛けるの。	プライベート中の追いかけるの。	プライベート中の追いかけるの。	15	14
680	jiken'nikanshitenozokuhoudesu。	事件に関しての続報です。	事件に関しての続報です。	事件に関しての続報です。	12	12
681	dekiruwakenaijanai。	できるわけないじゃない。	できるわけないじゃない。	できるわけないじゃない。	12	12
682	terebihatsuitetamitaidesukedo。	テレビはついてたみたいですけど。	テレビはついてたみたいですけど。	テレビは付いてたみたいですけど。	16	16
683	jikenshinsoukaimeiwonegatteimasu。	事件真相解明を願っています。	事件新総界名を転がっています。	事件死んそうかいめいをねがっています。	14	8
684	sorekarahakuitsunagutameni。	それからは食いつなぐために。	それから吐屈つなぐために。	それからは食い繋ぐために。	14	11
685	kon'nanoichiichikinishitetara。	こんなのいちいち気にしてたら。	こんなの一一地気にしてたら。	こんなのいちいち気にしてたら。	15	11
686	oushuushitapojifirumutosatsueibiwo。	押収したポジフィルムと撮影日を。	欧州したポディフルム撮影に美。	欧州したポジふぃるむとさつえいびを。	16	8
687	kameramantoshitekatsudoushiteita。	カメラマンとして活動していた。	カメラマンとして活動していた。	カメラマンとして活動していた。	15	15
688	byoukinikakarishigotowoyasundeitaka。	病気にかかり仕事を休んでいたか。	病気にかかり仕事を休んでいたか。	病気にかかり仕事を休んでいたか。	16	16
689	guuzen'iawasetahoudoukankeishaga。	偶然居合わせた報道関係者が。	偶然言わせた方法な関係者が。	偶然居合わせたほうどうかんけいしゃが。	14	9
690	anojikoshiwoshirabeterundesuyone。	あの事故死を調べてるんですよね。	あの事故を調べてるんですよね。	あの事故死を調べてるんですよね。	16	15
691	jikoshidekatadukeraretamonowo。	事故死で片付けられたものを。	自己しで片づけられたものを。	事故死で片付けられたものを。	14	10
692	demosaisousashiteyokattadesuyo。	でも再捜査してよかったですよ。	でも採装さしてよかったですよ。	でも再送さしてよかったですよ。	15	12
693	kichoumendekanpekishugisha。	きちょうめんで完ぺき主義者。	機長面で完璧秘守者。	几帳面で完璧しゅぎしゃ。	14	4
694	tsumarijissainojikengenbani。	つまり実際の事件現場に。	つまり実際の事件現場に。	つまり実際の時権限ばに。	12	12
695	nanikaattarasugurenrakukudasai。	何かあったらすぐ連絡下さい。	何かあったらすぐ連絡ください。	何かあったらすぐ連絡ください。	14	12
696	pattomiteiion'natteomowarenaito。	ぱっと見ていい女って思われないと。	パッと見ていい女って思われないと。	パッと見ていい女っておもわれないと。	17	15
697	ichiichikanjouninagasaretetara。	いちいち感情に流されてたら。	一井感上になさがされたら。	いちいち感情に流されてたら。	14	5
698	koreanatanoyomidoori。	これあなたの読みどおり。	これあなたの読み通り。	これあなたの読みどおり。	12	10
699	tsumenosakihamenganamerakanano。	爪の先は面が滑らかなの。	爪の先は面が滑らなかなの。	爪の先は麺がなめらかなの。	12	11
700	kouiusasakurehananikanisawatteiruto。	こういうささくれは何かに触っていると。	こういうさされは何かに触っていると。	こういうささくれは何かにさわっていると。	19	18
701	daisanshanoteniyottekirareta。	第三者の手によって切られた。	第三者の手によって切られた。	第三者の手に寄ってきられた。	14	14
702	konootokohitotsukihodomaekara。	この男ひと月ほど前から。	この男一つきほど前から。	この男ひと月ほどまえから。	12	9
703	tadashokugyoujounosettenhanai。	ただ職業上の接点はない。	ただ食業上の接点はない。	ただ職業城野せってんはない。	12	11
704	suto-ka-satsujin'nogenbaniitadirekuta-。	ストーカー殺人の現場にいたディレクター。	ストーカー殺人の現場に痛いってレイクター。	ストーカー殺人の原盤いたぢれくたー。	20	15
705	soshitetakaminehitominosettenga。	そして高峰仁美の接点が。	そして高嶺人の見接点が。	そしてた紙ねひとみのせってんが。	12	8
706	kokonikurumadenimayocchatta。	ここに来るまでに迷っちゃった。	ここに車までに迷っちゃった。	ここに来るまでに迷っちゃった。	15	13
707	watashihajibun'nomedemite。	わたしは自分の目で見て。	私は自分の目で見て。	私は自分の目で見て。	12	9
708	jibun'nomedemitetashikametaino。	自分の目で見て確かめたいの。	自分の目で見てたしかめたいの。	自分の目で見て確かめたいの。	14	12
709	tamatamachikakudeshuzaishitetakara。	たまたま近くで取材してたから。	球たまで区くで取材してからか。	たまたま近くで取材してたから。	15	9
710	sorosorojikandakaramata。	そろそろ時間だからまた。	そろそろ時間だからまた。	そろそろ時間だからまた。	12	12
711	kochirakosogomen'nasai。	こちらこそごめんなさい。	こちらこそごめんなさい。	こちらこそごめんなさい。	12	12
712	suku-pueizouwokaisekishitamonoyo。	スクープ映像を解析したものよ。	スクープ映像を解析したものよ。	スクープ映像を解析したものよ。	15	15
713	unkoushiteitafunenoenjin'on。	運航していた船のエンジン音。	運行していた船のエンジン音。	運行していた不燃えんじのん。	14	13
714	hamononoyounamonodekubiwosasare。	刃物のようなもので首を刺され。	刃物のようなもので首を刺され。	刃物のようなもので首をさされ。	15	15
715	yasudaniyowamiwonigirareteite。	安田に弱みを握られていて。	安田に弱を見にぎられていて。	安田に弱みをにぎられていて。	13	9
716	takaminehitomigaookurishimashita。	高峰仁美がお送りしました。	高嶺氏とが大暮りしました。	高峰人研おおくりしました。	13	8
717	shiinhagenzaiwakatteorimasen。	死因は現在分かっておりません。	死因は現在わかっておりません。	死因は現在わかっておりません。	15	14
718	tondemonaifushoujidazo。	とんでもない不祥事だぞ。	とんでもない不祥事だぞ。	とんでもない不祥事だぞ。	12	12
719	kiminisekinintottemorawanaitona。	君に責任取ってもらわないとな。	君に責任とってもらわないとな。	君に責任とってもらわないとな。	15	14
720	nakunattadanseitougouhidenorisanha。	亡くなった男性東郷英憲さんは。	亡くなった男性統合費での理産は。	なくなった男性統合ひでのりさんは。	15	8
721	hakkengosugunitasukenihaittakanoyouni。	発見後すぐに助けに入ったかのように。	発見後すぐに助けに入ったかのように。	発券後すぐにたすけにはいったかのように。	18	18
722	eizouwoichibukiritorihenshuushimashita。	映像を一部切り取り編集しました。	映像を一部キリとり編集しました。	映像を一部切り取りへんしゅうしました。	16	13
723	shikashinetsuzousuku-punoeizouwo。	しかし捏造スクープの映像を。	しかし熱造スクープの映像を。	しかし捏造スクープのえいぞうを。	14	13
724	kapuseruwofukuyoushiteshinda。	カプセルを服用して死んだ。	カプセルを含用して死んだ。	カプセルを服用してしんだ。	13	12
725	takaminenikapuserunomasunohamuriyana。	高峰にカプセル飲ますのは無理やな。	高嶺にカプセルのマスはのは無りな。	高峰にカプセルのますのはむりやな。	17	10
726	tattaimakarakonoyamaha。	たった今からこのヤマは。	たった今からこの山は。	たった今からこの山は。	12	10
727	uenoketsurongaderumadeomaetachiha。	上の結論が出るまでお前たちは。	上の結論が出るまで終えたちは。	上の結論が出るまでお前たちは。	15	13
728	kokodeotonashikumattero。	ここでおとなしく待ってろ。	ここで大人しくまってロ。	ここで大人しく待ってろ。	13	8
729	oredattetsuraindakarasa。	俺だってつらいんだからさ。	オレだってつらいんだからさ。	俺だってつらいんだからさ。	13	11
730	torishirabechuunihitogashinderundarou。	取り調べ中に人が死んでるんだろう。	鳥調べ注に人が死んでるんだろう。	取り調べ中に人が死んでるんだろう。	17	14
731	sousanikimatterujanai。	捜査に決まってるじゃない。	捜査に決まってるじゃない。	操作に決まってるじゃない。	13	13
732	sousatantoukarahazusaretandesuttene。	捜査担当から外されたんですってね。	捜査担当からはずされたんですってね。	操作担当からはずされたんですってね。	17	15
733	taihen'namondaiwookoshitandakara。	大変な問題を起こしたんだから。	大変な問題を起こしたんだから。	大変な問題を起こしたんだから。	15	15
734	kon'namonmoracchattenexe。	こんなもんもらっちゃってねぇ。	こんなもんもらっちゃってねぇ。	こんなもんもらっちゃってねぇ。	15	15
735	sousawozokkousasetehoshiittesa。	捜査を続行させてほしいってさ。	捜査を続強させてほしいってさ。	操作を続行させてほしいってさ。	15	14
736	oosawaerikohakubidakedona。	大沢絵里子は首だけどな。	大阪エリコは首だけどな。	大澤えりこはくびだけどな。	12	8
737	aribainouratottekimashita。	アリバイの裏取ってきました。	アリバイウのラとってきました。	アリバイの裏撮ってきました。	14	11
738	sokokarawakattashinjijitsugaikutsuka。	そこから分かった新事実が幾つか。	そこからわかった信事実がいくつか。	そこからわかった信じじつがいくつか。	16	12
739	mazutougounotainaikaradetekita。	まず東郷の体内から出てきた。	まず統合の体内から出てきた。	まずとうごうの体内からでてきた。	14	12
740	namahousoumaedeisogashiindakedo。	生放送前で忙しいんだけど。	生放送前で忙しいだけど。	生放送前で忙しいんだけど。	13	12
741	anataniichibansaishonitsutaeyoutoomotte。	あなたに一番最初に伝えようと思って。	あなたに一番最初に伝えるよと思って。	あなたに一番最初に伝えようと思って。	18	16
742	tougounokaradakaraseisankarito。	東郷の体から青酸カリと。	統合の体から*賛からキト。	統合の体からせいさんかりと。	12	4
743	sonohianatagatougouniseisankariwo。	その日あなたが東郷に青酸カリを。	その日あなたが統合に精産かりを。	その日あなたが統合にせいさんかりを。	16	10
744	konoseibunhanitoroseruro-sujushi。	この成分はニトロセルロース樹脂。	この西分はにトロセルロース受手。	この成分はニトロせるろーすじゅし。	16	12
745	mazuseisankariirinokapuseruwo。	まず青酸カリ入りのカプセルを。	まず精算かり入りのカスセルを。	まず生産かりいりのかぷせるを。	15	10
746	manikyuanokuriako-todeko-tingusuru。	マニキュアのクリアコートでコーティングする。	マニピュアのクリアコートデコーティングする。	マニキュアのクリアこーとでこーちんぐする。	22	20
747	koredetokedasujikanwochouseidekiru。	これで溶けだす時間を調整できる。	これで届け出す時間を調整できる。	これでとけだ筋かんをちょうせいできる。	16	14
748	ensanroperamidotoisshoniireru。	塩酸ロペラミドと一緒に入れる。	エンサンポレラミと一緒に入れる。	塩酸ろぺらみどといっしょにいれる。	15	8
749	korewofukuyousurutoensanroperamidode。	これを服用すると塩酸ロペラミドで。	これを含用するとエンサロンペラミで度。	これを服要するとえんさんろぺらみどで。	17	10
750	dokuirikapuserugatokedashi。	毒入りカプセルが溶けだし。	毒入りカテレスがとけだし。	毒入りカプセルがとけだし。	13	9
751	kapuseruzaiwonomanakerebaikenaikotowo。	カプセル剤を飲まなければいけないことを。	カプセル剤をのまなければいけないことを。	カプセル剤をのまなければいけないことを。	20	19
752	tainaininokottaseibunwokeisansuruto。	体内に残った成分を計算すると。	たい何の残った製分を計算すると。	体内に残った成分をけいさんすると。	15	10
753	tougougakapuseruwofukuyoushitanoha。	東郷がカプセルを服用したのは。	統合がカプセルを含用したのは。	統合がカプセルをふくようしたのは。	15	12
754	sorekarayasudanoofurojoude。	それから安田のお風呂場で。	それから安打のお風呂で。	それから安田のお風呂じょうで。	13	11
755	kichoumendekanpekishugi。	きちょうめんで完ぺき主義。	機長面で完璧指義。	几帳面で完璧しゅぎ。	13	4
756	yuushuunaja-narisutodatta。	優秀なジャーナリストだった。	優秀なジャーナリストだった。	優秀なジャーナリストだった。	14	14
757	watashigaookikunaranaitoikenai。	わたしが大きくならないといけない。	私が大きくならないといけない。	私が大きくならないといけない。	17	14
758	tatoedon'nanichiisanakoedemo。	たとえどんなに小さな声でも。	例えどんなに小さな声でも。	たとえどんなに小さなこえでも。	14	12
759	namahousouchuunijihakusurunante。	生放送中に自白するなんて。	生放送中に自爆するなんて。	生放送中に自白するなんて。	13	12
760	saikinzangyousuruyouninattarashiine。	最近残業するようになったらしいね。	最近残業するようになったらしいね。	最近残業するようになったらしいね。	17	17
761	souiebakinounonodachikainimokonakatta。	そういえば昨日の野立会にも来なかった。	そういえば機能ののだっかいにもなかった。	そういえば昨日ののだち買いにもこなかった。	19	11
762	ikemengatsudouigyoushukouryuukaida。	イケメンが集う異業種交流会だ。	イケメンガツ大業給料介会だ。	イケメンがつどう異業種こうりゅうかいだ。	15	8
763	katagirigakonaitosenryokuninaran。	片桐が来ないと戦力にならん。	肩桐りがこないと戦力にならん。	片桐が来ないとせんりょくにならん。	14	11
764	maason'nakarikarisuruna。	まあそんなかりかりするな。	まあそんなかり借りするな。	まあそんな借りカリスるな。	13	12
765	matanodachikainikonakunaru。	また野立会に来なくなる。	またのだち買いに来なくなる。	またのだ近いに来なくなる。	12	7
766	tonikakukoegauragaecchattakedo。	とにかく声が裏返っちゃったけど。	とにかく声が裏がっちったっけたけど。	とにかく声が浦賀えっちゃったけど会いさつしたちょくごころされてる。	16	12
767	yamamu-niwiggukabusete。	ヤマムーにウィッグかぶせて。	ヤマムーニィッグカバステ。	山むーにウィッグかぶせて。	14	8
768	ryuusenkaikanbutanimototoiuotoko。	竜千会幹部谷本という男。	留先会館物にもとという男。	龍泉快感ぶたにもとというおとこ。	12	5
769	satsujinwookoshiteruhittoman'ya。	殺人を起こしてるヒットマンや。	殺人を起こしてるヒットマンや。	殺人を起こしてるヒットまにゃ。	15	15
770	konkaitairitsusurusoshikinokanbuwo。	今回対立する組織の幹部を。	今回対立する組織の幹部を。	今回対立するそしきのかんぶを。	13	13
771	soreniokuraretekitakononingyou。	それに送られてきたこの人形。	それに送られてきたこの人業。	それに送られてきたこの人形。	14	13
772	onodahantokyouryokushitesousawosuru。	小野田班と協力して捜査をする。	小野弾と都協力して捜査をする。	小野田はんと協力してそうさをする。	15	12
773	shojishiterukotonihakawarihanai。	所持してることには変わりはない。	所持してることには変わりはない。	所持してることには変わりはない。	16	16
774	saikinraifurudanwokounyuushitahitoha。	最近ライフル弾を購入した人は。	最近ライフルダンを購入した人は。	最近ライフルだんをこうにゅうしたひとは。	15	13
775	madashigotochuunandakedone。	まだ仕事中なんだけどね。	まだ仕事中なんだけどね。	まだ仕事中なんだけどね。	12	12
776	kanojohatobikkirinobijindakara。	彼女は飛びっ切りの美人だから。	彼女は飛びっきりの美人だから。	彼女は飛びっきりんびじんだから。	15	14
777	kodutsumiwohaitatsushitagyoushakaramo。	小包を配達した業者からも。	小津三を履いたつが愉者からも。	小包を配達したぎょうしゃからも。	13	5
778	juudankaratsukawaretaraifuruha。	銃弾から使われたライフルは。	柔段から使われたライフルは。	縦断から使われたらいふるは。	14	12
779	osorakushuryouyounoremintonwo。	おそらく狩猟用のレミントンを。	おそらく主療用のレミントンを。	おそらく狩猟用のレミんとんを。	15	13
780	sukeju-rumiteokukara。	スケジュール見ておくから。	スケジュール見ておくから。	スケジュール見ておくから。	13	13
781	konohitonanimowakattenai。	この人何も分かってない。	この人何も買ってない。	この人何もわかってない。	12	10
782	kononingyouhaosorakukorekara。	この人形はおそらくこれから。	この人業はおそらくこれから。	この人形はおそらくこれから。	14	13
783	korehabuchoukurasushikamirenaindakedo。	これは部長クラスしか見れないんだけど。	これは部長クラスしかみれないんだけど。	これは部長クラスしかみれないんだけど。	19	18
784	yobidasunayokon'natokoroni。	呼び出すなよこんな所に。	呼び出すなよこんなところに。	呼び出すなよこんなところに。	12	9
785	keishichoukanbuganakawarukattanda。	警視庁幹部が仲悪かったんだ。	警視庁幹部が生かるかったんだ。	警視庁かん舞歌なかわるかったんだ。	14	11
786	dokujinisousawosusumeteitanda。	独自に捜査を進めていたんだ。	独自に捜査を進めていたんだ。	独自に操作を進めていたんだ。	14	14
787	tsuujounosousanaraarienai。	通常の捜査ならあり得ない。	通常の捜査ならあり得ない。	通常の操作ならありえない。	13	13
788	tanimotogaonajikakkouwosasete。	谷本が同じ格好をさせて。	他に元が同じ拡束をさせて。	谷本が同じ格好をさせて。	12	7
789	keisatsunodoukoumirutamenina。	警察の動向見るためにな。	警察の同校見るためにな。	警察の動向みるためにな。	12	10
790	kyuukyuushadehakobaretagamamonaku。	救急車で運ばれたが間もなく。	休級者ではこばれたがまもなく。	救急車で運ばれたが間もなく。	14	8
791	ippoukatagirihashimon'iinkaini。	一方片桐は諮問委員会に。	一方上りきはしも委員会会に。	一方片桐はしもにいんかいに会いい。	12	6
792	nakamawokorosunohayameruyo。	仲間を殺すのはやめるよ。	仲間をころすのはやめるよ。	仲間を殺すのは辞めるよ。	12	10
793	shinunowomitodokerundana。	死ぬのを見届けるんだな。	死ぬを飲みとどけるんだな。	しぬのをみとどけるん会いんしかめらのえいぞうあつめてきて。	12	7
794	asokodehappousurunohayamuwoenaishochi。	あそこで発砲するのはやむを得ない処置。	あそこで発砲するのは役をえない著。	あそこで発砲するのはやむをえないしょち。	19	14
795	zuttoseotteikushikanai。	ずっと背負っていくしかない。	ずっと焦っていくしかない。	ずっと背負って行くしかない。	14	12
796	reinokeijisangautaretatteiuno。	例の刑事さんが撃たれたっていうの。	例の掲示さんが打たれていたの。	例の刑事さんが歌れたっていうの。	17	11
797	keibishinakuchaikenakute。	警備しなくちゃいけなくて。	警備しなくちゃいけなくて。	警備しなくちゃいけなくて。	13	13
798	ta-gettohasonoayamaijiken'nikanrenshita。	ターゲットはその誤射事件に関連した。	ターゲットはその甘い事件に関連した。	ターゲットはそのあ山井じけんいかんれんした。	18	16
799	koredematadarekagakorosareru。	これでまた誰かが殺される。	これでまた誰からが殺される。	これでまた誰かが殺される。	13	12
800	kankeishiterukanouseimofukume。	関係してる可能性も含め。	関係してる可能性も含め。	関係してる可能性も含め。	12	12
801	konoshigotojitaiwasuretonchaukana。	この仕事自体忘れとんちゃうかな。	この仕事自体話すれと真価なか。	この仕事自体忘れ東家うかな。	16	9
802	ayamatteutaretamutousanga。	誤って撃たれた武藤さんが。	誤って売れた人倒さん。	謝って歌れたむとうさんが。	13	8
803	sorenitoujijoseikeijibakariwoatsumete。	それに当時女性刑事ばかりを集めて。	それに当次女性系ばかりを集めて。	それに当時女性刑事ばかりをあつめて。	17	14
804	raibarunonodachigachuumokusareteita。	ライバルの野立が注目されていた。	ライバルののだちが注目されていた。	ライバルののだ千賀ちゅうもくされていた。	16	13
805	soshikihanzaiwotoukatsusuruchoutoshite。	組織犯罪を統括する長として。	組織犯罪を倒かする兆都として。	組織犯罪をとうかつするちょうとして。	14	10
806	sutandowobunkatsushitekeibiwookonau。	スタンドを分割して警備を行う。	スタンドを分確して背壁を行う。	スタンドを分割してけいびをおこなう。	15	12
807	hontounokuromakuhakoitsunanoyo。	本当の黒幕はこいつなのよ。	本当の黒々はいつなのよ。	本当の黒幕はこいつなのよ。	13	11
808	oogesanifuttobiyagatteomae。	大げさに吹っ飛びやがってお前。	大げさにふっとビヤが見えた。	大げさに吹っ飛びやがっておまえ。	15	7
809	betsuniiijanaissuka。	別にいいじゃないっすか。	別にいいじゃないっすか。	別にいいじゃないっすか。	12	12
810	mounaiteiiminaikara。	もう泣いていい見ないから。	もうないていいないから。	もう泣いていい見ないから。	13	11
811	oretachisaikyoutsu-toppuda。	俺たち最強ツートップだ。	オレたち最強ツートップだ。	俺たち最強つーとっぷだ。	12	10
812	soudansuruon'nanankaimasen。	相談する女なんかいません。	相談する女内かないかせません。	相談する女なんかいません。	13	9
813	dousematamasukomimukenioshitsukerareta。	どうせまたマスコミ向けに押し付けられた。	どうせまたスコミ向けに押し付けられた。	どうせまたますこ美夢けにおしつけられた。	20	19
814	kakusenmonkikantonorenkeigahitsuyounano。	各専門機関との連携が必要なの。	各専門機関との連携が必要なの。	各専門期間とのれんけいがひつようなの。	15	15
815	konokaihajidougyakutainoboushiya。	この会は児童虐待の防止や。	この回は自動虐待の防止屋。	この絵は自動ぎゃくたいのぼうしや。	13	9
816	bokugamadakoubankinmujidaini。	僕がまだ交番勤務時代に。	僕がまだ公判勤務自台に。	僕がまだ交番勤務じだいに。	12	8
817	onodahanhasudeniugoiteiru。	小野田班はすでに動いている。	小野弾はすでに動いている。	小野田はんはすでにうごいている。	14	12
818	kimitachimoshikyuusousaniatattekure。	君たちも至急捜査に当たってくれ。	君立ちも支給層にあたってくれ。	きみたちも支給操作にあたってくれ。	16	10
819	maenoaremokoichixyauchuunen。	前のあれも恋ちゃうちゅうねん。	前のあれも恋一や中年。	前のあれもこいちゃうちゅうねん。	15	7
820	de-tonanteikasenaiyo。	デートなんて行かせないよ。	デートなんていかせないよ。	デートなんて行かせないよ。	13	12
821	jikentouyakinjonoizakayadesakewononde。	事件当夜近所の居酒屋で酒を飲んで。	事件灯や巨所の遺山屋で酒を飲んで。	じ検討夜勤じょのいざかやでさけをのんで。	17	12
822	kimototohanagatahawatashitogenbani。	木元と花形はわたしと現場に。	基元と鼻方は私と現場に。	木本と花形はわたしとげんばに。	14	8
823	katagirihakasoukentorenkeishite。	片桐は科捜研と連携して。	肩桐は仮想拠と連携して。	片桐は科捜研とれんけいして。	12	8
824	takaikotogawakarimashita。	高いことが分かりました。	高いことがわかりました。	高いことがわかりました。	12	11
825	kounanameninatteitari。	こう斜めになっていたり。	こうな目になっていたり。	江南アメンなっていたり。	12	10
826	fukusuuirukotowosashiteru。	複数いることを指してる。	複数いることを指してる。	複数いる事を指してる。	12	12
827	shougaitosettounozenkanoaruotokoya。	傷害と窃盗の前科のある男や。	障害と説到の前下のある男屋屋。	障害と窃盗のぜんかのあるおとこや。	14	8
828	minareterumitaidesune。	見慣れてるみたいですね。	見慣れてみたいですね。	見慣れてる見たいですね。	12	11
829	naitouhakoritsushitetamitaiya。	内藤は孤立してたみたいや。	内藤は孤立してたみたいや。	内藤は孤立してたみたいや。	13	13
830	hankoujikokuooimachinochuurinjoude。	犯行時刻大井町の駐輪場で。	犯行時刻多大間の中前生で。	反抗時刻おおいまちのちゅうりんじょうで。	13	7
831	mouichidogaishamawariwoatatte。	もう一度ガイ者周りをあたって。	もう一度違者回りをあたって。	もう一度が医者周りをあたって。	15	12
832	onodahankaranohoukokugaarimashita。	小野田班からの報告がありました。	小野団からの方向がありました。	おのだ半からの報告がありました。	16	12
833	attenakuzetsuenjoutainiarusoudesu。	会ってなく絶縁状態にあるそうです。	アッテナくて演状態にあるそうです。	あって泣く絶縁じょうたいにあるそうです。	17	11
834	kodomowooitenigerunante。	子供を置いて逃げるなんて。	子どもをおいて逃げるなんて。	子供を置いてにげるなんて。	13	10
835	keisatsunohoutonokomyunike-shonha。	警察の方とのコミュニケーションは。	警察の方とのコミュニケーションは。	警察の方とのコミュニケーションは。	17	17
836	kaisetsushiterasshaimasuga。	開設してらっしゃいますが。	解説してらっしゃいますが。	回折してらっしゃいますが。	13	11
837	kobetsunisoudangaarubaaiha。	個別に相談がある場合は。	個別に相談がある場合は。	個別に相談がある場合は。	12	12
838	nettouwoabisekakerareteimashita。	熱湯を浴びせかけられていました。	熱頭を浴びせかけられていました。	熱闘を浴びせかけられていま意を受けてるんだと思い込み。	16	15
839	oikondeshimaukotogaooindesu。	追い込んでしまうことが多いんです。	おい込んでしまうことが多いんです。	追い込んでしまうことが多いです。	17	16
840	itsukachichioyanimitomeraretai。	いつか父親に認められたい。	いつか父親に認められたい。	いつか父親に認められたい。	13	13
841	aisaretaitonegatteimashita。	愛されたいと願っていました。	愛されたいと願っていました。	愛されたいと願っていました。	14	14
842	senkyakugaitamitaidakara。	先客がいたみたいだから。	選客が痛みたいだから。	先客がいたみたいだから。	12	9
843	ichihomosotonihadenakattatoitteimashita。	一歩も外には出なかったと言っていました。	一歩も外にはでなかったと言っていました。	一穂も外にはでなかったといっていました。	20	19
844	genbanodogashanaikaraderuhazudakara。	現場の土が車内から出るはずだから。	現場の土者ないから出るはずだから。	現場の度が者ないからでるはずだから。	17	14
845	toiukotohashougenhahontouka。	ということは証言は本当か。	ということは少々は本当か。	ということは証言は本当か。	13	11
846	tonikakuomaehaotonashikushitero。	とにかくお前はおとなしくしてろ。	とにかくお前はおとなしく手。	とにかくお前はおとなしくしてろ。	16	13
847	joginguchuunojoseigahakkenshiteimasu。	ジョギング中の女性が発見しています。	ジョギング中の女性が発見しています。	ジョギング中のじょせいがはっけんしています。	18	18
848	naifudenodomotowoichigekisaretanochini。	ナイフでのど元を一撃された後に。	ナイフでのどもと一撃された後に。	ナイフで喉もとをいちげきされたのちに。	16	14
849	muchakuchanakoroshikatadaga。	むちゃくちゃな殺し方だが。	むちゃくちゃなロシカタだが。	むちゃくちゃな殺しかただが。	13	9
850	atoshimatsudakehashikkarishiteiru。	後始末だけはしっかりしている。	あとしつだけはしっかりしている。	後始末だけはしっかりしている。	15	11
851	masukominitatakarerunda。	マスコミにたたかれるんだ。	マスコミに戦かれるんだ。	マスコミに叩かれるんだ。	13	11
852	masukomitaiounohoumobacchiriyatte。	マスコミ対応の方もばっちりやって。	マスコミ対応の方もバッチリやって。	マスコミ対応の方もバッチリやって。	17	13
853	jasonosaitoetsuranshaga。	じゃそのサイト閲覧者が。	ジャそのサイト閲覧車が。	じゃそのサイト閲覧しゃが。	12	9
854	sonome-ruwomirarerusubetenoningenga。	そのメールを見られる全ての人間が。	そのメールを見られるすべての人間が。	そのメールを見られるすべてのにんげんが。	17	15
855	nenreimogyakutaihouhoumooyajisokkurida。	年齢も虐待方法も親父そっくりだ。	年齢も逆体方法もおやじっそくりだ。	年齢も虐待方法もおやじそっくりだ。	16	10
856	keishichounooosawaerikodesu。	警視庁の大沢絵里子です。	警視庁の大沢駅コです。	警視庁の大澤えりこです。	12	9
857	soredeichiousenseinojikentoujitsuno。	それで一応先生の事件当日の。	それで一応先制の事件登物の。	それで一応先生の事件とうじつの。	14	11
858	sonojikanhawatashineteimashitakara。	その時間はわたし寝ていましたから。	その時間は私寝ていましたから。	その時間は私寝ていましたから。	17	14
859	konogenbakaramiyagawasan'nojitakuha。	この現場から宮川さんの自宅は。	この現場から宮川さんの自宅は。	この現場から宮川さんおじたくは。	15	15
860	miyagawasanhaeirinahamonode。	宮川さんは鋭利な刃物で。	宮川さんはえいりな刃物で。	宮川さんは永琳はもので。	12	9
861	genbaninokosaretakutsuatodesuga。	現場に残された靴跡ですが。	現場に残されたくつあとですが。	現場に残された靴あとですが。	13	9
862	son'nakotoaruwakenaidesuyo。	そんなことあるわけないですよ。	そんなことあるわけないですよ。	そんなことあるわけないですよ。	15	15
863	sonojikanhakyoujushitsuniimashita。	その時間は教授室にいました。	その時間は恐授しついにしました。	その時間は教授しつんいました。	14	9
864	kyouyuupasokon'nikameratsuiterukara。	共有パソコンにカメラ付いてるから。	共有パソコンにカメラ着つけるから。	共有パソコンいかめらついてるから。	17	14
865	zengonohimofukumeteshuujitsuzenbu。	前後の日も含めて終日全部。	前後の日も含めて終日全部。	前後の日も含めて就実ぜんぶ。	13	13
866	tadasousawokonransaserudakedakara。	ただ捜査を混乱させるだけだから。	ただ操作を混乱させるだけだから。	ただ操作を混乱させるだけだから。	16	14
867	dattarasaigoniisshoniyarouyo。	だったら最後に一緒にやろうよ。	だったら最後に一緒にやろうよ。	だったら最後に一緒にやろうよ。	15	15
868	anatahakairiseidouitsuseishougai。	あなたは解離性同一性障害。	あなたは解成制道一省小害。	あなたは解離性どういつせいしょうがい。	13	8
869	chichioyanihidoigyakutaiwouketeita。	父親にひどい虐待を受けていた。	父親に日本着宅を受けていた。	父親にひどい虐待をうけていた。	15	10
870	semaioshiirenonakanitojikomerareta。	狭い押し入れの中に閉じ込められた。	狭いお入れ入の中にとじめられた。	狭いおし入れんなかにとじこめられた。	17	12
871	son'namainichiganan'nenmotsuduita。	そんな毎日が何年も続いた。	そんな毎日が何年も続いた。	そんな毎日が何年もつづいた。	13	13
872	tachinaorukotogadekinakattakeisukesanha。	立ち直ることができなかった啓介さんは。	立ち治ることができなかったケケスキャさんは。	立ち直ることができなかったけいすけさんは。	19	13
873	sorewohakkenshitaanataha。	それを発見したあなたは。	それを発見したあなたは。	それを発見したあなたは。	12	12
874	anatanonakanokeisukesanha。	あなたの中の啓介さんは。	あなたの中の計スキさんは。	貴方の中のけいすけさんは。	12	9
875	oshiirenitojikomerarete。	押し入れに閉じ込められて。	押し入れにと地故メラレて。	押し入れに閉じ込められて。	13	7
876	chokusetsutekinahyougengaiikamo。	直接的な表現がいいかも。	直接的な表現がいいかも。	直接的な表現がいいかも。	12	12
877	kidukanaideitanante。	気付かないでいたなんて。	気付ないでいたなんて。	気づかないでいたなんて。	12	11
878	kyoujushitsunihaittatokiniha。	教授室に入ったときには。	教授室に入った時には。	教授しつんはいったときには。	12	10
879	kikitegakawarukotohamaredehanaino。	利き手が変わることはまれではないの。	聞き手が変わることはまれではないの。	聞き手が変わることはまれではないの。	18	17
880	korehajibun'niokotterukotodehanaito。	これは自分に起こってることではないと。	これは自分に怒ってることではないと。	これは自分に怒ってることではないと。	19	17
881	omoikondeshimattanone。	思い込んでしまったのね。	思い込んでしまったのね。	思い込んでしまったのね。	12	12
882	takusansukuttekitanohajijitsudesu。	たくさん救ってきたのは事実です。	たくさんくってきたのは事実です。	たくさんすくって北乃はじじつです。	16	15
883	keisukesan'nojinkakudehanaku。	啓介さんの人格ではなく。	消避けさんの人間ではなく。	けいすけさんの人格ではなく。	12	8
884	nanikasetsunakunacchattana。	何か切なくなっちゃったな。	何かせつなくなっちゃったな。	何か切なくなっちゃったな。	13	11
885	chottodaijinakotoiinikita。	ちょっと大事なこと言いに来た。	ちょっと大事なこと言いに来た。	ちょっと大事なこと言いに来た。	15	15
886	joseihenokanshinhakiwametetsuyoiga。	女性への関心は極めて強いが。	女性への監真は極めて強いが。	女性への感心はきわめてつよいが。	14	12
887	imayaranaitonidotochansuhanai。	今やらないと二度とチャンスはない。	今やらないとにどとチャンスはない。	今円あろうとはんいんはかならずつかまえる。	17	15
888	omaeraimakeshigomunusundarouu。	お前ら今消しゴム盗んだろうう。	お前らい負け仕事無寸だろう。	お前ら今消しゴム盗んだろうう。	15	7
889	dakaraokaasandamedesutte。	だからお母さん駄目ですって。	だからおかあさんだ目ですって。	だからお母さんだめですって。	14	11
890	koushuuyatterundesukara。	講習やってるんですから。	交臭やってるんですから。	講習やってるんですから。	12	10
891	taisakushitsunomenmenhahitogatarinai。	対策室の面々は人が足りない。	対策室の面面は人が足りない。	対策しつの面々はひとがたりない。	14	13
892	nandewatashigashougakuseiaiteni。	何でわたしが小学生相手に。	なんで私が小学生に手に。	なんで私が小学生相手に。	13	7
893	oregakinshinshobunttekotode。	俺が謹慎処分ってことで。	オレが近親処分って事で。	俺が近親処分ってことで。	12	6
894	gyakunihokosakiwokawashitandayo。	逆に矛先をかわしたんだよ。	逆にほこ先をかわしたんだよ。	逆に矛先をかわしたんだよ。	13	11
895	tetsudattemorautsumoridattakedo。	手伝ってもらうつもりだったけど。	徹伝ってもらうつもりだったけど。	手伝ってもらうつもりだったけど。	16	15
896	ekimaehirobanisecchisaretabakudanga。	駅前広場に設置された爆弾が。	駅前広が日接させた春間だが。	駅前広場にせっちされたばくだんが。	14	6
897	maatorishiraberushikanaiyaro。	まあ取り調べるしかないやろ。	まあトリ調べるしかないやろ。	まあ取り調べルシかないやろ。	14	12
898	iwaitokatagirihahigishanotorishirabe。	岩井と片桐は被疑者の取り調べ。	岩井と語りはぎは議士の鳥調べ。	祝いと片桐はひぎしゃのとりしらべ。	15	7
899	oretoiwaisansonsanhagenba。	俺と岩井山村さんは現場。	オレといわわんさんさんは現場。	俺と祝いさんそんさんは現場。	12	4
900	kamitsukarenaiyounine。	かみつかれないようにね。	かみつかれないようにね。	髪疲れないようにね。	12	12
901	orenomiminihaittekuruhazudazo。	俺の耳に入ってくるはずだぞ。	おれの耳に入ってくるはずだぞ。	俺の耳に入ってくるはずだぞ。	14	12
902	gomibakokettanotokonkainojikento。	ごみ箱蹴ったのと今回の事件と。	ゴミバコケッタのと今回の事件と。	ゴミ箱けったのと今回のじけんと。	15	8
903	sorewokiridasutaimingu。	それを切り出すタイミング。	それを切り出すタイミング。	それを切り出すタイミング。	13	13
904	koitsuhaorenodaigakunokouhaida。	こいつは俺の大学の後輩だ。	コイツはオレの大学の公開だ。	こいつは俺の大学の後輩だ。	13	6
905	dagamadakakushougatsukamenai。	だがまだ確証がつかめない。	だがまだ隠笑がつかめない。	だがまだ書く正月かめない。	13	11
906	aremooshokunohakkakuwoosoreta。	あれも汚職の発覚を恐れた。	あれもお職の発覚を恐れた。	あれも汚職の発覚をおそれた。	13	12
907	hisshinayatsuragajousoubuniiru。	必死なやつらが上層部にいる。	必死な左柄が上々に歩いる。	必死な奴らが上層ぶにいる。	14	8
908	han'nin'noitogawakarimasen。	犯人の意図が分かりません。	犯人の糸がわかりません。	犯人の意図がわかりません。	13	10
909	torishirabenokankyuuwodaibumanandayoune。	取り調べの緩急をだいぶ学んだようね。	鳥調の研究をどうじゃ学なだような。	取調べの緩急をだいぶまなんだようね。	18	7
910	kankeigaarunohakarejanai。	関係があるのは彼じゃない。	関係があるのはカレじゃない。	関係があるのは彼じゃない。	13	11
911	touzenjikken'nitsukaumonodatoomoi。	当然実験に使うものだと思い。	当然実験に使うものだと思い。	当然実験に使うものだとおもい。	14	14
912	hon'ninhasorewokatakunanihiteishiteru。	本人はそれをかたくなに否定してる。	本人はそれを片くなに否定してる。	本人はそれをかたく何ひていしてる。	17	15
913	sonoaninookidokeiwotsukatte。	その兄の置き時計を使って。	そのあののお気計を使って。	その兄の置き時計をつかって。	13	9
914	hanseifusoshikinoteroshuudandayo。	反政府組織のテロ集団だよ。	反省不訴し期の取集団だよ。	反政府組織のてろしゅうだんだよ。	13	6
915	ri-da-hajimeshuyounakanbuga。	リーダーはじめ主要な幹部が。	リーダーはじめ主要なカンブバ。	リーダー始め主要なかんぶが。	14	10
916	hontounikeijidattandana。	本当に刑事だったんだな。	本当に軽事だったんだな。	本当に刑事だったんだな。	12	11
917	sorewosagurutamenioretotsukiattetanante。	それを探るために俺と付き合ってたなんて。	それを探るためにおれとつきあってたなんて。	それを探るために俺とつきあってたなんて。	20	16
918	aratanajouhougaarusouda。	新たな情報があるそうだ。	新たな情報があるそうだ。	新たな情報があるそうだ。	12	12
919	dandan'ookunatterundesuyone。	だんだん多くなってるんですよね。	だんだん大くなってるんですよね。	だんだん多くなってるんですよね。	16	15
920	kougiwoshiteitakyoujuhabujideshita。	講義をしていた教授は無事でした。	抗議をしていた今日は無事でした。	講義をしていた教授はぶじでした。	16	12
921	kuroitsukitonokankeihadetekitemasen。	黒い月との関係は出てきてません。	黒いつきとの関係は出てきてません。	黒い月との関係はでてきてません。	16	14
922	shatta-noshuurinimairimashita。	シャッターの修理に参りました。	シャッターの修理に参りました。	シャッターの週りんまいりました。	15	15
923	kochirasain'nohouonegaishimasu。	こちらサインの方お願いします。	こちらサインの方音がしいます。	こちらサインの方お願いします。	15	11
924	hontounoiryokuhawakaranai。	本当の威力は分からない。	本当の意力はわからない。	本当の威力はわからない。	12	10
925	kaimetsunioiyattaichiren'nojiken。	壊滅に追いやった一連の事件。	回目においやった一年の事件。	壊滅においやったいちれんおじけん。	14	10
926	koretoujinochokusetsunoshikikanha。	これ当時の直接の指揮官は。	これと生の直接の資期間は。	これ当時の直接のしきかんは。	13	8
927	jouhounogoteikyougakakasemasen。	情報のご提供が欠かせません。	情報のご提供が欠かせません。	情報のご提供がかかせません。	14	14
928	yamamurasantokimotohakakushonirenraku。	山村さんと木元は各所に連絡。	山村さんときもとは各所に連絡。	山村さん時本はかくしょにれんらく。	14	11
929	tsukimashitehasousanigokyouryoku。	つきましては捜査にご協力。	月ましては捜査にご協力。	つきましては操作にご協力。	13	11
930	kanshajouwosashiagetaitoomoimasu。	感謝状を差し上げたいと思います。	感謝場を刺し上げたいと思います。	感謝状を差し上げたいとおもいます。	16	14
931	fukushikyoukaikazarishibunominasama。	福祉協会飾支部の皆さま。	副祉教科香り渋谷の皆さ。	福祉今日開花ざりしぶのみなさま。	12	4
932	buchiatattakamoshiremasen'yo。	ぶち当たったかもしれませんよ。	ブチあたったかもしれませんよ。	ぶち当たったかもしれませにょ。	15	12
933	kuroitsukinota-gettohasonoho-runanoyo。	黒い月のターゲットはそのホールなのよ。	黒いつきのターゲットはそのホールなのよ。	黒い月のターゲットはそのほーるなのよ。	19	17
934	kocchinimobakudangaarimasu。	こっちにも爆弾があります。	こっちにも爆弾があります。	こっちにも爆弾があります。	13	13
935	daigakunokougishitsuwonerattanomo。	大学の講義室を狙ったのも。	大学の講義質を狙ったのも。	大学の講義質を狙ったのも。	13	12
936	soukanwokorosunogamokutekinara。	総監を殺すのが目的なら。	そう間をころすのが目的なら。	そうかを殺すのがもくてきなら。	12	7
937	zenkeibiwokocchinimawashitekure。	全警備をこっちに回してくれ。	前警備をこっちに回してくれ。	全ケイ美をこっちにまわしてくれ。	14	13
938	mokutekijanakattatoshitara。	目的じゃなかったとしたら。	目的じゃなかったとしたら。	目的じゃなかったとしたら。	13	13
939	ooyamakeishisoukan'ninattekara。	大山警視総監になってから。	大山形士早官になってから。	大山警視総監いなってから。	13	9
940	pu-rushiteitatoomowareru。	プールしていたと思われる。	プールしていたと思われる。	ぷーるしていたと思われる。	13	13
941	yosan'un'eibuhatsukaenakunatta。	予算運営部は使えなくなった。	予算運営部は使えなくなった。	予算うねイブはつかえなくなった。	14	14
942	matanerawarerukamoshirenaikara。	また狙われるかもしれないから。	また狙われるかもしれないから。	また狙われ牛わけありません。	15	15
943	sonokakkoudekaijounihaitta。	その格好で会場に入った。	その格校で会場に入った。	その格好で会場に入った。	12	11
944	shikiwotorunohatanbabuchou。	指揮を執るのは丹波部長。	死気をとるのはタンバブ長。	式を取るのは丹波ぶちょう。	12	5
945	kimitachinoshikikenwomotsukotoninatta。	君たちの指揮権を持つことになった。	君立ちの試験を持つことになった。	君たちの指揮権をもつことになった。	17	13
946	kimitachinihahataraitemorau。	君たちには働いてもらう。	君立ちには働いてもらう。	君たちには働いてもらう。	12	11
947	moshikashitarasonokorokara。	もしかしたらそのころから。	もしかしたらその頃から。	もしかしたらその頃から。	13	11
948	keisatsukanbunobougaigaattanokamo。	警察幹部の妨害があったのかも。	警察幹部の妨害があったのかも。	警察官分ぼうがいがあったのかも。	15	15
949	sonoteidonousoshikatsukeneeyouja。	その程度の嘘しかつけねえようじゃ。	その程度の忙し方でエナヤジ。	その程度の嘘しか付け根えようじゃ。	17	7
950	watashinegashoujikidakarausotsukenaino。	わたし根が正直だから嘘つけないの。	私なし正直だから育つけないの。	私ねが正直だからうそつけないの。	17	12
951	taihonotokinitappurito。	逮捕のときにたっぷりと。	逮捕のときにたっぷりと。	逮捕の時にたっぷりと。	12	12
952	hatasehenkattakedona。	果たせへんかったけどな。	果たせ変かったけどな。	果たせへんかったけどな。	12	10
953	sonosukinijoujirutsumoriya。	そのすきに乗じるつもりや。	その好きに上手つもりや。	その隙に常時るつもりや。	13	9
954	koregashikakeraretabakudan。	これが仕掛けられた爆弾。	これが仕掛けられた爆弾。	これがしかけられた爆弾。	12	12
955	anatashikawakaruhitogainaitoomoimasu。	あなたしか分かる人がいないと思います。	あなたしかわかる人がいないと思います。	あなたしかわかる人がいないと思います。	19	18
956	jikenkaiketsunotamenaraatamawosageru。	事件解決のためなら頭を下げる。	事件警決のためなら頭を下げる。	事件解決のためなら頭をさげる。	15	14
957	soregawatashinopuraido。	それがわたしのプライド。	それが私のプライド。	それが私のプライド。	12	9
958	konomaemoomaenihadamasareta。	この前もお前にはだまされた。	この前もお前には騙された。	この前もお前には騙された。	14	12
959	ochademonominagarayukkuriyarimashou。	お茶でも飲みながらゆっくりやりましょう。	お茶でも飲みながらゆっくりやりましょう。	お茶でも飲みながらゆっくりやりましょう。	20	20
960	sonofutanonakamigakibakuseigyosouchida。	そのふたの中身が起爆制御装置だ。	そのふたの中身が気分制御措置だ。	その二の中磨きばくせいぎょそうちだ。	16	13
