NUM,ROMAJI,EXPECTED,GOT (M),SwiftKey 6.4.8.57 (S),FULL SCORE,M,S
SUMMARY,,,,,12953,10890/12953=0.84,11313/12953=0.87
1,zuttosakinokotodakedone?,????????????,????????????,????????????,12,12,12
2,onakahetteshinisoudayo?,?????????????,????????????,????????????,13,10,11
3,mizunosenseigaosshattayouni?,???????????????,???????????????,????????????,15,15,10
4,chiryouhougamitsukarukamoshirenai?,???????????????,???????????????,???????????????,15,15,15
5,okaasankawatteagerarenakutegomen'ne?,????????????????????,???????????????????,????????????????????,20,17,19
6,omaegason'nakotodedousundayo?,????????????????,???????????????,???????????????,16,15,14
7,aitsuhason'nayawajaneeyo?,???????????????,???????????????,???????????????,15,9,13
8,aitsugaoresouninattara?,??????????????,??????????????,??????????????,14,13,11
9,hirokimokokoshouyutsuiteru?,??????????????,????????????,?????????????,14,7,7
10,watashinosekaihamarudekawatteshimatta?,???????????????????,?????????????????,?????????????????,19,16,16
11,ushirokaratouan'youshiatsumete?,????????????,?????????????,????????????,12,6,12
12,kotoshiasondokanaitomouasobenaiyo?,?????????????????,?????????????????,?????????????????,17,17,17
13,akuatopianinoritai?,????????????,????????????,????????????,12,11,9
14,on'natteyokushaben'naatoomotte?,????????????????,????????????????,????????????????,16,16,16
15,kamenoesayaritokakingyonoesayaritoka?,?????????????????,?????????????????,?????????????????,17,9,13
16,son'nanodarekanitanomebaiijanai?,?????????????????,?????????????????,?????????????????,17,15,17
17,kusurinokoukayarihabirinohouhouwo?,??????????????,?????????????,??????????????,14,11,14
18,kakuninshitaitoomottemasu?,????????????,????????????,????????????,12,12,12
19,kon'nafuunimainichisukoshizutsu?,?????????????,?????????????,?????????????,13,13,13
20,nanikagadekinakunatteikuno?,??????????????,??????????????,??????????????,14,14,14
21,mewotojitetsuginohigakurunogakowai?,?????????????????,????????????????,????????????????,17,13,15
22,asagakitewarukunatterukamoshirenaito?,??????????????????,???????????????????,??????????????????,18,16,17
23,demootousangakiitarataihendane?,????????????????,????????????????,????????????????,16,15,16
24,dattewatashibyoukininacchattadesho?,???????????????????,?????????????????,?????????????????,19,16,16
25,dakarasenpainimomeiwakukakechaukamo?,?????????????????,????????????,?????????????????,17,11,17
26,fukouheinakotowoshiyoutoshiterunoha?,?????????????????,????????????????,?????????????????,17,12,17
27,hanabitaikaiguraiisshoniikudesho?,????????????????,??????????????????,????????????????,16,12,16
28,dekirukotojibunkaranagedasunante?,?????????????????,?????????????????,?????????????????,17,17,17
29,kamisamahafukouheidananteitta?,??????????????,?????????????,??????????????,14,11,13
30,yukatakitekamiappunishitara?,?????????????,?????????????,?????????????,13,10,13
31,senpaikittobikkurisuruwayo?,??????????????,??????????????,??????????????,14,12,14
32,okaasan'nogokougamietekitayounakigasuru?,?????????????????????,?????????????????????,?????????????????????,21,19,21
33,watashihajibunwoshinjitekoudousurebaii?,??????????????????,????????????????,????????????????,18,13,15
34,yappanatsuhayukatatosuikato?,?????????????,????????????,?????????????,13,6,10
35,otomodachimomin'natsuiterushi?,?????????????,?????????????,?????????????,13,13,13
36,mitsukeruhitsuyougaarimasu?,????????????,????????????,????????????,12,12,12
37,natsuyasumiworiyoushitekensanotameno?,???????????????,???????????????,???????????????,15,15,15
38,nyuuinwosaretehaikagadeshouka?,????????????????,????????????????,????????????????,16,16,16
39,koukanihakojinsagaarunode?,?????????????,?????????????,?????????????,13,13,13
40,sukoshinagakunarukamoshirenaikara?,???????????????,???????????????,???????????????,15,15,15
41,omaetachimouosoikaranenasai?,???????????????,???????????????,???????????????,15,12,15
42,mawarigamenihairanakattandayo?,???????????????,???????????????,???????????????,15,15,15
43,rihabiriwotantousurutanabedesu?,??????????????,????????????????,??????????????,14,10,14
44,shokkumokangaetemiroyo?,????????????,????????????,????????????,12,12,12
45,kanjamoishimochiryounisen'nensuru?,??????????????,???????????????,???????????????,14,7,8
46,suguomimaiikanakya?,????????????,???????????,????????????,12,10,12
47,kurasunomin'nanikoekakeru?,?????????????,?????????????,?????????????,13,12,13
48,akookaasan'yuugatabyouin'yottekurukara?,??????????????????,?????????????????,??????????????????,18,11,15
49,osokunarutoomoundakedo?,????????????,????????????,????????????,12,12,12
50,narubekuhayakukaeruyounihasurukedo?,?????????????????,?????????????????,?????????????????,17,13,17
51,watashimamitoyakusokuarundakara?,???????????????,????????????,?????????????,15,10,10
52,imahakazokugaicchidanketsushite?,????????????,????????????,????????????,12,11,12
53,gato-bonu-runoke-kida?,?????????????,?????????????,???bo?????????,13,6,7
54,ichiouninzuubunkattearuwayo?,?????????????,?????????????,?????????????,13,12,13
55,asoukun'niaitakutekitanonine?,???????????????,??????????????,???????????????,15,11,14
56,ichioukoehakaketanssukedone?,??????????????,??????????????,??????????????,14,14,14
57,nanikakanjigakawacchatta?,?????????????,???????????????,?????????????,13,8,13
58,kondohatsukaman'naiyounishiroyo?,???????????????,????????????,???????????????,15,6,11
59,tochuumadeisshoniitandakedo?,??????????????,??????????????,??????????????,14,14,14
60,tsuginonikkawatoudehakkensaretano?,?????????????,??????????????,?????????????,13,10,12
61,anmarishin'youshitenairashii?,??????????????,??????????????,??????????????,14,13,14
62,tomodachikitekureteyokattawane?,??????????????,???????????????,??????????????,14,13,14
63,kon'nanitakusanmoracchatta?,????????????????,????????????????,????????????????,16,16,16
64,ugoitekurutoomoimasukeredomo?,???????????????,???????????????,???????????????,15,15,15
65,ryoutewoagetetenohirawouenishite?,????????????????,???????????????,????????????????,16,11,15
66,de-toniikerutonattara?,?????????????,?????????????,?????????????,13,13,13
67,son'nakotonaidesutte?,????????????,????????????,????????????,12,12,12
68,imadekirukotoganbaruttekimetanda?,?????????????????,??????????????????,?????????????????,17,13,17
69,gen'infumeinoshinkeihenseishikkan?,????????????,????????????,????????????,12,6,10
70,jaakekkyokukyounoikeuchitono?,?????????????,???????????????,?????????????,13,8,13
71,doushiyoukatoomottesa?,????????????,????????????,????????????,12,12,12
72,sekkakunotanjoubinohini?,????????????,????????????,????????????,12,12,12
73,sakkibyouin'nidenwakiteta?,????????????,???????????,????????????,12,8,12
74,mesuhaesawosagashiniderundakedo?,???????????????,???????????????,???????????????,15,12,15
75,sonokandon'naniharahettemo?,?????????????,??????????????,?????????????,13,10,12
76,zuttotamagomamottemattendayo?,??????????????,?????????????????,??????????????,14,10,14
77,hontouhasenpaihakonaikamotteomotteta?,??????????????????,??????????????????,??????????????????,18,17,18
78,naniitterukawakan'nakunacchaundatte?,?????????????????????,????????????????????,??????????????,21,19,7
79,saigonihanetakirininatte?,?????????????,?????????????,?????????????,13,9,13
80,sonojinbutsuhahadenapankufasshon'ni?,???????????????????,???????????????????,???????????????????,19,17,18
81,miwotsutsundeitasoudesuga?,?????????????,?????????????,?????????????,13,13,13
82,masanian'nakanjideshita?,????????????,??????????,????????????,12,8,12
83,kiokunihajishingaarundesu?,?????????????,?????????????,?????????????,13,11,13
84,sakihodoanatagamitanoha?,????????????,????????????,????????????,12,12,12
85,sakkikiokunihajishingaaruto?,??????????????,??????????????,??????????????,14,14,14
86,jishinganakunattekimashita?,?????????????,?????????????,?????????????,13,11,13
87,demomitemitakattawane?,????????????,????????????,????????????,12,11,12
88,iroirooshietekudasaine?,?????????????,?????????????,???????????,13,13,9
89,jimushonokeieinikoukenshitekudasaine?,?????????????????,?????????????????,?????????????????,17,17,17
90,sorehaiijanaidesuka?,?????????????,?????????????,?????????????,13,13,13
91,kyouryokushitanohawatashitachidesu?,????????????,????????????,????????????,12,12,12
92,watashimokyouryokuwoonegaisaretara?,?????????????,?????????????,?????????????,13,13,13
93,katsuraguraihakoumurimashitayo?,??????????????,???????????????,????????????,14,6,11
94,watashimochottohakyouryokushimashita?,??????????????,??????????????,??????????????,14,14,14
95,kouiutokihajankendesho?,???????????????,????????????????,???????????????,15,8,15
96,miyatasanjanken'nikatete?,??????????????,????????????,??????????????,14,11,14
97,omoikkirinonbirishichaimasho?,?????????????????,?????????????????,?????????????????,17,17,17
98,toriaezuofurohairimashoune?,????????????????,????????????????,????????????????,16,12,16
99,osoroshiisatsujinjikengaokirukotonado?,????????????????,?????????????????,?????????????????,16,14,14
100,nonbirishiyoutteiimashitayone?,?????????????????,?????????????????,?????????????????,17,17,17
101,purodexyu-sa-noshigotodesho?,??????????????,??????????????,??????????????,14,14,14
102,torikatanokufuudenantokasurukara?,???????????????,???????????????,?????????????????,15,14,10
103,asasugadaijoyuuttekanji?,????????????,???????????,?????????????,12,9,10
104,koukounotokinoyuujin'nandesu?,????????????,????????????,????????????,12,12,12
105,watashitachikokonitomatteruno?,?????????????,?????????????,?????????????,13,13,12
106,madakakedashimitaidesukedo?,??????????????,?????????????,??????????????,14,12,14
107,ohadatsurutsuruninarundesutte?,???????????????,???????????????,???????????????,15,11,15
108,iroirotokuroushitandane?,?????????????,?????????????,???????????,13,13,9
109,watashihakonkaidakenandakedone?,?????????????,?????????????,?????????????,13,13,13
110,mariesanhataichougawaruimitaide?,????????????????,????????????????,????????????????,16,13,13
111,nanikachottokowasounahitone?,?????????????,????????????,?????????????,13,12,13
112,hontohaiihitonandayo?,????????????,????????????,????????????,12,9,9
113,asakarakantokunosugatagamiataranakute?,????????????????,????????????????,????????????????,16,15,10
114,sukeju-rumokurucchatte?,??????????????,???????????????,??????????????,14,12,14
115,watashison'name-rudashitemasen?,??????????????,??????????????,??????????????,14,13,13
116,soushinkirokuganokottemasuyo?,????????????,????????????,????????????,12,12,12
117,onsendesatsujinjikentosouguushitano?,??????????????,???????????????,??????????????,14,11,14
118,shashindakedewakaruwakenaidaro?,???????????????,???????????????,???????????????,15,15,15
119,yamaokakantokutotashiromutsuminomaniha?,??????????????,?????????????,???????????????,14,10,10
120,toiuokusokugatobikatteiru?,??????????????,??????????????,??????????????,14,14,14
121,masukomidewadaininatteirujikendakeni?,???????????????????,???????????????????,???????????????????,19,19,19
122,shousosurebajimushononamaegaagarimasune?,???????????????????,??????????????????,????????????????????,19,18,15
123,anatagasokomadeiundattara?,????????????????,????????????????,???????????????,16,13,13
124,sorehawatashigayokushitteimasu?,??????????????,??????????????,??????????????,14,14,14
125,hoterunosaijoukainiarutenboufuro?,???????????????,??????????????,???????????????,15,11,13
126,kooriyamamadeikukurumanonakakara?,????????????,?????????????,????????????,12,9,12
127,sakinikaettaowabiwoshiteokoutoomotte?,???????????????????,???????????????????,????????????????????,19,19,17
128,sokodesaijoukainotenboufuronokotowo?,???????????????,????????????????,????????????????,15,12,9
129,ohadagatsurutsuruninarukara?,?????????????,?????????????,?????????????,13,9,13
130,kyouryokusurukarananidemoittene?,??????????????,??????????????,???????????????,14,12,11
131,darekagakattenijibun'nokeitaiwotsukatte?,????????????????,????????????????,????????????????,16,15,16
132,shinhan'ningamitsukaranaimademo?,??????????????,??????????????,??????????????,14,12,14
133,dehahikokujinhasekinimodottekudasai?,????????????????,?????????????????,?????????????????,16,13,12
134,seppakuryuuzan'nokikengaattasoudesuga?,?????????????????,???????????????????,??????????????????,17,12,13
135,suunichinyuuinsurebashinpainaisoudesu?,????????????????,????????????????,??????????????????,16,14,12
136,jaasaibanhaizuresaikaisaremasune?,?????????????????,??????????????????,?????????????????,17,13,17
137,sorenishitemozendaimimon'ne?,????????????,?????????????,????????????,12,9,11
138,mutsumidoushiteoshietekurenakattandarou?,????????????????????,????????????????????,?????????????????????,20,18,17
139,kantokugauramarerunantenaitoomou?,????????????????,????????????????,????????????????,16,15,16
140,kibishiikedoomoiyarinoaruhitodakara?,?????????????????,?????????????????,?????????????????,17,16,17
141,jouren'niuttayounakigashimasune?,????????????????,????????????????,????????????????,16,14,15
142,jayamaokasangasatsugaisaretajikokuni?,????????????????,????????????????,?????????????????,16,11,13
143,raunjideanatatoisshoniitanoha?,?????????????????,?????????????????,?????????????????,17,17,17
144,arigatougozaimashita?,????????????,????????????,????????????,12,12,12
145,nanikamutsumichan'nifurininarukotowo?,????????????????,??????????????????,??????????????????,16,9,8
146,tsugeguchisurumitaidehanashinikukutene?,?????????????????,??????????????????,?????????????????,17,13,17
147,kouchishonimodosaretasouyo?,????????????,????????????,????????????,12,9,12
148,iroirokiitemawattandesukedo?,??????????????,????????????????,??????????????,14,9,13
149,anonichisakinitoukyounikaettemasu?,??????????????,??????????????,??????????????,14,14,14
150,kayamapurodexyu-sa-gashougenshitemasu?,?????????????????,?????????????????,?????????????????,17,13,16
151,inta-nettowotsuujitetoukousurundesu?,???????????????????,???????????????????,???????????????????,19,19,19
152,konodougagatoukousaretanoga?,?????????????,?????????????,?????????????,13,13,13
153,tsumarijiken'yokujitsunoasadesu?,????????????,????????????,?????????????,12,11,10
154,yapparisatsueisaretanoha?,????????????,????????????,????????????,12,12,12
155,boushitomasukunootokoitajanaidesuka?,??????????????????,??????????????????,??????????????????,18,18,18
156,anoshoutaigawakattandesu?,?????????????,?????????????,?????????????,13,13,13
157,aiteyakuwotsutomerusutouken'ichisankara?,????????????????,?????????????????,?????????????????,16,11,12
158,houfuwoukagaitaitoomoimasu?,?????????????,?????????????,?????????????,13,9,11
159,fan'nohitohatachiirikinshidesuyo?,????????????????,????????????????,??????????????,16,12,14
160,juunanseigaaruttekotojanaidesuka?,?????????????????,??????????????????,?????????????????????,17,15,10
161,kurumamadenoseteitadaite?,????????????,????????????,????????????,12,11,11
162,sorehaaribaidemonanidemonaizo?,????????????????,???????????????,????????????????,16,12,16
163,sekkakuyasashikushiteagetanoni?,???????????????,???????????????,???????????????,15,13,15
164,senseikonoheyananikaatsukunaidesuka?,????????????????,?????????????????,????????????????,16,14,16
165,rimokondokoicchattandarou?,?????????????????,?????????????????,????????????????,17,14,12
166,zuttokikasetemorattattewakeda?,?????????????????,?????????????????,?????????????????,17,17,17
167,otegaratoiitaitokorodagana?,???????????????,???????????????,???????????????,15,14,15
168,koregayamamurayoukonosaibou?,????????????,???????????,?????????????,12,7,6
169,arenaratokkunikaisekishoriwooeta?,?????????????????,?????????????????,?????????????????,17,11,16
170,orenohoudemoshirabetemitainda?,???????????????,??????????????,??????????????,15,12,13
171,kunrenwouketachouhon'nindesura?,?????????????,?????????????,?????????????,13,12,13
172,taekirerumonohaimasen?,????????????,?????????????,?????????????,12,10,8
173,isshonigohantaberutokoronano?,??????????????,??????????????,??????????????,14,14,14
174,kon'natazunekatashikadekinakute?,??????????????,??????????????,??????????????,14,10,9
175,aruyatsunonamaetojuushowo?,????????????,????????????,????????????,12,10,10
176,soshitarahontounisoitsugashinde?,???????????????,???????????????,???????????????,15,13,15
177,yatsuraniyarareppanashida?,?????????????,?????????????,????????????,13,13,11
178,imasukoshiyasumaseterundesu?,?????????????,?????????????,????????????,13,9,11
179,saikaisarerukotohenokyoufuwoidakimasu?,?????????????????,???????????????????,????????????????????,17,14,11
180,mamonakukanojohaochimasu?,????????????,????????????,????????????,12,11,12
181,shikkarioboetehoshindakedo?,??????????????,??????????????,??????????????,14,14,13
182,chichioyanokotowoaitsunishiraseruna?,????????????????,???????????????,????????????????,16,13,16
183,zenzen'ochine-janaika?,????????????,????????????,????????????,12,7,12
184,yosouijouninebatteimasu?,????????????,????????????,????????????,12,12,12
185,dattaramottoreberuwoagero?,???????????????,???????????????,???????????????,15,15,15
186,shindeshimattaranidototegakari?,????????????????,??????????????,????????????????,16,12,15
187,kakawaraserukotohahontounisaketaindaga?,???????????????????,????????????????????,?????????????????,19,16,14
188,aitsurawotsukamaeruchansunandaro?,??????????????????,????????????????,??????????????????,18,14,18
189,terorisutokakuhonosaininanikaattatokiha?,??????????????????,???????????????????,?????????????????????,18,13,12
190,kuniwomamorukotogasaiyuusenda?,????????????,????????????,???????????,12,12,10
191,demochottogenkidetekimashita?,???????????????,???????????????,???????????????,15,15,15
192,sonohitoniawaseteageru?,????????????,????????????,????????????,12,11,11
193,son'namonsakkinoaoikurumawo?,??????????????,???????????????,??????????????,14,11,14
194,tsukamaetemirebawakarundayo?,??????????????,??????????????,??????????????,14,7,14
195,mousukoshidetaisetsunashouninwo?,????????????,????????????,????????????,12,10,10
196,shoushougouin'natokorogaarimashite?,???????????????,?????????????????,???????????????,15,11,14
197,nanikaijittenaitoochitsukanakute?,?????????????????,????????????????,?????????????????,17,15,17
198,jidoushahanbaikaishanitsutomeru?,????????????,????????????,?????????????,12,9,10
199,genbaniarasottakeisekiganakattakotokara?,??????????????????,???????????????????,??????????????????,18,16,18
200,zuibunhenpinatokorodana?,?????????????,?????????????,??????????,13,11,6
201,uirusuwokakushiteirundakara?,???????????????,???????????????,???????????????,15,15,15
202,nakamawohikitsuretemodottekurukamoyo?,?????????????????,?????????????????,?????????????????,17,16,17
203,hetanashinrisenshikakeyagatte?,??????????????,???????????????,??????????????,14,8,10
204,oretachininanimodekinakusaseru?,??????????????,???????????????,??????????????,14,10,14
205,imanotokoromiataranai?,????????????,????????????,????????????,12,12,12
206,son'namonsakkinoaoikuruma?,?????????????,???????????????,?????????????,13,9,13
207,oremohayakukidukubekidatta?,?????????????,??????????????,?????????????,13,11,13
208,antagahan'nindattewakaruyouninatteimasu?,??????????????????????,??????????????????????,??????????????????????,22,22,22
209,iiwakehahonbudeyukkurishiro?,??????????????,?????????????,??????????????,14,12,14
210,anatahawatashitachigaiukotowo?,??????????????,??????????????,?????????????,14,13,11
211,hi-ro-gahan'nin'nosenakani?,????????????,????????????,????????????,12,11,12
212,korekarahausodatteomoinasai?,???????????????,???????????????,???????????????,15,15,15
213,sorejaasaigonimouhitotsutanomu?,????????????????,?????????????????,???????????????,16,15,14
214,joukuukaragenbanokakuteihadekimasen?,????????????????,????????????????,?????????????????,16,15,10
215,sonogonojoukyouhoukokuonegaishimasu?,???????????????,???????????????,???????????????,15,15,15
216,otagaiganbatteikiteikimashoune?,??????????????????,??????????????????,??????????????????,18,17,18
217,houkokugaokuretesumimasen?,????????????,????????????,????????????,12,10,11
218,juuwoubawareutaremashita?,????????????,????????????,????????????,12,10,11
219,jibun'noshoutaigabaretanoka?,????????????,????????????,????????????,12,12,12
220,konomamanonagaredekekkouda?,????????????,????????????,????????????,12,10,10
221,takagikunkaniinakattandakedo?,???????????????,????????????????,????????????????,15,11,13
222,kochiranohoutomokakuninshitemimasu?,???????????????,???????????????,???????????????,15,15,15
223,harukachankonbyouin'nandesukedo?,??????????????,???????????????,?????????????????,14,11,9
224,oniisan'nokotosugokushinpaishiteite?,?????????????????,?????????????????,?????????????????,17,17,17
225,achikochiniookiiho-suga?,?????????????,?????????????,?????????????,13,13,13
226,imasugukuuchouwozenbutomete?,????????????,????????????,????????????,12,9,11
227,kansenshitatokimattawakejanaidarou?,???????????????????,???????????????????,???????????????????,19,19,19
228,taiterowosenmontoshiteirusoshikida?,???????????????,???????????????,?????????????????,15,13,10
229,kenkyuushitsunimodorukihaarimasen?,??????????????,???????????????,??????????????,14,10,14
230,yapparikuwaretanohahoushou?,?????????????,?????????????,?????????????,13,10,11
231,warewarehenowirusuterohashippaida?,???????????????,?????????????????,?????????????????,15,11,9
232,zen'inkorosutsumoridattano?,????????????,????????????,????????????,12,9,12
233,sugunishutsudounoyouseiwosuru?,????????????,????????????,????????????,12,11,10
234,atarebakouatsudenryuuganagarete?,?????????????,?????????????,??????????????,13,9,11
235,doushitarakonokuniwosukuerunoka?,???????????????,???????????????,???????????????,15,15,15
236,orenihatadazuttogawaniitehoshii?,????????????????,?????????????????,????????????????,16,12,16
237,korewotodokenikitekuretano?,?????????????,?????????????,?????????????,13,11,12
238,anataniaitaitteitterunoyo?,?????????????????,?????????????????,?????????????????,17,15,17
239,demokoredetsuisekihafukanouyo?,?????????????,?????????????,?????????????,13,13,13
240,aikawarazukimochiiihodojibunhon'i?,?????????????????,?????????????????,?????????????????,17,15,17
241,kagakusousanadonosenmontekisousade?,??????????????,??????????????,????????????????,14,8,6
242,kyouakuhanzainitaioushiteikuchimudesu?,????????????????,???????????????,???????????????????,16,13,6
243,anoon'natodoukidasoudesu?,????????????,????????????,????????????,12,12,12
244,soreniatarashiibushonoshippaiha?,?????????????,?????????????,????????????????,13,12,6
245,dokonobushokaramoiranaiseieitachiga?,??????????????????,??????????????????,????????????????????,18,15,14
246,yougishajaarimasen'yo?,????????????,????????????,????????????,12,12,12
247,bouryokujikenwookoshitemashitene?,??????????????,??????????????,??????????????,14,14,14
248,douzoyoroshikuonegaishimasu?,??????????????,??????????????,??????????????,14,14,14
249,kon'nabushoyarukotonaidesho?,???????????????,???????????????,???????????????,15,14,15
250,mimotofumeinoshoushitaigahakkensareta?,???????????????,???????????????,?????????????????,15,13,11
251,jouhanshingamarukogedattayoudesu?,???????????????,???????????????,????????????????,15,14,13
252,atokataudegaoreteitatoka?,?????????????,??????????????,????????????,13,11,11
253,watashikeijijanaidesukara?,??????????????,????????????,????????????,14,11,11
254,keisatsutoiedomoneidouhaaruno?,???????????????,??????????????,???????????????,15,14,14
255,watashiningen'nikyouminainde?,?????????????,???????????,???????????,13,7,10
256,katagirisan'nihaoniaidesune?,??????????????,??????????????,??????????????,14,13,14
257,soutoutebirokuyatteitayoude?,??????????????,??????????????,??????????????,14,9,14
258,tankashitanaizougafunsaishiteta?,?????????????,?????????????,????????????????,13,8,6
259,chakuninhayadeharikitten'nohawakaruga?,?????????????????,?????????????????,??????????????????,17,8,13
260,tettouninoborasetakanouseiga?,????????????,?????????????,??????????????,12,9,6
261,jaakonochakushinrirekishirabereba?,??????????????,??????????????,????????????????,14,10,8
262,sorekaratsuidenigenbade?,????????????,????????????,????????????,12,9,12
263,sorenison'nayakuhin'nante?,????????????,????????????,????????????,12,11,12
264,kindokokatogappeisurutoka?,????????????,????????????,?????????????,12,8,10
265,gyoukaiootenoguroriasuyakuhinto?,??????????????,?????????????,????????????????,14,11,10
266,mataterebidehoudousarerutoomoimasu?,?????????????????,?????????????????,?????????????????,17,17,17
267,shoushinarasouhaikanaiwa?,?????????????,?????????????,?????????????,13,11,11
268,watashigakonomedekakuninshiteru?,??????????????,????????????,????????????,14,11,11
269,shijiwouketeitakotogawakatteru?,?????????????????,?????????????????,????????????????,17,17,14
270,masatsudebakuhatsusuruyouninatteita?,????????????????,?????????????????,????????????????,16,13,16
271,tsumariichidokitaranugukotonodekinai?,??????????????????,?????????????????,??????????????????,18,15,16
272,ichiban'iyanakotosasetawakeka?,??????????????,?????????????,?????????????,14,13,12
273,amarihyouban'noyokunaiginkoudesu?,???????????????,??????????????,?????????????????,15,13,11
274,tsuginohankoumosuguniokoruwa?,?????????????,????????????,????????????,13,11,11
275,kaizoushitasutangangamitsukatta?,????????????????,???????????????,??????????????,16,12,10
276,settosareterukanouseigakiwametetakai?,?????????????????,?????????????????,??????????????????,17,17,15
277,souiukotodaasonderuhimahanai?,????????????????,?????????????????,????????????????,16,12,16
278,yaharibakudanhasettosareteruna?,???????????????,???????????????,???????????????,15,15,15
279,jikan'nantekinisuruhitsuyounai?,??????????????,?????????????,??????????????,14,13,14
280,kanariseimitsuniyaranaito?,????????????,????????????,????????????,12,11,12
281,hon'nowazukaoomenisuru?,????????????,??????????,???????????,12,7,8
282,soremonandokayatteminaitowakaranai?,???????????????????,???????????????????,???????????????????,19,18,18
283,tokurasan'niokikishimashita?,?????????????,????????????,??????????????,13,11,10
284,nanikarananimadeoshieteitadakimashita?,?????????????????,??????????????????,?????????????????,17,14,17
285,usohazettainiittehanaranai?,??????????????,??????????????,??????????????,14,13,14
286,konbakudanshorihangamukatteimasu?,???????????????,????????????????,?????????????????,15,13,10
287,mousukoshimatebayokattandayo?,???????????????,???????????????,???????????????,15,12,15
288,iwaserutamenitsukuttandatte?,???????????????,??????????????,???????????????,15,13,15
289,sorehawatashigayuushuudakaradesu?,???????????????,?????????????,?????????????,15,12,12
290,kokohadaremooshietekurenaikarana?,????????????????,????????????????,????????????????,16,16,16
291,anonoppototsukiatteruotoko?,??????????????,??????????????,??????????????,14,14,11
292,genjitsutekinihasoukamoshirenai?,??????????????,??????????????,??????????????,14,14,14
293,demoutenakyakeijijanai?,??????????????,??????????????,??????????????,14,11,13
294,omaenokotoiroirouwasaninatteruzo?,???????????????,??????????????????,???????????????,15,9,15
295,sakkitaitoukudejoshidaiseiga?,?????????????,?????????????,??????????????,13,8,10
296,tomonichitorikantoriwookonatteimasuga?,?????????????????,????????????????,???????????????????,17,12,9
297,mondaihakonointa-nettonokeijiban?,?????????????????,?????????????????,?????????????????,17,17,17
298,mataichininshokeishiteyatta?,????????????,????????????,????????????,12,11,12
299,ichininmenoshokeishayoshiokahitomi?,???????????????,??????????????,???????????????,15,10,15
300,satsujinhanwoeiyuushishiterunda?,?????????????,?????????????,?????????????,13,6,13
301,kakikominojouhouniyoruto?,????????????,????????????,????????????,12,12,12
302,kyodainadaga-naifuwomochi?,?????????????,?????????????,?????????????,13,13,7
303,sonoma-kuwogenbanimonokosu?,?????????????,??????????????,?????????????,13,10,13
304,sougousurutokon'nakanjidesu?,?????????????,?????????????,?????????????,13,13,13
305,inta-nettonodemajanai?,???????????????,???????????????,???????????????,15,13,15
306,tomoniganbarouzeossan?,????????????,?????????????,????????????,12,9,12
307,chottoshirabetehoshiikotogaarundesu?,???????????????????,???????????????????,???????????????????,19,19,19
308,daijiken'nihattensurukamoshirenaindesu?,??????????????????,??????????????????,?????????????????,18,17,17
309,yoshiokasanhaosakewononda?,????????????,????????????,????????????,12,12,12
310,beddonowakiniochitakotoniyoru?,???????????????,???????????????,???????????????,15,14,15
311,genbanibattenma-kutoka?,?????????????,?????????????,?????????????,13,9,13
312,son'nayatsuoruwakenaiyaro?,??????????????,??????????????,?????????????,14,13,12
313,subetefuri-supe-sunioitearu?,????????????????,?????????????????,????????????????,16,14,16
314,sorezorenoshokatsunirenrakusasete?,??????????????,??????????????,??????????????,14,12,12
315,onajiningengakakikomishiteruyoudesu?,?????????????????,?????????????????,?????????????????,17,16,17
316,konointa-nettonisankashiteiruzen'inga?,????????????????????,????????????????????,????????????????????,20,20,20
317,demokanojohafukunouekaradatta?,??????????????,??????????????,??????????????,14,12,14
318,kaminantematsuriagerarete?,????????????,?????????????,????????????,12,8,8
319,peraperashabetteitasoudana?,????????????????,????????????????,??????????????,16,12,9
320,sonokuchinokarusadetaihodekitayo?,??????????????,??????????????,??????????????,14,14,14
321,taihosaretanohatonainisumu?,?????????????,?????????????,?????????????,13,13,13
322,tsukamattayatsuhakaminankajanai?,???????????????,???????????????,???????????????,15,13,15
323,oyagosankarahaganbareba?,????????????,????????????,????????????,12,10,12
324,kizutsukukotomonaindamon'ne?,??????????????,??????????????,??????????????,14,14,14
325,dakarananigaiitaindatte?,??????????????,??????????????,??????????????,14,13,14
326,heinomukouniochitakamisama?,????????????,?????????????,?????????????,12,9,10
327,inta-nettohamatsuriyo?,????????????,?????????????,????????????,12,10,12
328,madarenrakunotorenakatta?,????????????,????????????,????????????,12,11,12
329,kiryokugaarebanaosarakikendesune?,????????????????,????????????????,????????????????,16,15,16
330,inta-nettonokakikomino?,??????????????,??????????????,??????????????,14,14,14
331,hontounokaibutsuwoundeshimatta?,??????????????,??????????????,??????????????,14,12,13
332,omoshirogattadarekaganamaewokakikomu?,????????????????,?????????????????,????????????????,16,10,14
333,sonokitainikotaeyoutosuruhazu?,???????????????,???????????????,???????????????,15,15,14
334,ikkokumohayakutaihoshinakereba?,?????????????,?????????????,??????????????,13,13,10
335,sorezorehokanshitsuniitte?,????????????,????????????,?????????????,12,11,10
336,kenjuuwokeikoushiteikuyouni?,?????????????,?????????????,?????????????,13,11,11
337,mouchottoiishashintsukainasai?,????????????????,????????????????,????????????????,16,16,16
338,goeisousainhakorekarasenshutsusuru?,???????????????,????????????????,??????????????????,15,10,10
339,ikkokumohayakuhappyoushitairashiikara?,????????????????,?????????????????,????????????????,16,15,16
340,akkenaisaigodeshitane?,????????????,????????????,???????????,12,8,8
341,konohan'nindakegainta-nettojounokamiwo?,???????????????????,??????????????????,??????????????????????,19,17,14
342,tsumaritokkunishinderuitaini?,???????????????,???????????????,????????????????,15,10,12
343,imahanakagajippa-ninatteru?,??????????????,??????????????,??????????????,14,11,13
344,inta-nettonoo-kushondekatta?,???????????????????,???????????????????,???????????????????,19,18,19
345,chikakunoho-muresunodansei?,????????????,????????????,????????????,12,12,12
346,matanomikaishitekudasaine?,?????????????,?????????????,?????????????,13,11,13
347,hayouiekaettefurohaitte?,????????????,??????????????,?????????????,12,6,10
348,demohiroshinookagedetasukatta?,?????????????,?????????????,???????????????,13,10,10
349,kondohaasamadetsukiatteyo?,?????????????,?????????????,?????????????,13,12,13
350,kittoningentomitenaiyo?,????????????,????????????,????????????,12,9,12
351,taihenmoushiwakearimasendeshita?,??????????????,??????????????,??????????????,14,14,14
352,onajizasshinodokushamoderuga?,????????????,?????????????,????????????,12,11,12
353,madahan'nin'notegakarihatsukameteinai?,??????????????????,??????????????????,?????????????????,18,17,16
354,sukoshihanaretearukimasukara?,????????????,?????????????,????????????,12,9,12
355,kyouhaarigatougozaimashita?,???????????????,???????????????,???????????????,15,15,15
356,zehimatajikaimoyondekudasai?,???????????????,???????????????,???????????????,15,14,14
357,tadakouittake-sunobaai?,??????????????,??????????????,?????????????,14,14,6
358,yukkuriochitsuitekaranohouga?,???????????????,????????????????,???????????????,15,12,15
359,burandonoshinsakuhappyoukainokaerimichi?,???????????????,???????????????,?????????????????,15,14,11
360,amarishaberitagaranai?,?????????????,?????????????,???????????,13,11,10
361,hanashiwoshitakunaihitomoiruno?,?????????????,??????????????,?????????????,13,12,13
362,higaishahafukakukizutsuiteru?,????????????,????????????,????????????,12,9,12
363,watashihiguchisan'nikirawaretamitaidesu?,??????????????????,?????????????????,????????????????,18,10,15
364,dokushamoderutohaittemo?,????????????,????????????,????????????,12,12,11
365,chokusetsuhaitteitasoudesu?,????????????,?????????????,?????????????,12,10,10
366,kakuseizaidetaihorekimoaru?,????????????,???????????,?????????????,12,8,10
367,teijidakarakaetteiiwa?,????????????,????????????,????????????,12,11,12
368,keimushokaradashitahagakiyafuutouniha?,?????????????????,???????????????,???????????????????,17,11,12
369,jiken'nogaiyougamietekimashita?,??????????????,??????????????,????????????????,14,14,10
370,korehiguchisankaramorattanda?,???????????????,???????????????,???????????????,15,14,15
371,mottoiroiromorattekoyou?,?????????????,??????????????,?????????????,13,10,13
372,tabundokokadeteashiwoshibarare?,??????????????,??????????????,?????????????,14,13,11
373,korehakizutsuketemokamawanaitoiu?,????????????????,?????????????????,????????????????,16,15,15
374,naifuwooshitsukerareteita?,??????????????,??????????????,??????????????,14,13,14
375,hiratedenagurareterukarakizumoasai?,???????????????,?????????????????,?????????????????,15,11,11
376,mikamitohaonajichuugakunosenpaikouhaide?,???????????????,???????????????,???????????????????,15,11,7
377,mikaminohataraiteruba-niyobitsukerarete?,??????????????????,??????????????????,???????????????????,18,14,13
378,sukoshihanashigakikitaindesuga?,?????????????,?????????????,?????????????,13,13,13
379,maachottosokodeochademonominagara?,???????????????????,???????????????????,???????????????????,19,19,18
380,koppunitsuitadaekikara?,????????????,????????????,????????????,12,9,9
381,hen'nakotoshabettendattara?,???????????????,??????????????,?????????????,15,10,12
382,han'nintomitemachigainaina?,????????????,????????????,????????????,12,11,11
383,purinta-deshutsuryokushitamojidesu?,???????????????,???????????????,???????????????,15,13,13
384,purinta-nome-ka-gaonajidato?,????????????????,????????????????,????????????????,16,16,16
385,jitaidehakubetsugatsukanai?,????????????,???????????,????????????,12,9,11
386,yukarisan'nokazokukouseikarashusshinchi?,????????????????,???????????????,????????????????,16,11,15
387,byouindekaiwashitakotozenbukaitearunda?,???????????????????,??????????????????,???????????????????,19,14,19
388,onajiginkounikouzatsukucchaou?,??????????????,???????????????,??????????????,14,11,11
389,han'nin'nokoetonioiwokakuninshitemorau?,?????????????????,?????????????????,??????????????????,17,15,11
390,osowaretaradonaisurutsumorija?,????????????????,????????????????,????????????????,16,16,13
391,dattarahiguchisan'nitanomuwa?,?????????????,??????????????,?????????????,13,10,13
392,on'nanotekihayurushitakunaindesu?,??????????????,??????????????,??????????????,14,14,14
393,kanedahamainichikimattajikan'ni?,?????????????,??????????????,??????????????,13,10,8
394,keishichounokatagiritomoushimasuga?,?????????????,??????????????,??????????????,13,12,11
395,dakarazen'in'yatteyaroutoomotte?,????????????????,????????????????,?????????????????,16,16,14
396,katakusousakunoreijoumotorimashita?,??????????????,???????????????,??????????????,14,7,12
397,kanarazushoukohadetekuruhazudesu?,??????????????,??????????????,??????????????,14,12,13
398,anatahamoderunakamanosatousan?,???????????????,???????????????,???????????????,15,15,6
399,sokodeba-deshiriattasanjouni?,???????????????,???????????????,??????????????????,15,13,10
400,ippoutekinianataniaijouwomuketeita?,?????????????????,?????????????????,?????????????????,17,17,16
401,ushirokarakikengaotozurerutoha?,?????????????,?????????????,?????????????,13,13,13
402,anatahatameikiwotsuita?,????????????,????????????,????????????,12,12,12
403,aitegamenomaeniiruuchiha?,?????????????,?????????????,?????????????,13,13,13
404,nakanakashoukogaagaranakatta?,???????????????,???????????????,???????????????,15,10,14
405,kanedawokanshisurutamenine?,????????????,?????????????,????????????,12,7,11
406,naninimomitsukaranakatta?,????????????,????????????,????????????,12,12,12
407,ikuradaijinashigotonotametohaie?,????????????????,????????????????,????????????????,16,16,16
408,izureniseyokatakusousakusureba?,??????????????,??????????????,??????????????,14,12,14
409,hokanimoshoukohadetekuruhazu?,??????????????,??????????????,?????????????,14,12,12
410,zenbuzaikabuttekuretanoni?,?????????????,?????????????,?????????????,13,12,12
411,fukkatsudekirutokodattanonina?,??????????????,??????????????,??????????????,14,14,14
412,yapparichokkanhatadashikattawa?,??????????????,???????????????,??????????????,14,12,14
413,an'nanomotanaidesho?,????????????,????????????,????????????,12,10,12
414,hiretsunahanzaishanotekigawatashinano?,???????????????,??????????????,????????????????,15,7,13
415,keishichounikitemoraukara?,????????????,????????????,????????????,12,12,12
416,masukomiippaikurundesho?,???????????????,???????????????,???????????????,15,13,15
417,kiminiarehanekonchuuwomirumedayo?,???????????????,???????????????,???????????????,15,10,13
418,aruimikakkoyokattadesuyo?,???????????????,???????????????,???????????????,15,15,11
419,doujousurunaramoukonwokure?,????????????,?????????????,??????????????,12,9,8
420,nanikakandukarerunjanaikatte?,????????????????,?????????????????,????????????????,16,14,16
421,higuchiyukariwoneratterukoto?,?????????????,?????????????,?????????????,13,11,13
422,jibun'nokangaewozenbuhaiwanai?,??????????????,??????????????,??????????????,14,13,14
423,hontouhashinjitsuniagetakattandayo?,????????????????,????????????????,????????????????,16,13,16
424,yapparichantokangaeterundaanatamo?,???????????????????,???????????????????,???????????????????,19,19,19
425,api-rusuruneraimoaru?,????????????,????????????,????????????,12,12,12
426,anatanoushironihawatashitachigairu?,??????????????,????????????????,???????????????,14,9,12
427,min'nanibouhantoiumonowo?,?????????????,?????????????,?????????????,13,12,12
428,shittemorautameniyattekimashita?,?????????????????,?????????????????,????????????????,17,16,14
429,zettainidoawoaketehaikemasen?,????????????????,????????????????,????????????????,16,14,16
430,fusokunojitainotaishohoudesu?,????????????,????????????,?????????????,12,9,9
431,yappariatashimuridesu?,????????????,????????????,????????????,12,12,12
432,shigotonitaisurushiseinomondai?,????????????,????????????,????????????,12,12,12
433,iedesukinadakeneteinasai?,??????????????,??????????????,??????????????,14,12,14
434,kimotosangataihen'nandesuyo?,?????????????,?????????????,?????????????,13,11,12
435,kochirakararenrakusurumade?,????????????,????????????,????????????,12,12,12
436,makotonimoushiwakearimasenga?,????????????,????????????,????????????,12,12,12
437,denwawooukesurukotogadekimasen?,?????????????????,????????????????,?????????????????,17,15,17
438,iyaninattandeshou?,????????????,???????????,???????????,12,10,10
439,shakaijintoshitearumajikikoui?,??????????????,??????????????,??????????????,14,9,14
440,puronojikakuganainingenha?,????????????,????????????,????????????,12,12,12
441,tonikakumamirindakehazettaidame?,????????????????,????????????????,????????????????,16,12,14
442,bukanojinseiwomoteasobu?,????????????,???????????,?????????,12,10,8
443,genzaigaishanomimotonowaridashichuudesu?,??????????????????,??????????????,???????????????????,18,12,9
444,tadanochinpiradoushinokenkada?,??????????????,??????????????,??????????????,14,8,9
445,tsukawaretakenjuuhafiripinru-tode?,?????????????????,??????????????????,?????????????????,17,13,15
446,jikendehanaitoomoimasuga?,?????????????,?????????????,?????????????,13,13,13
447,sorehakochiragakimemasunode?,??????????????,???????????????,??????????????,14,13,14
448,koreshu-kuri-mumottekimashita?,?????????????????,?????????????????,?????????????????,17,17,17
449,son'nanijikanhakakaranaitoomouwa?,?????????????????,????????????????,?????????????????,17,16,17
450,souiebakimotonoyatsutte?,?????????????,?????????????,?????????????,13,9,12
451,tosainuyorikigatsuyoidesu?,????????????,??????????????,????????????,12,6,12
452,anokomoaikawarazudana?,????????????,?????????????,????????????,12,7,12
453,shouryounoensosan'iongafukumareteita?,?????????????????,??????????????????,???????????????????,17,13,13
454,kinoukararenrakutsukanakuttesa?,??????????????,???????????????,??????????????,14,8,14
455,jitakunidenwasasetemoraimashita?,???????????????,???????????????,???????????????,15,15,15
456,kinshimachinopabudehataraiterundakedo?,????????????????,????????????????,????????????????,16,16,13
457,konomamadatodenkimotomerareru?,???????????????,???????????????,??????????????,15,15,13
458,tadaimarusunishiteorimasu?,??????????????,??????????????,??????????????,14,12,14
459,konkaimomimotonowakarumonoha?,????????????,????????????,?????????????,12,11,9
460,higaishanojitenshanibutsukatta?,??????????????,????????????,??????????????,14,10,14
461,onajimesse-jiwonokoshiteru?,?????????????,?????????????,?????????????,13,13,13
462,kouiumesse-jiwonokoshitarihashinai?,???????????????????,???????????????????,???????????????????,19,19,19
463,kinitsurushiagetatokangaerareru?,???????????????,???????????????,???????????????,15,12,13
464,koreranokotokarahan'ninha?,????????????,????????????,????????????,12,11,12
465,hageshiisupo-tsuwoyatteite?,??????????????,??????????????,??????????????,14,14,14
466,shakaiseikatsuhakichintokonashiteite?,????????????????,????????????????,????????????????,16,16,16
467,madahankouhatsudukukanouseigatakai?,??????????????,??????????????,???????????????,14,14,10
468,modotterunjanaikatoomotte?,???????????????,???????????????,???????????????,15,15,15
469,aaiunonihaittarishite?,?????????????,?????????????,?????????????,13,13,13
470,hadenihashaideimashita?,?????????????,?????????????,?????????????,13,9,13
471,hatteittamonogaarimasukedo?,????????????????,????????????????,????????????????,16,15,14
472,menkyoshouhaho-muresukarameigiwokatta?,??????????????????,??????????????????,??????????????????,18,15,15
473,nagurukerudekoroshitachixyuujiken'ya?,???????????????,????????????????,????????????????,15,7,10
474,toujiwadaininattajikendesu?,?????????????,?????????????,?????????????,13,13,13
475,nan'ninkadeyattandayona?,????????????,????????????,????????????,12,12,12
476,sorekararinchisatsujindekorosareta?,???????????????,???????????????,????????????????,15,14,13
477,mihariyakudattaotokogairundesu?,???????????????,???????????????,???????????????,15,14,11
478,ge-musenta-deasondeita?,??????????????,??????????????,??????????????,14,14,14
479,senta-uranitsuredashisuuhatsunagutta?,????????????????,?????????????????,??????????????????,16,11,12
480,haikyoderyouteashiwoshibattauedekankin?,????????????????,????????????????,???????????????????,16,6,10
481,ichibuwointa-nettodenagashita?,???????????????,???????????????,???????????????,15,15,15
482,sonogoegawasanhazenshindabokuniyoru?,????????????????,????????????????,?????????????????,16,11,13
483,jisatsunimisekakeyoutoshitaga?,??????????????,??????????????,?????????????,14,14,11
484,konotokinokeisatsunotaiouni?,????????????,????????????,???????????,12,12,10
485,fushizen'nataiyakonwomitsuketa?,??????????????,??????????????,???????????????,14,8,11
486,nanimosezunimigoroshinishita?,????????????,?????????????,????????????,12,10,12
487,atarashiime-rugakitemasu?,????????????,????????????,????????????,12,12,12
488,kaigainosa-ba-karakeiyushiteimasu?,?????????????????,?????????????????,?????????????????,17,16,14
489,konkasoukengashirabeterudakedo?,??????????????,?????????????,???????????????,14,9,6
490,rachisareteirunohakeishichounokeijidesu?,??????????????????,??????????????????,???????????????????,18,17,15
491,kocchinimawasuyounishita?,????????????,?????????????,????????????,12,10,12
492,anobouhankyanpe-n'noyatsu?,??????????????,??????????????,??????????????,14,12,13
493,kokumin'nozeikintsukattean'naasobishite?,????????????????,???????????????,?????????????????,16,11,13
494,omaeragayurusenaindayone?,?????????????,??????????????,?????????????,13,11,13
495,eizoumirebawakarudesho?,????????????,????????????,????????????,12,12,12
496,shikikenhaoosawanishimashou?,?????????????,????????????,??????????????,13,9,10
497,kiwametekiken'namaruhidesu?,?????????????,???????????,????????????,13,8,7
498,byouin'atokaratsuredasarete?,????????????,????????????,????????????,12,12,11
499,inta-nettonokakikomichekkuto?,??????????????????,??????????????????,??????????????????,18,18,18
500,tokubetsuhanzaitaisakunoiwaidakedo?,?????????????,??????????????,???????????????,13,9,6
501,shirabetehoshiikotogaarun'ya?,??????????????,??????????????,??????????????,14,13,14
502,nigeraresoudenigerarenai?,??????????????,??????????????,??????????????,14,14,14
503,zetsuboudekimotonokiryokuganaerukoto?,??????????????,???????????????,???????????????,14,7,9
504,han'ninmosorewoneratteiru?,????????????,????????????,????????????,12,12,12
505,tsuketetteittandakarahayakutsuketeyo?,???????????????????,?????????????????,???????????????????,19,12,17
506,koukanjoukenwomochidashizemenitenjiru?,????????????????,???????????????,????????????????,16,13,12
507,dattaraikuranarayouidekiru?,???????????????,???????????????,???????????????,15,11,13
508,sutoresureberumosoutoutakai?,?????????????,??????????????,?????????????,13,11,13
509,fushizen'nanoizugazu-ttohaitteru?,?????????????????,?????????????????,??????????????????,17,12,15
510,gakkoudemomondaijidattayoudesu?,???????????????,???????????????,???????????????,15,14,15
511,shougenwonan'ninmoshiteimasu?,????????????,????????????,????????????,12,10,12
512,tsuuwanokirokugurainokottoruyaro?,???????????????,???????????????,????????????????,15,10,13
513,keishichounonodachigatanonderutte?,??????????????,???????????????,????????????????,14,11,9
514,minasandewaketekudasai?,?????????????,????????????,????????????,13,11,11
515,jikoshikinmofundan'nitsukatteru?,???????????????,?????????????,????????????????,15,11,13
516,kimotowosuisouniiretanomo?,????????????,????????????,????????????,12,10,10
517,keisatsuwokarakattetanoshinderu?,??????????????,??????????????,???????????????,14,14,10
518,takakurayamajanaikatoiu?,????????????,????????????,?????????????,12,11,10
519,ichidohadekishimadesaserarekaketeru?,????????????????,?????????????????,????????????????,16,12,13
520,bosugakonaitoomoshirokunaijan?,????????????????,????????????????,????????????????,16,16,16
521,maatashikanison'nakanjidana?,?????????????,?????????????,?????????????,13,13,13
522,dokonidemomarugoshideikuwa?,????????????,?????????????,????????????,12,9,11
523,min'natsuiterusorewasurenaide?,???????????????,????????????????,???????????????,15,13,14
524,sutoresureberugaagatta?,?????????????,?????????????,?????????????,13,13,13
525,koregatoujinotsuuhounorokuonte-puya?,????????????????,???????????????,????????????????,16,14,14
526,futsuunokotonikyoumiganakute?,?????????????,?????????????,?????????????,13,13,13
527,demootonaninattarakoseidesuyo?,???????????????,???????????????,???????????????,15,15,15
528,kasoukensoudouindekaisekishitemoratte?,????????????????,????????????????,??????????????????,16,9,12
529,nakamanantezenzen'ateninaranaidarou?,??????????????????,??????????????????,??????????????????,18,18,18
530,son'nakotoyatteomoshiroinokayo?,?????????????????,???????????????,???????????????,17,13,13
531,tomodachigarinchisareteirundesu?,???????????????,???????????????,???????????????,15,12,15
532,orehairoiroshirabetebenkyoushite?,????????????,???????????????,????????????,12,6,12
533,shounen'inkaradetekiyagatta?,?????????????,??????????????,?????????????,13,8,13
534,maitoshiiwatteyagattanda?,????????????,?????????????,????????????,12,11,12
535,shougakkounodoukyuuseitajimashingodesu?,???????????????,??????????????,???????????????,15,10,15
536,karemokubokaraijimewouketeimasu?,?????????????????,???????????????,?????????????????,17,12,14
537,kimotosanga-rusukautoniitakara?,?????????????????,?????????????????,?????????????????,17,14,14
538,aitsuakirametenakattan'ya?,?????????????,??????????????,?????????????,13,11,13
539,nanimodekinaimamamenomaede?,?????????????,?????????????,?????????????,13,9,11
540,nakamagashindeikutsurasawoajiwattekure?,??????????????????,??????????????????,????????????????????,18,16,14
541,hikyounanohaanatajanai?,?????????????,?????????????,?????????????,13,11,13
542,sorehaimademokawaranai?,????????????,????????????,????????????,12,12,12
543,orehanatsuyokunattandayo?,????????????,?????????????,????????????,12,8,12
544,korehafuroitonoiuhanpukukyouhaku?,???????????????,???????????????,??????????????????,15,11,10
545,koukaisaretauedekorosareteiru?,??????????????,??????????????,??????????????,14,14,14
546,egawakuntoonajisetsujokuwoajiwattekure?,????????????????,?????????????????,??????????????????,16,10,12
547,jigensouchiwoosutokitamerattajan?,?????????????????,??????????????????,??????????????????,17,8,12
548,imanowatashihaanatatohachigau?,????????????,????????????,????????????,12,12,12
549,aitsuratoonajikotoshitedousuru?,????????????????,????????????????,????????????????,16,16,16
550,antamobyouin'niikanakya?,?????????????,?????????????,?????????????,13,12,13
551,anogekinokaerimichiikinari?,????????????,?????????????,????????????,12,10,12
552,bukagahanzainimakikomaretemo?,??????????????,??????????????,??????????????,14,13,14
553,keisatsukan'norachikankin'noyougide?,?????????????,?????????????,??????????????,13,9,9
554,sekkakubokunokubimomanukaretandashi?,????????????????,?????????????????,???????????????,16,10,14
555,kesahaasamadeitanonine-?,?????????????,?????????????,?????????????,13,10,13
556,sakkiseirishitaradetekita?,?????????????,??????????????,?????????????,13,10,13
557,owariinihaaitsugaheisukesanga?,??????????????,??????????????,????????????????,14,6,7
558,soretomoheisukesangaaitsunanoka?,????????????????,?????????????????,????????????????,16,11,16
559,nanitozoonbin'nitoittekiteru?,??????????????,??????????????,?????????????,14,10,9
560,todomenoichigekiwoukerumade?,?????????????,?????????????,?????????????,13,10,12
561,tetsuaruihasuchiruseinomonodatoshika?,?????????????????,?????????????????,?????????????????,17,15,13
562,shimonhasubetefukitorareteita?,??????????????,???????????????,???????????????,14,9,9
563,tewotsukeraretakeisekiganaitame?,???????????????,???????????????,???????????????,15,14,14
564,purasusoutouatamanokirerujinbutsu?,?????????????,?????????????,???????????????,13,9,8
565,kimototowatashihamazugenbani?,?????????????,???????????,????????????,13,7,6
566,hankougaattatoomowareru?,????????????,????????????,????????????,12,12,10
567,masukominihamienaikarakeisatsu?,???????????????,???????????????,???????????????,15,15,15
568,teiukakimitachinohanashikikasetekureyo?,?????????????????,???????????????????,?????????????????,17,11,17
569,min'nataimenbakkakinishiterukanjidesune?,???????????????????,???????????????????,????????????????????,19,15,15
570,anokotachichantohanasanaidesho?,?????????????????,????????????????,?????????????????,17,16,17
571,watashinimuitekurenaitokomaruno?,????????????????,??????????????,??????????????,16,13,13
572,jukukankeishamomiteimasen?,????????????,????????????,????????????,12,11,12
573,deteittajinbutsumomadawakaran?,???????????????,???????????????,???????????????,15,14,13
574,demotabunkanojohanottekuru?,??????????????,??????????????,?????????????,14,8,11
575,onjoutorikaiwomotteatari?,?????????????,????????????,????????????,13,8,9
576,sonoshinjouwokizutsukenaiyouni?,??????????????,??????????????,??????????????,14,10,14
577,jougitokonpasudeegakeru?,????????????,????????????,?????????????,12,10,10
578,nankasugokumoriagatteru?,??????????????,??????????????,??????????????,14,14,14
579,kyorigaarutomoriagarukedo?,??????????????,??????????????,??????????????,14,12,14
580,demosatsugaisonomonohahiteishitemasu?,????????????????,????????????????,?????????????????,16,16,13
581,urareterunogawakarimashita?,??????????????,??????????????,??????????????,14,12,13
582,watashimomotteruyokore?,????????????,???????????,??????????,12,8,9
583,shoukoinmetsuwohakaroutosuruhan'ninha?,???????????????,???????????????,??????????????????,15,7,9
584,monowokangaerukotogadekiru?,?????????????,????????????,????????????,13,11,11
585,soredeharawotatetattewakeka?,??????????????,??????????????,??????????????,14,14,14
586,yattemoraenaikanatoomotte?,???????????????,???????????????,???????????????,15,15,15
587,kinchoujoutaiwomiyoutoshita?,????????????,????????????,????????????,12,12,12
588,anatatachinoneraihasaishokara?,??????????????,??????????????,??????????????,14,14,14
589,jiichantachigayatterukara?,???????????????,???????????????,??????????????,15,12,13
590,matawatashigautagawareteru?,????????????,??????????,??????????,12,9,9
591,kyouhairotoomoshiroihanashigaaruno?,??????????????,??????????????,??????????????,14,14,14
592,jouon'nomineraruuotawonomutoha?,????????????????,??????????????,????????????????,16,8,12
593,souyatteatatamerudakede?,????????????,????????????,????????????,12,12,12
594,aomukewoutsubusettesurudakedemo?,??????????????????,????????????????,?????????????????,18,10,15
595,watashisenseiwokoroshichatta?,?????????????,????????????,???????????,13,6,10
596,tokorogaomoimoyorazunanoka?,??????????????,??????????????,??????????????,14,12,13
597,anatahasaishokawaitakekkon'nouekara?,????????????????,?????????????????,?????????????????,16,12,11
598,saranisonouenimatasuguni?,?????????????,?????????????,?????????????,13,13,13
599,hinikunimohyouhakuzaiwomaitakotode?,???????????????,????????????????,????????????????,15,6,13
600,masuokasenseinotokogawarareteta?,??????????????,??????????????,????????????,14,10,10
601,nandekanattezuttokangaeteta?,??????????????,???????????????,???????????????,14,12,12
602,masuokasenseigatsukiattetanoha?,??????????????,??????????????,??????????????,14,11,13
603,nanonidoushitereiseijanaindarouutte?,?????????????????????,????????????????????,?????????????????????,21,20,21
604,kiniittaranochidekounyuusurutteyatsu?,?????????????????,?????????????????,??????????????????,17,17,15
605,yukiwoasondeyattatoka?,????????????,???????????,???????????,12,10,10
606,dakaraomowazusoredakesuteteshimatta?,??????????????????,??????????????????,??????????????????,18,18,16
607,sakkikaraitteruyone?,????????????,????????????,????????????,12,12,12
608,ninomiyasenseigaokonatteitatoiu?,??????????????,??????????????,??????????????,14,12,14
609,dattaraninomiyasenseijan?,????????????,?????????????,????????????,12,7,12
610,souiunogakakutarushoukotteiuno?,?????????????????,?????????????????,?????????????????,17,14,17
611,taisakushitsumoyokuyattajan?,?????????????,??????????????,??????????????,13,8,11
612,detekitanoninomiyasenseinorokkajanaiyo?,???????????????????,????????????????????,???????????????????,19,15,15
613,watashimonooboewaruikaramachigattete?,????????????????,???????????????,??????????????,16,12,13
614,machigaeteanatanitsutaechatta?,???????????????,???????????????,???????????????,15,13,15
615,senseimitainikireininaritainatoomotte?,???????????????????,????????????????????,???????????????????,19,16,18
616,kireininarerukanatoomotte?,?????????????,??????????????,?????????????,13,10,12
617,jaaanoporigurafumo?,????????????,????????????,????????????,12,12,10
618,hokanimoasondaon'nanokotomo?,?????????????,?????????????,????????????,13,12,10
619,kondokeimushokaradetekurutokiha?,???????????????,???????????????,???????????????,15,15,14
620,demoomaenikitahanashidakara?,????????????,????????????,?????????,12,12,6
621,masukomimukenokoukokutoujaarimasenkara?,????????????????????,?????????????????????,????????????????????,20,18,20
622,omaedattekichintome-kushitekeba?,?????????????????,?????????????????,?????????????????,17,15,17
623,rirakkusushitetanoshindeittekudasai?,???????????????????,??????????????????,???????????????????,19,17,19
624,soredehayoroshikuonegaishimasu?,???????????????,???????????????,???????????????,15,15,15
625,saranihajoseihatsunoshitsuchouto?,????????????,?????????????,????????????,12,7,12
626,orekouiunonigatenandakedone?,???????????????,????????????????,???????????????,15,9,15
627,kichintodekiteimasunode?,?????????????,?????????????,?????????????,13,13,11
628,kattabakarinoikumouzainandesukedo?,?????????????????,???????????????????,???????????????????,17,12,11
629,kyouhaanokowaion'nagainai?,?????????????,???????????????,?????????????,13,7,13
630,jikenkaiketsuhetotsunagatterundesune?,?????????????????,????????????????,????????????????,17,14,15
631,puraibe-tohafutsuunoon'nadesukara?,????????????????,????????????????,????????????????,16,16,16
632,nitayounamon'nandesune?,?????????????,?????????????,?????????????,13,13,13
633,konoshigotodehayokuarukotonandesu?,?????????????????,?????????????????,?????????????????,17,17,17
634,saikin'noshainhasugubibicchatte?,????????????????,????????????????,????????????????,16,16,16
635,osorakutairyounoaruko-rude?,??????????????,??????????????,??????????????,14,12,14
636,gokuhishashinwosuppanuitekita?,??????????????,??????????????,??????????????,14,6,13
637,torikumushiseinikawarihanai?,??????????????,??????????????,???????????????,14,14,9
638,ikemenmoorunokashira?,????????????,????????????,????????????,12,10,12
639,mattakufushizen'natenganai?,?????????????,?????????????,??????????,13,12,8
640,hontouninuganakuteiikara?,?????????????,?????????????,?????????????,13,12,12
641,kokodeosakewonondeitemo?,?????????????,?????????????,?????????????,13,13,13
642,mashitearuko-runiyotte?,?????????????,?????????????,?????????????,13,10,11
643,sonomasakawotsuikyuusurunoga?,?????????????,?????????????,?????????????,13,12,12
644,nanikaottayounakigasurukedona?,????????????????,???????????????,????????????????,16,11,16
645,puraibe-tochuunooikakeruno?,???????????????,???????????????,???????????????,15,14,14
646,jiken'nikanshitenozokuhoudesu?,????????????,????????????,????????????,12,12,12
647,dekiruwakenaijanai?,????????????,????????????,????????????,12,12,12
648,terebihatsuitetamitaidesukedo?,????????????????,????????????????,????????????????,16,16,15
649,sorekarahakuitsunagutameni?,??????????????,?????????????,?????????????,14,11,12
650,kon'nanoichiichikinishitetara?,???????????????,??????????????,???????????????,15,11,15
651,kameramantoshitekatsudoushiteita?,???????????????,???????????????,???????????????,15,15,15
652,byoukinikakarishigotowoyasundeitaka?,????????????????,????????????????,????????????????,16,16,16
653,anojikoshiwoshirabeterundesuyone?,????????????????,???????????????,????????????????,16,15,16
654,jikoshidekatadukeraretamonowo?,??????????????,??????????????,??????????????,14,10,14
655,demosaisousashiteyokattadesuyo?,???????????????,???????????????,???????????????,15,12,13
656,tsumarijissainojikengenbani?,????????????,????????????,????????????,12,12,8
657,nanikaattarasugurenrakukudasai?,??????????????,???????????????,???????????????,14,12,12
658,pattomiteiion'natteomowarenaito?,?????????????????,?????????????????,??????????????????,17,15,13
659,koreanatanoyomidoori?,????????????,???????????,????????????,12,10,12
660,tsumenosakihamenganamerakanano?,????????????,?????????????,?????????????,12,11,9
661,kouiusasakurehananikanisawatteiruto?,???????????????????,??????????????????,????????????????????,19,18,17
662,daisanshanoteniyottekirareta?,??????????????,??????????????,??????????????,14,14,12
663,konootokohitotsukihodomaekara?,????????????,????????????,?????????????,12,9,10
664,tadashokugyoujounosettenhanai?,????????????,????????????,??????????????,12,11,6
665,suto-ka-satsujin'nogenbaniitadirekuta-?,????????????????????,?????????????????????,??????????????????,20,15,12
666,kokonikurumadenimayocchatta?,???????????????,??????????????,???????????????,15,13,15
667,watashihajibun'nomedemite?,????????????,??????????,??????????,12,9,9
668,jibun'nomedemitetashikametaino?,??????????????,???????????????,??????????????,14,12,14
669,tamatamachikakudeshuzaishitetakara?,???????????????,???????????????,???????????????,15,9,15
670,sorosorojikandakaramata?,????????????,????????????,????????????,12,12,12
671,kochirakosogomen'nasai?,????????????,????????????,????????????,12,12,12
672,suku-pueizouwokaisekishitamonoyo?,???????????????,???????????????,???????????????,15,15,15
673,unkoushiteitafunenoenjin'on?,??????????????,??????????????,??????????????,14,13,6
674,hamononoyounamonodekubiwosasare?,???????????????,???????????????,???????????????,15,15,14
675,yasudaniyowamiwonigirareteite?,?????????????,??????????????,??????????????,13,9,11
676,takaminehitomigaookurishimashita?,?????????????,?????????????,?????????????,13,8,9
677,shiinhagenzaiwakatteorimasen?,???????????????,???????????????,???????????????,15,14,14
678,tondemonaifushoujidazo?,????????????,????????????,????????????,12,12,12
679,kiminisekinintottemorawanaitona?,???????????????,???????????????,???????????????,15,14,14
680,nakunattadanseitougouhidenorisanha?,???????????????,????????????????,?????????????????,15,8,8
681,hakkengosugunitasukenihaittakanoyouni?,??????????????????,??????????????????,????????????????????,18,18,13
682,eizouwoichibukiritorihenshuushimashita?,????????????????,????????????????,???????????????????,16,13,11
683,shikashinetsuzousuku-punoeizouwo?,??????????????,??????????????,????????????????,14,13,10
684,kapuseruwofukuyoushiteshinda?,?????????????,?????????????,?????????????,13,12,12
685,takaminenikapuserunomasunohamuriyana?,?????????????????,?????????????????,?????????????????,17,10,14
686,tattaimakarakonoyamaha?,????????????,???????????,???????????,12,10,10
687,uenoketsurongaderumadeomaetachiha?,???????????????,???????????????,???????????????,15,13,15
688,kokodeotonashikumattero?,?????????????,????????????,????????????,13,8,10
689,oredattetsuraindakarasa?,?????????????,??????????????,?????????????,13,11,13
690,torishirabechuunihitogashinderundarou?,?????????????????,????????????????,?????????????????,17,14,17
691,sousanikimatterujanai?,?????????????,?????????????,?????????????,13,13,11
692,sousatantoukarahazusaretandesuttene?,?????????????????,??????????????????,??????????????????,17,15,13
693,taihen'namondaiwookoshitandakara?,???????????????,???????????????,???????????????,15,15,15
694,kon'namonmoracchattenexe?,???????????????,???????????????,???????????????,15,15,15
695,sousawozokkousasetehoshiittesa?,???????????????,???????????????,???????????????,15,14,13
696,oosawaerikohakubidakedona?,????????????,????????????,?????????????,12,8,6
697,aribainouratottekimashita?,??????????????,???????????????,??????????????,14,11,13
698,sokokarawakattashinjijitsugaikutsuka?,????????????????,?????????????????,??????????????????,16,12,9
699,mazutougounotainaikaradetekita?,??????????????,??????????????,????????????????,14,12,9
700,namahousoumaedeisogashiindakedo?,?????????????,????????????,?????????????,13,12,13
701,anataniichibansaishonitsutaeyoutoomotte?,??????????????????,??????????????????,??????????????????,18,16,18
702,sonohianatagatougouniseisankariwo?,????????????????,????????????????,??????????????????,16,10,8
703,konoseibunhanitoroseruro-sujushi?,????????????????,????????????????,?????????????????,16,12,9
704,mazuseisankariirinokapuseruwo?,???????????????,???????????????,???????????????,15,10,6
705,manikyuanokuriako-todeko-tingusuru?,??????????????????????,??????????????????????,?????????????????????,22,20,15
706,koredetokedasujikanwochouseidekiru?,????????????????,????????????????,???????????????????,16,14,7
707,korewofukuyousurutoensanroperamidode?,?????????????????,???????????????????,???????????????????,17,10,7
708,dokuirikapuserugatokedashi?,?????????????,?????????????,?????????????,13,9,12
709,kapuseruzaiwonomanakerebaikenaikotowo?,????????????????????,????????????????????,????????????????????,20,19,19
710,tainaininokottaseibunwokeisansuruto?,???????????????,????????????????,?????????????????,15,10,11
711,tougougakapuseruwofukuyoushitanoha?,???????????????,???????????????,?????????????????,15,12,9
712,sorekarayasudanoofurojoude?,?????????????,????????????,???????????????,13,11,10
713,yuushuunaja-narisutodatta?,??????????????,??????????????,??????????????,14,14,14
714,watashigaookikunaranaitoikenai?,?????????????????,???????????????,???????????????,17,14,14
715,tatoedon'nanichiisanakoedemo?,??????????????,?????????????,???????????????,14,12,12
716,namahousouchuunijihakusurunante?,?????????????,?????????????,?????????????,13,12,13
717,saikinzangyousuruyouninattarashiine?,?????????????????,?????????????????,?????????????????,17,17,17
718,souiebakinounonodachikainimokonakatta?,???????????????????,????????????????????,?????????????????????,19,11,13
719,ikemengatsudouigyoushukouryuukaida?,???????????????,??????????????,????????????????????,15,8,6
720,katagirigakonaitosenryokuninaran?,??????????????,???????????????,?????????????????,14,11,9
721,maason'nakarikarisuruna?,?????????????,?????????????,?????????????,13,12,9
722,matanodachikainikonakunaru?,????????????,??????????????,?????????????,12,7,8
723,yamamu-niwiggukabusete?,??????????????,?????????????,?????????????,14,8,11
724,satsujinwookoshiteruhittoman'ya?,???????????????,???????????????,???????????????,15,15,12
725,konkaitairitsusurusoshikinokanbuwo?,?????????????,?????????????,???????????????,13,13,7
726,soreniokuraretekitakononingyou?,??????????????,??????????????,??????????????,14,13,14
727,onodahantokyouryokushitesousawosuru?,???????????????,???????????????,?????????????????,15,12,10
728,shojishiterukotonihakawarihanai?,????????????????,????????????????,????????????????,16,16,16
729,saikinraifurudanwokounyuushitahitoha?,???????????????,????????????????,????????????????????,15,13,6
730,madashigotochuunandakedone?,????????????,????????????,????????????,12,12,12
731,kanojohatobikkirinobijindakara?,???????????????,???????????????,????????????????,15,14,10
732,juudankaratsukawaretaraifuruha?,??????????????,??????????????,??????????????,14,12,8
733,osorakushuryouyounoremintonwo?,???????????????,???????????????,???????????????,15,13,12
734,sukeju-rumiteokukara?,?????????????,?????????????,?????????????,13,13,13
735,konohitonanimowakattenai?,????????????,???????????,????????????,12,10,11
736,kononingyouhaosorakukorekara?,??????????????,??????????????,??????????????,14,13,14
737,korehabuchoukurasushikamirenaindakedo?,???????????????????,???????????????????,???????????????????,19,18,18
738,yobidasunayokon'natokoroni?,????????????,??????????????,??????????????,12,9,9
739,keishichoukanbuganakawarukattanda?,??????????????,???????????????,?????????????????,14,11,6
740,dokujinisousawosusumeteitanda?,??????????????,??????????????,??????????????,14,14,12
741,tsuujounosousanaraarienai?,?????????????,?????????????,?????????????,13,13,10
742,tanimotogaonajikakkouwosasete?,????????????,?????????????,????????????,12,7,12
743,keisatsunodoukoumirutamenina?,????????????,????????????,????????????,12,10,11
744,kyuukyuushadehakobaretagamamonaku?,??????????????,???????????????,??????????????,14,8,14
745,nakamawokorosunohayameruyo?,????????????,?????????????,????????????,12,10,11
746,asokodehappousurunohayamuwoenaishochi?,???????????????????,?????????????????,????????????????????,19,14,15
747,zuttoseotteikushikanai?,??????????????,?????????????,??????????????,14,12,13
748,reinokeijisangautaretatteiuno?,?????????????????,???????????????,????????????????,17,11,15
749,keibishinakuchaikenakute?,?????????????,?????????????,?????????????,13,13,13
750,ta-gettohasonoayamaijiken'nikanrenshita?,??????????????????,??????????????????,??????????????????????,18,16,7
751,koredematadarekagakorosareru?,?????????????,??????????????,?????????????,13,12,13
752,kankeishiterukanouseimofukume?,????????????,????????????,????????????,12,12,12
753,konoshigotojitaiwasuretonchaukana?,????????????????,???????????????,??????????????,16,9,12
754,ayamatteutaretamutousanga?,?????????????,???????????,?????????????,13,8,7
755,sorenitoujijoseikeijibakariwoatsumete?,?????????????????,????????????????,??????????????????,17,14,15
756,raibarunonodachigachuumokusareteita?,????????????????,?????????????????,????????????????????,16,13,7
757,soshikihanzaiwotoukatsusuruchoutoshite?,??????????????,???????????????,??????????????????,14,10,7
758,sutandowobunkatsushitekeibiwookonau?,???????????????,???????????????,??????????????????,15,12,9
759,hontounokuromakuhakoitsunanoyo?,?????????????,????????????,?????????????,13,11,13
760,oogesanifuttobiyagatteomae?,???????????????,??????????????,????????????????,15,7,13
761,betsuniiijanaissuka?,????????????,????????????,????????????,12,12,12
762,mounaiteiiminaikara?,?????????????,????????????,?????????????,13,11,13
763,oretachisaikyoutsu-toppuda?,????????????,?????????????,????????????,12,10,8
764,soudansuruon'nanankaimasen?,?????????????,???????????????,?????????????,13,9,13
765,dousematamasukomimukenioshitsukerareta?,????????????????????,???????????????????,????????????????????,20,19,13
766,bokugamadakoubankinmujidaini?,????????????,????????????,?????????????,12,8,9
767,onodahanhasudeniugoiteiru?,??????????????,?????????????,????????????????,14,12,10
768,kimitachimoshikyuusousaniatattekure?,????????????????,???????????????,?????????????????,16,10,9
769,maenoaremokoichixyauchuunen?,???????????????,???????????,????????????????,15,7,13
770,de-tonanteikasenaiyo?,?????????????,?????????????,?????????????,13,12,13
771,kimototohanagatahawatashitogenbani?,??????????????,????????????,???????????????,14,8,10
772,katagirihakasoukentorenkeishite?,????????????,????????????,??????????????,12,8,8
773,takaikotogawakarimashita?,????????????,????????????,????????????,12,11,11
774,kounanameninatteitari?,????????????,????????????,????????????,12,10,7
775,fukusuuirukotowosashiteru?,????????????,????????????,???????????,12,12,10
776,shougaitosettounozenkanoaruotokoya?,??????????????,???????????????,?????????????????,14,8,7
777,minareterumitaidesune?,????????????,???????????,????????????,12,11,11
778,naitouhakoritsushitetamitaiya?,?????????????,?????????????,?????????????,13,13,13
779,mouichidogaishamawariwoatatte?,???????????????,??????????????,???????????????,15,12,13
780,onodahankaranohoukokugaarimashita?,????????????????,???????????????,????????????????,16,12,12
781,attenakuzetsuenjoutainiarusoudesu?,?????????????????,?????????????????,????????????????????,17,11,10
782,kodomowooitenigerunante?,?????????????,??????????????,?????????????,13,10,12
783,keisatsunohoutonokomyunike-shonha?,?????????????????,?????????????????,?????????????????,17,17,17
784,kaisetsushiterasshaimasuga?,?????????????,?????????????,?????????????,13,11,11
785,kobetsunisoudangaarubaaiha?,????????????,????????????,????????????,12,12,12
786,oikondeshimaukotogaooindesu?,?????????????????,?????????????????,????????????????,17,16,16
787,itsukachichioyanimitomeraretai?,?????????????,?????????????,?????????????,13,13,13
788,aisaretaitonegatteimashita?,??????????????,??????????????,??????????????,14,14,14
789,senkyakugaitamitaidakara?,????????????,???????????,????????????,12,9,12
790,ichihomosotonihadenakattatoitteimashita?,????????????????????,????????????????????,????????????????????,20,19,17
791,genbanodogashanaikaraderuhazudakara?,?????????????????,?????????????????,??????????????????,17,14,12
792,toiukotohashougenhahontouka?,?????????????,?????????????,?????????????,13,11,13
793,tonikakuomaehaotonashikushitero?,????????????????,??????????????,????????????????,16,13,16
794,joginguchuunojoseigahakkenshiteimasu?,??????????????????,??????????????????,??????????????????????,18,18,10
795,naifudenodomotowoichigekisaretanochini?,????????????????,????????????????,???????????????????,16,14,7
796,muchakuchanakoroshikatadaga?,?????????????,??????????????,??????????????,13,9,11
797,atoshimatsudakehashikkarishiteiru?,???????????????,????????????????,???????????????,15,11,15
798,masukominitatakarerunda?,?????????????,????????????,????????????,13,11,11
799,masukomitaiounohoumobacchiriyatte?,?????????????????,?????????????????,?????????????????,17,13,13
800,jasonosaitoetsuranshaga?,????????????,????????????,?????????????,12,9,10
801,sonome-ruwomirarerusubetenoningenga?,?????????????????,??????????????????,????????????????????,17,15,11
802,nenreimogyakutaihouhoumooyajisokkurida?,????????????????,?????????????????,?????????????????,16,10,13
803,keishichounooosawaerikodesu?,????????????,???????????,????????????,12,9,8
804,soredeichiousenseinojikentoujitsuno?,??????????????,??????????????,????????????????,14,11,10
805,sonojikanhawatashineteimashitakara?,?????????????????,???????????????,???????????????,17,14,14
806,konogenbakaramiyagawasan'nojitakuha?,???????????????,???????????????,????????????????,15,15,11
807,miyagawasanhaeirinahamonode?,????????????,?????????????,????????????,12,9,7
808,genbaninokosaretakutsuatodesuga?,?????????????,???????????????,??????????????,13,9,11
809,son'nakotoaruwakenaidesuyo?,???????????????,???????????????,???????????????,15,15,15
810,sonojikanhakyoujushitsuniimashita?,??????????????,????????????????,???????????????,14,9,11
811,kyouyuupasokon'nikameratsuiterukara?,?????????????????,?????????????????,?????????????????,17,14,12
812,zengonohimofukumeteshuujitsuzenbu?,?????????????,?????????????,??????????????,13,13,8
813,tadasousawokonransaserudakedakara?,????????????????,????????????????,????????????????,16,14,14
814,dattarasaigoniisshoniyarouyo?,???????????????,???????????????,???????????????,15,15,15
815,chichioyanihidoigyakutaiwouketeita?,???????????????,??????????????,???????????????,15,10,14
816,semaioshiirenonakanitojikomerareta?,?????????????????,????????????????,??????????????????,17,12,11
817,son'namainichiganan'nenmotsuduita?,?????????????,?????????????,??????????????,13,13,11
818,tachinaorukotogadekinakattakeisukesanha?,???????????????????,??????????????????????,?????????????????????,19,13,15
819,sorewohakkenshitaanataha?,????????????,????????????,????????????,12,12,12
820,oshiirenitojikomerarete?,?????????????,?????????????,?????????????,13,7,13
821,chokusetsutekinahyougengaiikamo?,????????????,????????????,????????????,12,12,12
822,kidukanaideitanante?,????????????,???????????,????????????,12,11,11
823,kyoujushitsunihaittatokiniha?,????????????,???????????,??????????????,12,10,7
824,kikitegakawarukotohamaredehanaino?,??????????????????,??????????????????,??????????????????,18,17,17
825,korehajibun'niokotterukotodehanaito?,???????????????????,??????????????????,??????????????????,19,17,17
826,omoikondeshimattanone?,????????????,????????????,????????????,12,12,12
827,takusansukuttekitanohajijitsudesu?,????????????????,????????????????,?????????????????,16,15,8
828,keisukesan'nojinkakudehanaku?,????????????,?????????????,??????????????,12,8,8
829,nanikasetsunakunacchattana?,?????????????,??????????????,?????????????,13,11,13
830,chottodaijinakotoiinikita?,???????????????,???????????????,???????????????,15,15,15
831,joseihenokanshinhakiwametetsuyoiga?,??????????????,??????????????,????????????????,14,12,9
832,omaeraimakeshigomunusundarouu?,???????????????,??????????????,???????????????,15,7,15
833,dakaraokaasandamedesutte?,??????????????,???????????????,??????????????,14,11,12
834,koushuuyatterundesukara?,????????????,????????????,????????????,12,10,12
835,taisakushitsunomenmenhahitogatarinai?,??????????????,??????????????,????????????????,14,13,9
836,nandewatashigashougakuseiaiteni?,?????????????,????????????,????????????,13,7,8
837,oregakinshinshobunttekotode?,????????????,????????????,????????????,12,6,10
838,gyakunihokosakiwokawashitandayo?,?????????????,??????????????,?????????????,13,11,13
839,tetsudattemorautsumoridattakedo?,????????????????,????????????????,????????????????,16,15,16
840,ekimaehirobanisecchisaretabakudanga?,??????????????,??????????????,?????????????????,14,6,7
841,maatorishiraberushikanaiyaro?,??????????????,??????????????,??????????????,14,12,12
842,iwaitokatagirihahigishanotorishirabe?,???????????????,???????????????,?????????????????,15,7,6
843,kamitsukarenaiyounine?,????????????,????????????,??????????,12,12,8
844,orenomiminihaittekuruhazudazo?,??????????????,???????????????,??????????????,14,12,14
845,gomibakokettanotokonkainojikento?,???????????????,????????????????,????????????????,15,8,9
846,sorewokiridasutaimingu?,?????????????,?????????????,?????????????,13,13,13
847,koitsuhaorenodaigakunokouhaida?,?????????????,??????????????,?????????????,13,6,13
848,dagamadakakushougatsukamenai?,?????????????,?????????????,?????????????,13,11,9
849,aremooshokunohakkakuwoosoreta?,?????????????,?????????????,??????????????,13,12,11
850,hisshinayatsuragajousoubuniiru?,??????????????,?????????????,?????????????,14,8,11
851,han'nin'noitogawakarimasen?,?????????????,????????????,?????????????,13,10,12
852,torishirabenokankyuuwodaibumanandayoune?,??????????????????,?????????????????,??????????????????,18,7,15
853,kankeigaarunohakarejanai?,?????????????,??????????????,?????????????,13,11,13
854,touzenjikken'nitsukaumonodatoomoi?,??????????????,??????????????,???????????????,14,14,12
855,hon'ninhasorewokatakunanihiteishiteru?,?????????????????,????????????????,?????????????????,17,15,13
856,sonoaninookidokeiwotsukatte?,?????????????,?????????????,??????????????,13,9,11
857,ri-da-hajimeshuyounakanbuga?,??????????????,???????????????,??????????????,14,10,9
858,hontounikeijidattandana?,????????????,????????????,????????????,12,11,12
859,sorewosagurutamenioretotsukiattetanante?,????????????????????,?????????????????????,????????????????????,20,16,18
860,aratanajouhougaarusouda?,????????????,????????????,????????????,12,12,12
861,dandan'ookunatterundesuyone?,????????????????,????????????????,????????????????,16,15,16
862,kougiwoshiteitakyoujuhabujideshita?,????????????????,????????????????,????????????????,16,12,14
863,kuroitsukitonokankeihadetekitemasen?,????????????????,?????????????????,????????????????,16,14,15
864,shatta-noshuurinimairimashita?,???????????????,???????????????,????????????????,15,15,10
865,kochirasain'nohouonegaishimasu?,???????????????,???????????????,???????????????,15,11,15
866,hontounoiryokuhawakaranai?,????????????,????????????,????????????,12,10,11
867,koretoujinochokusetsunoshikikanha?,?????????????,?????????????,??????????????,13,8,9
868,jouhounogoteikyougakakasemasen?,??????????????,??????????????,??????????????,14,14,13
869,tsukimashitehasousanigokyouryoku?,?????????????,????????????,?????????????,13,11,11
870,kanshajouwosashiagetaitoomoimasu?,????????????????,????????????????,?????????????????,16,14,14
871,buchiatattakamoshiremasen'yo?,???????????????,???????????????,???????????????,15,12,13
872,kuroitsukinota-gettohasonoho-runanoyo?,???????????????????,????????????????????,???????????????????,19,17,17
873,kocchinimobakudangaarimasu?,?????????????,?????????????,?????????????,13,13,13
874,daigakunokougishitsuwonerattanomo?,?????????????,?????????????,?????????????,13,12,12
875,zenkeibiwokocchinimawashitekure?,??????????????,??????????????,????????????????,14,13,9
876,mokutekijanakattatoshitara?,?????????????,?????????????,?????????????,13,13,13
877,ooyamakeishisoukan'ninattekara?,?????????????,?????????????,?????????????,13,9,12
878,pu-rushiteitatoomowareru?,?????????????,?????????????,?????????????,13,13,11
879,yosan'un'eibuhatsukaenakunatta?,??????????????,??????????????,????????????????,14,14,8
880,matanerawarerukamoshirenaikara?,???????????????,???????????????,??????????????,15,15,6
881,sonokakkoudekaijounihaitta?,????????????,????????????,????????????,12,11,12
882,kimitachinoshikikenwomotsukotoninatta?,?????????????????,????????????????,?????????????????,17,13,16
883,kimitachinihahataraitemorau?,????????????,????????????,????????????,12,11,12
884,moshikashitarasonokorokara?,?????????????,????????????,????????????,13,11,11
885,keisatsukanbunobougaigaattanokamo?,???????????????,???????????????,????????????????,15,15,9
886,sonoteidonousoshikatsukeneeyouja?,?????????????????,??????????????,?????????????????,17,7,15
887,watashinegashoujikidakarausotsukenaino?,?????????????????,???????????????,????????????????,17,12,11
888,taihonotokinitappurito?,????????????,????????????,???????????,12,12,10
889,hatasehenkattakedona?,????????????,???????????,????????????,12,10,12
890,sonosukinijoujirutsumoriya?,?????????????,????????????,????????????,13,9,9
891,koregashikakeraretabakudan?,????????????,????????????,????????????,12,12,10
892,anatashikawakaruhitogainaitoomoimasu?,???????????????????,???????????????????,???????????????????,19,18,18
893,jikenkaiketsunotamenaraatamawosageru?,???????????????,???????????????,???????????????,15,14,14
894,soregawatashinopuraido?,????????????,??????????,??????????,12,9,9
895,konomaemoomaenihadamasareta?,??????????????,?????????????,?????????????,14,12,12
896,ochademonominagarayukkuriyarimashou?,????????????????????,????????????????????,????????????????????,20,20,20
