NUM,EXPECTED,model_epoch_02_gs_79898_beam_width_1,# characters,edit distance
1,ずっと先のことだけどね,ずっと先のことだけどね,11,0
2,おなか減って死にそうだよ,お腹へって死にそうだよ,12,3
3,水野先生がおっしゃったように,水の先生がおっしゃったように,14,1
4,治療法が見つかるかもしれない,治療法が見つかるかもしれない,14,0
5,お母さん代わってあげられなくてごめんね,お母さん代わって挙げられなくてごめんね,19,1
6,お前がそんなことでどうすんだよ,お前がそんなことでどうすんだよ,15,0
7,あいつはそんなヤワじゃねえよ,相つはそんなやわじゃねえよ,14,4
8,あいつが折れそうになったら,相次が折れそうになったら,13,3
9,弘樹もここしょうゆついてる,広きもここしょうゆついてる,13,2
10,わたしの世界はまるで変わってしまった,私の世界はまるで変わってしまった,18,3
11,後ろから答案用紙集めて,後ろから党案用紙集めて,11,1
12,今年遊んどかないともう遊べないよ,今年麻存度かないともう遊べないよ,16,3
13,アクアトピアに乗りたい,悪あとピアに乗りたい,11,4
14,女ってよくしゃべんなあと思って,女って良く者弁なあと思って,15,5
15,カメの餌やりとか金魚の餌やりとか,亀のエサやりとか金魚の栄さやりとか,16,6
16,そんなの誰かに頼めばいいじゃない,そんなの誰かに頼めばいいじゃない,16,0
17,薬の効果やリハビリの方法を,薬の効果やリハビリの方法を,13,0
18,確認したいと思ってます,確認したいと思ってます,11,0
19,こんなふうに毎日少しずつ,こんなふうに毎日少しずつ,12,0
20,何かができなくなっていくの,何かができなくなっていくの,13,0
21,目を閉じて次の日が来るのがこわい,目を閉じて次の日が来るのが怖い,16,2
22,朝が来て悪くなってるかもしれないと,浅が来て悪くなってるかもしれないと,17,1
23,でもお父さんが聞いたら大変だね,でもお父さんが聞いたら大変だね,15,0
24,だってわたし病気になっちゃったでしょ,だって私病気になっちゃったでしょ,18,3
25,だから先輩にも迷惑かけちゃうかも,だから先輩にも迷惑かけちゃうかも,16,0
26,不公平なことをしようとしてるのは,不幸へいなことをしようとしてるのは,16,3
27,花火大会ぐらい一緒に行くでしょ,花火大会ぐらい一緒に行くでしょ,15,0
28,できること自分から投げ出すなんて,できること時分から投げ出すなんて,16,1
29,神様は不公平だなんて言った,神様は不公平打なんて言った,13,1
30,浴衣着て髪アップにしたら,浴衣きて紙アップにしたら,12,2
31,先輩きっとびっくりするわよ,先輩きっとびっくりするわよ,13,0
32,お母さんの後光が見えてきたような気がする,お母さんの誤行が見えてきたような気がする,20,2
33,わたしは自分を信じて行動すればいい,私は自分を信じて行動すればいい,17,3
34,やっぱ夏は浴衣とスイカと,やっぱなつは浴衣と推価街,12,6
35,お友達もみんなついてるし,お友達もみんな付いてる氏,12,2
36,見つける必要があります,見つける必要があります,11,0
37,夏休みを利用して検査のための,夏休みを利用して検査のための,14,0
38,入院をされてはいかがでしょうか,入院をされてはいかがでしょうか,15,0
39,効果には個人差があるので,効果には個人差があるので,12,0
40,少し長くなるかもしれないから,少し長くなるかもしれないから,14,0
41,お前たちもう遅いから寝なさい,お前立ちもう遅いからねなさい,14,2
42,周りが目に入らなかったんだよ,周りが目に入らなかったんだよ,14,0
43,リハビリを担当する田辺です,リハビリを担当する棚部です,13,2
44,ショックも考えてみろよ,ショックも考えてみろよ,11,0
45,患者も医師も治療に専念する,患者も石も治療に専念する,13,2
46,すぐお見舞い行かなきゃ,すぐおみまいいかなきゃ,11,3
47,クラスのみんなに声かける,クラスのみんなにこえかける,12,2
48,亜湖お母さん夕方病院寄ってくるから,あこお母さん誘がた病院よってくるから,17,6
49,遅くなると思うんだけど,遅くなると思うんだけど,11,0
50,なるべく早く帰るようにはするけど,なるべく早く帰るようにはするけど,16,0
51,わたしマミと約束あるんだから,私マミと約束あるんだから,14,3
52,今は家族が一致団結して,今は家族が一致弾結して,11,1
53,ガトーボヌールのケーキだ,がトUボヌUルのケUキだ,12,4
54,一応人数分買ってあるわよ,一応人数分かってあるわよ,12,1
55,麻生君に会いたくて来たのにね,麻草君に会いたくてきたのにね,14,2
56,一応声はかけたんっすけどね,一応声はかけたんっすけどね,13,0
57,何か感じが変わっちゃった,何か感じがかわっちゃった,12,1
58,今度は捕まんないようにしろよ,今度はつかまんないように白よ,14,4
59,途中まで一緒にいたんだけど,途中まで一緒にいたんだけど,13,0
60,次の日川島で発見されたの,次の日代島で発見されたの,12,1
61,あんまり信用してないらしい,あんまり信用してないらしい,13,0
62,友達来てくれてよかったわね,友だち来てくれて良かったわね,13,3
63,こんなにたくさんもらっちゃった,こんなにたくさんもらっちゃった,15,0
64,動いてくると思いますけれども,動いてくると思いますけれども,14,0
65,両手を上げて手のひらを上にして,両手を挙げて手のひらを上にして,15,1
66,デートに行けるとなったら,デUトにいけるとなったら,12,2
67,そんなことないですって,そんなことないですって,11,0
68,今できること頑張るって決めたんだ,今できること頑張るって決めたんだ,16,0
69,原因不明の神経変性疾患,原因不明の新経編成疾喚,11,4
70,じゃあ結局今日の池内との,じゃあ結局教の池内との,12,2
71,どうしようかと思ってさ,どうしようかと思って差,11,1
72,せっかくの誕生日の日に,せっかくの誕生日の日に,11,0
73,さっき病院に電話きてた,冊期病院に電話来てた,11,4
74,メスは餌を探しに出るんだけど,メスはエサを探しに出るんだけど,14,2
75,その間どんなに腹減っても,その間どんなに腹減っても,12,0
76,ずっと卵守って待ってんだよ,ずっと卵まもって待ってんだよ,13,2
77,本当は先輩は来ないかもって思ってた,本当は先輩は来ないかもって思ってた,17,0
78,何言ってるか分かんなくなっちゃうんだって,何に言ってるかわかんなくなっちゃうんだって,20,2
79,最後には寝たきりになって,最後には寝たきりになって,12,0
80,その人物は派手なパンクファッションに,その人物は派手なパンクファッションに,18,0
81,身を包んでいたそうですが,身を包んでいたそうですが,12,0
82,まさにあんな感じでした,まさに案な感じでした,11,2
83,記憶には自信があるんです,記憶には自信があるんです,12,0
84,先ほどあなたが見たのは,先ほどあなたが見たのは,11,0
85,さっき記憶には自信があると,さっきき奥には自信があると,13,2
86,自信がなくなってきました,自信がなくなってきました,12,0
87,でも見てみたかったわね,でも見てみたかったわね,11,0
88,いろいろ教えてくださいね,いろいろ教えてくださいね,12,0
89,事務所の経営に貢献してくださいね,事務所の経営に貢献してくださいね,16,0
90,それはいいじゃないですか,それはいいじゃないですか,12,0
91,協力したのは私たちです,協力したのは私たちです,11,0
92,私も協力をお願いされたら,私も協力をお願いされたら,12,0
93,カツラぐらいは被りましたよ,かつらぐらいはこう無理ましたよ,13,7
94,私もちょっとは協力しました,私もちょっとは協力しました,13,0
95,こういう時はじゃんけんでしょ,こういう時はじゃん圏でしょ,14,2
96,宮田さんじゃんけんに勝てて,宮田さん番見に勝てて,13,5
97,思いっきりのんびりしちゃいましょ,思いっきりのんびりしちゃいましょ,16,0
98,とりあえずお風呂入りましょうね,とりあえずお風呂入りましょうね,15,0
99,恐ろしい殺人事件が起きる事など,おそろしい殺人事件が起きることなど,15,4
100,のんびりしようって言いましたよね,のんびりしようっていいましたよね,16,1
101,プロデューサーの仕事でしょ,プロデュUサUの仕事でしょ,13,2
102,撮り方の工夫で何とかするから,取り方の工夫で何とかするから,14,1
103,あさすが大女優って感じ,浅田が大女優って感じ,11,3
104,高校の時の友人なんです,高校の時の友人なんです,11,0
105,私たちここに泊まってるの,私たちここにとまってるの,12,1
106,まだ駆け出しみたいですけど,まだかけ出しみたいですけど,13,1
107,お肌ツルツルになるんですって,おは脱塁ルになるんですって,14,4
108,いろいろと苦労したんだね,いろいろと苦労したんだね,12,0
109,私は今回だけなんだけどね,私は今回だけ何だけどね,12,2
110,真理江さんは体調が悪いみたいで,マリエさんは体調が悪いみたいで,15,3
111,何かちょっと怖そうな人ね,何かちょっと壊そうな人ね,12,1
112,ホントはいい人なんだよ,ほんとはいい人なんだよ,11,3
113,朝から監督の姿が見当たらなくて,朝から監督の姿が見あたらなくて,15,1
114,スケジュールも狂っちゃって,スケジュUルもクルッちゃって,13,4
115,私そんなメール出してません,私そんなメUルだしてません,13,2
116,送信記録が残ってますよ,送信記録が残ってますよ,11,0
117,温泉で殺人事件と遭遇したの,温泉で殺人事件と遭遇したの,13,0
118,写真だけでわかるわけないだろ,写真だけで分かるわけないだろ,14,1
119,山岡監督と田代睦美の間には,山岡監督と田白む積みの間には,13,4
120,という憶測が飛び交っている,という憶測が飛び交っている,13,0
121,マスコミで話題になっている事件だけに,マスコミで話題になっている事件だけに,18,0
122,勝訴すれば事務所の名前が上がりますね,消訴すれば事務所の名前が上がりますね,18,1
123,あなたがそこまで言うんだったら,あなたがそこまで言うんだったら,15,0
124,それは私がよく知っています,それは私がよく知っています,13,0
125,ホテルの最上階にある展望風呂,ホテルの最上階にある展望風呂,14,0
126,郡山まで行く車の中から,氷山まで行く車の中から,11,1
127,先に帰ったお詫びをしておこうと思って,先に帰ったお詫びをしておこうと思って,18,0
128,そこで最上階の展望風呂の事を,そこで最上階の展望風呂のことを,14,2
129,お肌がツルツルになるから,お肌がつるつるになるから,12,4
130,協力するから何でも言ってね,協力するから何でも言ってね,13,0
131,誰かが勝手に自分の携帯を使って,誰かが勝手に自分の携帯を使って,15,0
132,真犯人が見つからないまでも,新犯人が見つからないまでも,13,1
133,では被告人は席に戻ってください,では被告人は石に戻ってください,15,1
134,切迫流産の危険があったそうですが,設迫留料の危険があったそうですが,16,3
135,数日入院すれば心配ないそうです,数日入院すれば心配内そうです,15,2
136,じゃあ裁判はいずれ再開されますね,じゃあ細盤はいずれ再開されますね,16,2
137,それにしても前代未聞ね,それにしても前代未問ね,11,1
138,睦美どうして教えてくれなかったんだろう,む積うどして教えてくれなかったんだろう,19,4
139,監督が恨まれるなんてないと思う,監督が裏まれるなんてないと思う,15,1
140,厳しいけど思いやりのある人だから,厳しいけど思いやりのある人だから,16,0
141,常連に売ったような気がしますね,条連に行ったような気がしますね,15,2
142,じゃ山岡さんが殺害された時刻に,ジャヤマ岡さんが冊外された時刻に,15,6
143,ラウンジであなたと一緒にいたのは,ラウンジであなたと一緒にいたのは,16,0
144,ありがとうございました,ありがとうございました,11,0
145,何か睦美ちゃんに不利になる事を,何かむつみちゃんに振りになることを,15,7
146,告げ口するみたいで話しにくくてね,つげぐちするみたいで話にくくてね,16,4
147,拘置所に戻されたそうよ,高知所に戻されたそうよ,11,2
148,色々訊いて回ったんですけど,いろいろ聞いて回ったんですけど,13,5
149,あの日先に東京に帰ってます,あの日先に東京に帰ってます,13,0
150,香山プロデューサーが証言してます,傘マプロデュUサUが証言してます,16,4
151,インターネットを通じて投稿するんです,インタUネットを通じて投稿するんです,18,1
152,この動画が投稿されたのが,この動画が投稿されたのが,12,0
153,つまり事件翌日の朝です,つまり事件よく実の朝です,11,3
154,やっぱり撮影されたのは,やっぱり撮影されたのは,11,0
155,帽子とマスクの男いたじゃないですか,防止とマスクの男いたじゃないですか,17,2
156,あの正体がわかったんです,あの正体がわかったんです,12,0
157,相手役を務める須藤健一さんから,相手役を務める筋向一三から,15,5
158,抱負を伺いたいと思います,豊富を伺いたいと思います,12,2
159,ファンの人は立ち入り禁止ですよ,ファンの人は立ち入り禁止ですよ,15,0
160,柔軟性があるって事じゃないですか,柔軟性があるってことじゃないですか,16,2
161,車まで乗せていただいて,車まで乗せていただいて,11,0
162,それはアリバイでも何でもないぞ,それはありばいでも何でもないぞ,15,4
163,せっかく優しくしてあげたのに,せっかく優しくしてあげたのに,14,0
164,先生この部屋何か暑くないですか,先生この部屋何か熱くないですか,15,1
165,リモコンどこいっちゃったんだろう,リモコンドコイっちゃったんだろう,16,3
166,ずっと聞かせてもらったってわけだ,ずっと聞かせてもらったってわけだ,16,0
167,お手柄と言いたいところだがな,お手柄と言いたいところだがな,14,0
168,これが山村ヨウコの細胞,これが山村陽子の細胞,11,3
169,あれならとっくに解析処理を終えた,あれならトックに解析処理を終えた,16,3
170,俺のほうでも調べてみたいんだ,オレの方でも調べてみたいんだ,14,4
171,訓練を受けた張本人ですら,訓練を受けた兆本人ですら,12,1
172,耐え切れる者はいません,正役れるものはいません,11,5
173,一緒にご飯食べるところなの,一緒にご飯食べるところなの,13,0
174,こんな訪ね方しか出来なくて,こんな尋ねか確かできなくて,13,5
175,あるヤツの名前と住所を,ある奴の名前と住所を,11,2
176,そしたら本当にそいつが死んで,そしたら本当にそいつが死んで,14,0
177,やつらにやられっぱなしだ,やつらにやられっぱなしだ,12,0
178,いま少し休ませてるんです,いま少し休ませてるんです,12,0
179,再開されることへの恐怖を抱きます,再開されることへの恐怖を抱きます,16,0
180,間もなく彼女は落ちます,間もなく彼女は落ちます,11,0
181,しっかり覚えてほしんだけど,しっかり覚えて保死だけど,13,3
182,父親のことをあいつに知らせるな,父親のことを相つに知らせるな,15,2
183,全然落ちねーじゃないか,全然落ちネUじゃないか,11,2
184,予想以上に粘っています,予想以上に粘っています,11,0
185,だったらもっとレベルを上げろ,だったらもっとレベルを上げろ,14,0
186,死んでしまったら二度と手がかり,死んでしまったらに度と手掛かり,15,2
187,関わらせることは本当に避けたいんだが,関わらせることは本当に避けたいんだが,18,0
188,あいつらを捕まえるチャンスなんだろ,あいつらをつかまえるチャンスなんだろ,17,2
189,テロリスト確保の際に何かあった時は,テロリスト格保の際に何かあったときは,17,3
190,国を守ることが最優先だ,国を守ることが最優先だ,11,0
191,でもちょっと元気出てきました,でもちょっと元気でてきました,14,1
192,その人に会わせてあげる,その人にあわせてあげる,11,1
193,そんなもんさっきの青い車を,そんなもんさっきの青いクルマを,13,3
194,捕まえてみればわかるんだよ,つか前手見れば分かるんだよ,13,6
195,もう少しで大切な証人を,もう少しで大切な賞人を,11,1
196,少々強引なところがありまして,少々合員なところがありまして,14,2
197,何かいじってないと落ち着かなくて,何回実手ないと落ち着かなくて,16,5
198,自動車販売会社に勤める,自動車販売会社に努める,11,1
199,現場に争った形跡がなかったことから,現場に荒さった形跡がなかったことから,17,2
200,ずいぶん辺鄙なところだな,ずいぶん返ピナところだな,12,3
201,ウイルスを隠しているんだから,ウイルスを隠しているんだから,14,0
202,仲間を引き連れて戻ってくるかもよ,仲間を引き連れて戻ってくるかもよ,16,0
203,下手な心理戦仕掛けやがって,下田真林先下けやがって,13,7
204,俺たちに何も出来なくさせる,オレたちに何もできなくさせる,13,4
205,今のところ見当たらない,今のところ見あたらない,11,1
206,そんなもんさっきの青い車,そんなもんさっきの青い車,12,0
207,俺も早く気づくべきだった,オレも早く気付くべきだった,12,3
208,あんたが犯人だってわかるようになっています,アンタが犯人だって分かるようになっています,21,4
209,言い訳は本部でゆっくりしろ,言い訳は本部でゆっくり白,13,2
210,あなたは私たちが言うことを,あなたは私たちが言うことを,13,0
211,ヒーローが犯人の背中に,ヒUロUが犯人の背中に,11,2
212,これからは嘘だって思いなさい,これからは嘘だって思いなさい,14,0
213,それじゃあ最後にもうひとつ頼む,それじゃあ最後にもうひとつ頼む,15,0
214,上空から現場の画定はできません,条空から現場の確定はできません,15,2
215,その後の状況報告お願いします,その後の状況報告お願いします,14,0
216,お互い頑張って生きていきましょうね,お互い頑張っていきていきましょうね,17,1
217,報告が送れてすみません,報告が遅れて済みません,11,2
218,銃を奪われ撃たれました,銃を奪われ打たれました,11,1
219,自分の正体がバレたのか,自分の招待がばれたのか,11,4
220,このままの流れで決行だ,このママの流れで結構だ,11,4
221,高木君家にいなかったんだけど,高木君下にいなかったんだけど,14,1
222,こちらの方とも確認してみます,こちらの方とも確認してみます,14,0
223,遥ちゃん今病院なんですけど,春かちゃんこん病院なんですけど,13,4
224,お兄さんのことすごく心配していて,お兄さんのことすごく心配していて,16,0
225,あちこちに大きいホースが,あちこちに大きいホUスが,12,1
226,今すぐ空調を全部止めて,今すぐ空長を全部止めて,11,1
227,感染したと決まったわけじゃないだろう,感染したと決まったわけじゃないだろう,18,0
228,対テロを専門としている組織だ,たいてロを専門としている組織だ,14,3
229,研究室に戻る気はありません,研究室に戻る期はありません,13,1
230,やっぱり食われたのは宝生,やっぱりくわれたのは包称,12,3
231,我々へのウィルステロは失敗だ,われわれへのウィルステロは失敗だ,14,4
232,全員殺すつもりだったの,全員コロスつもりだったの,11,3
233,すぐに出動の要請をする,すぐに出動の要請をする,11,0
234,当たれば高圧電流が流れて,当たれば高圧電流が流れて,12,0
235,どうしたらこの国を救えるのか,どうしたらこの国をスクエルのか,14,4
236,俺にはただずっと側にいてほしい,オレにはただずっと側にいてほしい,15,2
237,これを届けにきてくれたの,これを届けに来てくれたの,12,1
238,あなたに会いたいって言ってるのよ,あなたに会いたいって言ってるのよ,16,0
239,でもこれで追跡は不可能よ,でもこれで追跡は不可能よ,12,0
240,相変わらず気持ちいいほど自分本位,相変わらず気持ちいいほど自分本位,16,0
241,科学捜査などの専門的捜査で,科学捜査などの専門的捜査で,13,0
242,凶悪犯罪に対応していくチムです,教悪犯罪に対応していくちむです,15,3
243,あの女と同期だそうです,あの女と同期だそうです,11,0
244,それに新しい部署の失敗は,それに新しい武書の失敗は,12,2
245,どこの部署からもいらない精鋭たちが,どこの武書からもいらない世勢いたちが,17,5
246,容疑者じゃありませんよ,容疑者じゃありませんよ,11,0
247,暴力事件を起こしてましてね,暴力事件を起こしてましてね,13,0
248,どうぞよろしくお願いします,どうぞよろしくお願いします,13,0
249,こんな部署やることないでしょ,こんな武書やることないでしょ,14,2
250,身元不明の焼死体が発見された,実保不明の小死体が発見された,14,3
251,上半身が丸焦げだったようです,上半身が丸小げだったようです,14,1
252,あと片腕が折れていたとか,あとかた腕が折れていたとか,12,2
253,わたし刑事じゃないですから,私掲示じゃないですから,13,5
254,警察といえどもね異動はあるの,警察といえどもねい同はあるの,14,2
255,わたし人間に興味ないんで,私人間に興味ないんで,12,3
256,片桐さんにはお似合いですね,型切りさんにはおにアイですね,13,6
257,相当手広くやっていたようで,相当手引く悔っていたようで,13,2
258,炭化した内臓が粉砕してた,短価下内蔵が踏ん再してた,12,8
259,着任早で張り切ってんのは分かるが,着人はやでは利きってんのは分かるが,16,6
260,鉄塔に登らせた可能性が,テットウに上らせた可能性が,11,5
261,じゃあこの着信履歴調べれば,じゃあこの着心理歴調べれば,13,2
262,それからついでに現場で,それからついでに現場で,11,0
263,それにそんな薬品なんて,それにそんな約品なんて,11,1
264,近どこかと合併するとか,近どこかと合併するとか,11,0
265,業界大手のグロリアス薬品と,業界大手のグロリアス約ヒント,13,4
266,またテレビで報道されると思います,またテレビで報道されると思います,16,0
267,焼死ならそうはいかないわ,少詞ならそうはいかないわ,12,2
268,わたしがこの目で確認してる,私がこの目で確認してる,13,3
269,指示を受けていたことが分かってる,支持を受けていたことがわかってる,16,3
270,摩擦で爆発するようになっていた,まさつで爆発するようになっていた,15,3
271,つまり一度着たら脱ぐことのできない,つまり一度きたらぬぐことのできない,17,2
272,一番いやなことさせたわけか,一番いやなことさせたわけか,13,0
273,あまり評判のよくない銀行です,あまり評判の良くない銀行です,14,1
274,次の犯行もすぐに起こるわ,次の犯行もすぐに起こるわ,12,0
275,改造したスタンガンが見つかった,改造したスタンガンが見つかった,15,0
276,セットされてる可能性が極めて高い,セットされてる可能性がきわめて高い,16,2
277,そういうことだ遊んでる暇はない,そういうことだ遊んでる暇はない,15,0
278,やはり爆弾はセットされてるな,やはり爆断はセットされてるな,14,1
279,時間なんて気にする必要ない,時間なんて気にする必要ない,13,0
280,かなり精密にやらないと,かなり正密にやらないと,11,1
281,ほんのわずか多めにする,ほんのわずかおおめにする,11,2
282,それも何度かやってみないと分からない,それも何度かやってみないと分からない,18,0
283,戸倉さんにお聞きしました,と暮さんにお聞きしました,12,2
284,何から何まで教えていただきました,何から何まで教えていただきました,16,0
285,嘘は絶対に言ってはならない,嘘は絶対に行ってはならない,13,1
286,今爆弾処理班が向かっています,今爆弾処理反が向かっています,14,1
287,もう少し待てばよかったんだよ,もう少しまてばよかったんだよ,14,1
288,言わせるために作ったんだって,いわせるために作ったんだって,14,1
289,それはわたしが優秀だからです,それは私が優秀だからです,14,3
290,ここは誰も教えてくれないからな,ここは誰も教えてくれないからな,15,0
291,あののっぽと付き合ってる男,あののっぽと付き合ってる男,13,0
292,現実的にはそうかもしれない,現実的にはそうかもしれない,13,0
293,でも撃てなきゃ刑事じゃない,でもうてなきゃ掲示じゃない,13,3
294,お前のこと色々噂になってるぞ,お前のこといろいろ噂になってるぞ,14,4
295,さっき台東区で女子大生が,さっきたいとうくで女子大生が,12,5
296,共に地取り鑑取りを行っていますが,とも日取館取りを行っていますが,16,5
297,問題はこのインターネットの掲示板,問題はこのインタUネットの掲示板,16,1
298,また一人処刑してやった,また一人初計してやった,11,2
299,一人目の処刑者よしおかひとみ,一人目の初刑者よしおか人見,14,4
300,殺人犯を英雄視してるんだ,殺人反を栄優視してるんだ,12,3
301,書き込みの情報によると,書き込みの情報によると,11,0
302,巨大なダガーナイフを持ち,巨大なダガUナイフを持ち,12,1
303,そのマークを現場にも残す,そのマUクを現場にも残す,12,1
304,総合するとこんな感じです,総合するとこんな感じです,12,0
305,インターネットのデマじゃない,インタUネットの出まじゃない,14,3
306,共に頑張ろうぜおっさん,ともにがんばろうぜおっさん,11,5
307,ちょっと調べてほしいことがあるんです,ちょっと調べてほしいことがあるんです,18,0
308,大事件に発展するかもしれないんです,大事件に発展するかもしれないんです,17,0
309,吉岡さんはお酒を飲んだ,よしおかさんはお酒を飲んだ,11,4
310,ベッドの脇に落ちたことによる,ベッドの脇に落ちたことによる,14,0
311,現場にばってんマークとか,現場にバッテンマUクとか,12,5
312,そんなやつおるわけないやろ,そんなやつ折るわけないやろ,13,1
313,全てフリースペースに置いてある,すべてフリUスペUスにおいてある,15,5
314,それぞれの所轄に連絡させて,それぞれの初活に連絡させて,13,2
315,同じ人間が書き込みしてるようです,同じ人間が書き込みしてるようです,16,0
316,このインターネットに参加している全員が,このインタUネットに参加している全員が,19,1
317,でも彼女は服の上からだった,でも彼女は服の上からだった,13,0
318,神なんて祭り上げられて,紙なんて祭り上げられて,11,1
319,ぺらぺらしゃべっていたそうだな,ペラペラシャ別っていたそうだな,15,7
320,その口の軽さで逮捕できたよ,その口の軽さで台ほできたよ,13,2
321,逮捕されたのは都内に住む,逮捕されたのは都内に住む,12,0
322,捕まった奴は神なんかじゃない,つかまったヤツは紙何かじゃない,14,7
323,親御さんからは頑張れば,親御さんからはがんばれば,11,3
324,傷つくこともないんだもんね,傷つくこともないんだもんね,13,0
325,だから何が言いたいんだって,だから何がいいたいんだって,13,1
326,塀の向こうに落ちた神様,へイノ向こうに落ちたかみ様,11,5
327,インターネットは祭りよ,インタUネットは祭りよ,11,1
328,まだ連絡の取れなかった,まだ連絡の取れなかった,11,0
329,気力があればなおさら危険ですね,気力があればなおさら帰見ですね,15,2
330,インターネットの書き込みの,インタUネットの書き込みの,13,1
331,本当の怪物を生んでしまった,本当の回物を運んでしまった,13,2
332,面白がった誰かが名前を書き込む,面白がった誰かが名前を書き込む,15,0
333,その期待に応えようとするはず,その期待に応えようとするはず,14,0
334,一刻も早く逮捕しなければ,一刻も早く逮捕しなければ,12,0
335,それぞれ保管室に行って,それぞれ保管室に行って,11,0
336,拳銃を携行していくように,拳銃を傾向していくように,12,2
337,もうちょっといい写真使いなさい,もうちょっといい写真使いなさい,15,0
338,護衛捜査員はこれから選出する,ごえいそうサインはこれから選出する,14,8
339,一刻も早く発表したいらしいから,一刻もは約発表したいらしいから,15,2
340,あっけない最期でしたね,あっけない最後でしたね,11,1
341,この犯人だけがインターネット上の神を,この犯人だけがインタUネット上の紙を,18,2
342,つまりとっくに死んでる遺体に,つまりトックにシンで累体に,14,7
343,今は中がジッパーになってる,今は中がジッパUになってる,13,1
344,インターネットのオークションで買った,インタUネットのオUクションで勝った,18,3
345,近くのホームレスの男性,近くのホUムレスの男性,11,1
346,また飲み会してくださいね,またの未回してくださいね,12,3
347,早う家帰って風呂入って,は用言え帰って風呂入って,11,4
348,でも浩のおかげで助かった,でも広志のおかげで助かった,12,2
349,今度は朝まで付き合ってよ,今度は浅まで突き合ってよ,12,2
350,きっと人間と見てないよ,きっと人間とみてないよ,11,1
351,大変申し訳ありませんでした,大変申し訳ありませんでした,13,0
352,同じ雑誌の読者モデルが,同じ雑誌の読者モデルが,11,0
353,まだ犯人の手掛かりはつかめていない,まだ犯人の手がかりはつかめていない,17,1
354,少し離れて歩きますから,少し離れて歩きますから,11,0
355,今日はありがとうございました,今日はありがとうございました,14,0
356,ぜひまた次回も呼んでください,ぜひまた次回も読んでください,14,1
357,ただこういったケースの場合,ただこういったケUスの場合,13,1
358,ゆっくり落ち着いてからの方が,ゆっくり落ち着いてからのほうが,14,2
359,ブランドの新作発表会の帰り道,ブランドの新作発表会の帰り道,14,0
360,あまりしゃべりたがらない,あまりしゃべりたがらない,12,0
361,話をしたくない人もいるの,話をしたくない人もいるの,12,0
362,被害者は深く傷ついてる,被害者は不覚期ずついてる,11,4
363,わたし樋口さんに嫌われたみたいです,私ひ口さんに嫌われたみたいです,17,4
364,読者モデルとはいっても,読者モデルとはいっても,11,0
365,直接入っていたそうです,直接入っていたそうです,11,0
366,覚せい剤で逮捕歴もある,覚せい剤でタイホ暦もある,11,4
367,定時だから帰っていいわ,提示だから帰っていいわ,11,2
368,刑務所から出したはがきや封筒には,経務所から出したはがきや風当には,16,3
369,事件の概要が見えてきました,事件の概要が見えてきました,13,0
370,これ樋口さんからもらったんだ,これひ口さんからもらったんだ,14,1
371,もっと色々もらってこよう,もっといろいろもらって雇用,12,7
372,たぶんどこかで手足を縛られ,たぶんどこかで手足を縛られ,13,0
373,これは傷つけても構わないという,これはきずつけてもかまわないという,15,4
374,ナイフを押し付けられていた,内布を押し付けられていた,13,3
375,平手で殴られてるから傷も浅い,ひら手で殴られてるから傷も浅井,14,3
376,三上とは同じ中学の先輩後輩で,三髪とは同じ中学の先輩後輩で,14,1
377,三上の働いてるバーに呼びつけられて,三上の働いテルバUに呼び付けられて,17,4
378,少し話が聞きたいんですが,少し話が聞きたいんですが,12,0
379,まあちょっとそこでお茶でも飲みながら,まあちょっとそこでお茶でも飲みながら,18,0
380,コップに付いた唾液から,コップについただ駅から,11,3
381,変なことしゃべってんだったら,変なことしゃ別点だったら,14,4
382,犯人とみて間違いないな,犯人とみて間違いないな,11,0
383,プリンターで出力した文字です,プリンタUで出力した文字です,14,1
384,プリンターのメーカーが同じだと,プリンタUのメUカUが同じだと,15,3
385,字体では区別がつかない,自体では区別がつかない,11,1
386,ゆかりさんの家族構成から出身地,浴かりさんの家族構成から出身地,15,1
387,病院で会話したこと全部書いてあるんだ,病院で買いわしたこと全部書いてあるんだ,18,3
388,同じ銀行に口座作っちゃおう,同じ銀行に高雑薬っちゃおう,13,3
389,犯人の声とにおいを確認してもらう,犯人の声とにおいを確認してもらう,16,0
390,襲われたらどないするつもりじゃ,襲われたらどないするつも理じ,15,2
391,だったら樋口さんに頼むわ,だったらひ口さんに頼むわ,12,1
392,女の敵は許したくないんです,女の的は許したくないんです,13,1
393,金田は毎日決まった時間に,カネダは毎日決まった時間に,12,3
394,警視庁の片桐と申しますが,警視庁の型切りと申しますが,12,3
395,だから全員やってやろうと思って,だから全員やってやろうと思って,15,0
396,家宅捜索の令状も取りました,硬く捜索の冷常も取りました,13,4
397,必ず証拠は出てくるはずです,必ず証拠は出てくるはずです,13,0
398,あなたはモデル仲間の佐藤さん,あなたはモデル仲間の佐藤さん,14,0
399,そこでバーで知り合った三上に,そこでバUで知り合った浅井に,14,3
400,一方的にあなたに愛情を向けていた,一方的にあなたに愛情を向けていた,16,0
401,後ろから危険が訪れるとは,後ろから帰験が訪れるとは,12,2
402,あなたはため息をついた,あなたはため息をついた,11,0
403,相手が目の前にいるうちは,相手が目の前にいるうちは,12,0
404,なかなか証拠が挙がらなかった,なかなか証拠が上がらなかった,14,1
405,金田を監視するためにね,カネダを監視するためにね,11,3
406,何にも見つからなかった,何にも見つからなかった,11,0
407,いくら大事な仕事のためとはいえ,いくら大事な仕事のためとは言え,15,1
408,いずれにせよ家宅捜索すれば,いずれにせよかたく操作すれば,13,5
409,ほかにも証拠は出てくるはず,ほかにも証拠は出てくるはず,13,0
410,全部罪かぶってくれたのに,全部在下売ってくれたのに,12,3
411,復活できるとこだったのにな,復活できるとこだったのにな,13,0
412,やっぱり直感は正しかったわ,やっぱり直感は正しかったわ,13,0
413,あんなの持たないでしょ,案名のも棚位でしょ,11,7
414,卑劣な犯罪者の敵がわたしなの,ヒレツな犯罪者の適側たしなの,14,6
415,警視庁に来てもらうから,警視庁に来てもらうから,11,0
416,マスコミいっぱい来るんでしょ,マスコミイッパイクルンでしょ,14,7
417,君にあれはね昆虫を見る目だよ,君にあれは猫中を見る目だよ,14,3
418,ある意味カッコ良かったですよ,ある意味かっこよかったですよ,14,4
419,同情するなら毛根をくれ,同乗するなら猛婚をくれ,11,3
420,何か感づかれるんじゃないかって,何かかんづかれるんじゃないかって,15,2
421,樋口ゆかりを狙ってること,日口ゆかりを狙ってること,12,1
422,自分の考えを全部は言わない,自分の考えを全部は言わない,13,0
423,本当は真実にあげたかったんだよ,本当は真実に挙げたかったんだよ,15,1
424,やっぱりちゃんと考えてるんだあなたも,やっぱりちゃんと考えてるんだあなたも,18,0
425,アピールする狙いもある,アピUルする狙いもある,11,1
426,あなたの後ろには私達がいる,あなたの後ろには私たちがいる,13,2
427,みんなに防犯というものを,みんなに防犯というものを,12,0
428,知ってもらうためにやって来ました,知ってもらうためにやってきました,16,1
429,絶対にドアを開けてはいけません,絶対にドアを開けてはいけません,15,0
430,不測の事態の対処法です,不足の事態の対処法です,11,1
431,やっぱりあたし無理です,やっぱり当たし無理です,11,1
432,仕事に対する姿勢の問題,仕事に対する姿勢の問題,11,0
433,家で好きなだけ寝ていなさい,いえで好きなだけ寝ていなさい,13,2
434,木元さんが大変なんですよ,きもとさんが大変なんですよ,12,3
435,こちらから連絡するまで,こちらから連絡するまで,11,0
436,誠に申し訳ありませんが,誠に申し訳ありませんが,11,0
437,電話をお受けすることができません,電話を追う消することができません,16,3
438,いやになったんでしょう,嫌になったんでしょう,11,2
439,社会人としてあるまじき行為,社会人としてあるまじきこうい,13,3
440,プロの自覚がない人間は,プロの自覚がない人間は,11,0
441,とにかく真美りんだけは絶対ダメ,とにかくマミリンだけは絶対ダメ,15,4
442,部下の人生をもてあそぶ,武価の人生を持て遊ぶ,11,5
443,現在ガイシャの身元の割り出し中です,現在外者のみもとの割出し中です,17,8
444,ただのチンピラ同士の喧嘩だ,ただのチンピラ同氏の健康だ,13,3
445,使われた拳銃はフィリピンルートで,使われた件銃はフィリピンルUトで,16,2
446,事件ではないと思いますが,事件ではないと思いますが,12,0
447,それはこちらが決めますので,それはこちらが決めますので,13,0
448,これシュークリーム持ってきました,これシュUクリUムもってきました,16,3
449,そんなに時間はかからないと思うわ,そんなに時間はかからないと思うわ,16,0
450,そういえば木元のやつって,そういえばキモとのやつって,12,3
451,土佐犬より気が強いです,と再縫より気が強いです,11,3
452,あの子も相変わらずだな,あの子も相変わらずだな,11,0
453,少量の塩素酸イオンが含まれていた,少量の円素参維音が含まれていた,16,5
454,昨日から連絡つかなくってさ,機能から連絡使なくってさ,13,4
455,自宅に電話させてもらいました,自宅に電話させてもらいました,14,0
456,錦糸町のパブで働いてるんだけど,近島町のパブで働いてるんだけど,15,2
457,このままだと電気も止められる,このままだと電気求められる,14,2
458,ただいま留守にしております,ただ今すすにしております,13,4
459,今回も身元の分かる物は,今回も身元の分かるものは,11,2
460,被害者の自転車にぶつかった,被害者の自転車にぶつかった,13,0
461,同じメッセージを残してる,同じメッセUジを残してる,12,1
462,こういうメッセージを残したりはしない,こういうメッセUジを残したりはしない,18,1
463,木につるし上げたと考えられる,木に吊る仕上げたと考えられる,14,2
464,これらのことから犯人は,これらのことから犯人は,11,0
465,激しいスポーツをやっていて,激しいスポUツをやっていて,13,1
466,社会生活はきちんとこなしていて,社会生活はきちんとこなしていて,15,0
467,まだ犯行は続く可能性が高い,まだ反行は続く可能性が高い,13,1
468,戻ってるんじゃないかと思って,戻ってるんじゃないかと思って,14,0
469,ああいうのに入ったりして,ああいうのに入ったりして,12,0
470,派手にはしゃいでいました,はでには社位でいました,12,5
471,貼っていったものがありますけど,張っていったものがありますけど,15,1
472,免許証はホームレスから名義を買った,免許証はホUムレスから明義を勝った,17,3
473,殴る蹴るで殺したちゅう事件や,なぐるけるで転したちゅゅう事件や,14,5
474,当時話題になった事件です,当時話題になった事件です,12,0
475,何人かでやったんだよな,何人かでやったんだよな,11,0
476,それからリンチ殺人で殺された,それからリンチ冊人で殺された,14,1
477,見張り役だった男がいるんです,見は利益だった男がいるんです,14,3
478,ゲームセンターで遊んでいた,ゲUムセンタUで遊んでいた,13,2
479,センター裏に連れ出し数発殴った,センタU裏につれ出し数はつなぐった,15,6
480,廃墟で両手足を縛ったうえで監禁,配墟で両手足をしばった上で簡禁,15,6
481,一部をインターネットで流した,一部をインタUネットで流した,14,1
482,その後江川さんは全身打撲による,その声川さんは全身打撲による,15,2
483,自殺に見せかけようとしたが,自殺に見せかけようとしたが,13,0
484,このときの警察の対応に,このときの警察の対応に,11,0
485,不自然なタイヤ痕を見つけた,不自然なタイヤコンを見つけた,13,2
486,何もせずに見殺しにした,何もせずに見ごろしにした,11,2
487,新しいメールが来てます,新しいメUルが来てます,11,1
488,海外のサーバーから経由しています,海外のサUバUから経由しています,16,2
489,今科捜研がしらべてるだけど,今夏総研が調べてるだけど,13,4
490,拉致されているのは警視庁の刑事です,拉致されているのは警視庁の掲示です,17,2
491,こっちに回すようにした,こっちに回すようにした,11,0
492,あの防犯キャンペーンのやつ,あの防犯キャンペUンのヤツ,13,3
493,国民の税金使ってあんな遊びして,国民の税金使って案な遊びして,15,2
494,お前らが許せないんだよね,お前らが許せないんだよね,12,0
495,映像見ればわかるでしょ,映像見れば分かるでしょ,11,1
496,指揮権は大沢にしましょう,指揮券は大騒にしましょう,12,2
497,きわめて危険なマル被です,極めて気険なマルヒです,12,4
498,病院跡から連れ出されて,病院跡から連れ出されて,11,0
499,インターネットの書き込みチェックと,インタUネットの書き込みチェックと,17,1
500,特別犯罪対策の岩井だけど,特別犯罪対策の岩田けど,12,2
501,調べてほしいことがあるんや,調べてほしいことがあるんや,13,0
502,逃げられそうで逃げられない,逃げられそうで逃げられない,13,0
503,絶望で木元の気力が萎える事,絶望できもとの気力がなえること,13,6
504,犯人もそれを狙っている,犯人もそれを狙っている,11,0
505,付けてって言ったんだから早く付けてよ,付けてっていったんだから早くつけてよ,18,2
506,交換条件を持ち出し攻めに転じる,交換条件を持ち出ぜ目に転じる,15,3
507,だったらいくらなら用意出来る,だったらいくらなら用意できる,14,2
508,ストレスレベルも相当高い,ストレスレベルも相当高い,12,0
509,不自然なノイズがずーっと入ってる,不自然なのいずがずUっと入ってる,16,4
510,学校でも問題児だったようです,学校でも問題時だったようです,14,1
511,証言を何人もしています,証言を難認もしています,11,2
512,通話の記録ぐらい残っとるやろ,通話の記録ぐらいのコットルやろ,14,5
513,警視庁の野立が頼んでるって,警視庁のの脱型女でるって,13,5
514,みなさんで分けてください,皆さんでわけてください,12,3
515,自己資金もふんだんに使ってる,自己資金も分断に使ってる,14,4
516,木元を水槽に入れたのも,きもとを推想に入れたのも,11,5
517,警察をからかって楽しんでる,警察をから勝手たのシンデル,13,8
518,高倉山じゃないかという,高くら山じゃないかという,11,2
519,一度は溺死までさせられかけてる,一度はできしまでさせられかけてる,15,3
520,ボスが来ないと面白くないじゃん,ボスが来ないと面白くないじゃん,15,0
521,まあ確かにそんな感じだな,まあ確かにそんな感じだな,12,0
522,どこにでも丸腰で行くわ,どこにでもまる誤子でいくわ,11,5
523,みんな付いてるそれ忘れないで,みんなついてるそれ忘れないで,14,1
524,ストレスレベルが上がった,ストレスレベルが上がった,12,0
525,これが当時の通報の録音テープや,これが当時の通報の録音テUプや,15,1
526,普通のことに興味がなくて,普通のことに興味がなくて,12,0
527,でも大人になったら個性ですよ,でも大人になったら個性ですよ,14,0
528,科捜研総動員で解析してもらって,仮想検想同員で快石してもらって,15,7
529,仲間なんて全然当てにならないだろう,仲間なんて全然当てにならないだろう,17,0
530,そんなことやっておもしろいのかよ,そんなことやって面白いのかよ,16,4
531,友達がリンチされているんです,友達が林知されているんです,14,3
532,俺は色々調べて勉強して,オレはいろいろ調べて勉強して,11,6
533,少年院から出てきやがった,少年員から出てきやがった,12,1
534,毎年祝ってやがったんだ,毎年以下ってやがったんだ,11,2
535,小学校の同級生田島しんごです,小学校の同級生田島新吾です,14,3
536,彼も久保からいじめを受けています,彼も久保からいじめを受けています,16,0
537,木元さんガールスカウトにいたから,キモとサンガUルスカウトにいたから,16,6
538,あいつ諦めてなかったんや,あいつあきらめてなかったんや,12,3
539,何も出来ないまま目の前で,何もできないま豆の前で,12,4
540,仲間が死んでいく辛さを味わってくれ,仲間が死んでいくつらさを味わってくれ,17,2
541,卑怯なのはあなたじゃない,飛況なのはあなたじゃない,12,2
542,それは今でも変わらない,それは今でも変わらない,11,0
543,俺はな強くなったんだよ,オレは夏良くなったんだよ,11,4
544,これはフロイトの言う反復脅迫,これは風呂とのいう反復強白,14,7
545,公開された上で殺されている,公開された上で転されている,13,1
546,江川君と同じ雪辱を味わってくれ,えが枠くと同じ説辱を味わってくれ,15,5
547,時限装置を押す時ためらったじゃん,次元装置を押すときためらったじゃん,16,4
548,今の私はあなたとは違う,今の私はあなたとは違う,11,0
549,あいつらと同じことしてどうする,相Uと同じことしてどうする,15,4
550,あんたも病院に行かなきゃ,アンタも病院に行かなきゃ,12,3
551,あの劇の帰り道いきなり,あの劇の帰り道いきなり,11,0
552,部下が犯罪に巻き込まれても,部下が犯罪に巻き込まれても,13,0
553,警察官の拉致監禁の容疑で,警察官の拉地管金の容疑で,12,3
554,せっかく僕のクビも免れたんだし,せっかくぼくの首も面抜かれたんだし,15,7
555,今朝は朝までいたのにねー,毛さは朝までいたのにねU,12,3
556,さっき整理したら出てきた,さっきせ入りしたら出てきた,12,3
557,終いにはあいつが平助さんが,終わり位には相津が閉すけさんが,13,9
558,それとも平助さんがあいつなのか,それとも平すけさんが相つなのか,15,4
559,何とぞ穏便にと言ってきてる,何とぞオンビンにといってきてる,13,5
560,とどめの一撃を受けるまで,とどめの一撃を受けるまで,12,0
561,鉄あるいはスチル製のものだとしか,徹あるいはスチル製のものだとしか,16,1
562,指紋は全てふき取られていた,市問はすべて吹き取られていた,13,5
563,手を付けられた形跡がないため,手をつけられた形跡がないため,14,1
564,プラス相当頭の切れる人物,プラス装当頭の切れる人物,12,1
565,木元とわたしはまず現場に,木本と私はまず現場に,12,4
566,犯行があったと思われる,犯行があったと思われる,11,0
567,マスコミには見えないから警察,マスコミには見えないから警察,14,0
568,ていうか君たちの話聞かせてくれよ,ていうか記みたちの話聴かせてくれよ,16,3
569,みんな体面ばっか気にしてる感じですね,みんな大面ばっか気にしてる感じですね,18,1
570,あの子たちちゃんと話さないでしょ,あのコタチちゃんとはなさないでしょ,16,5
571,わたしに向いてくれないと困るの,私に向いてくれないと困るの,15,3
572,塾関係者も見ていません,熟館経者も見ていません,11,3
573,出ていった人物もまだ分からん,出ていった人物もまだ分からん,14,0
574,でもたぶん彼女は乗ってくる,でも多分彼女は乗ってくる,13,3
575,温情と理解をもって当たり,温情と理解を持ってあたり,12,2
576,その心情を傷つけないように,その信情を築つけないように,13,2
577,定規とコンパスで描ける,定義とコンパスで描ける,11,1
578,なんかすごく盛り上がってる,なんかすごく盛り上がってる,13,0
579,距離があると盛り上がるけど,距離があると盛り上がるけど,13,0
580,でも殺害そのものは否定してます,でも冊外そのものは否定してます,15,2
581,売られてるのが分かりました,売られてるのがわかりました,13,1
582,わたしも持ってるよこれ,私も持ってるよこれ,11,3
583,証拠隠滅を図ろうとする犯人は,証拠音説をはかろうとする犯人は,14,4
584,ものを考えることができる,ものを考えることができる,12,0
585,それで腹を立てたってわけか,それで腹を立てたって分けか,13,1
586,やってもらえないかなと思って,やってもらえないかなと思って,14,0
587,緊張状態を見ようとした,緊重状態をみようとした,11,2
588,あなたたちの狙いは最初から,あなたたちの狙いは最初から,13,0
589,じいちゃんたちがやってるから,じいちゃんたちがやってるから,14,0
590,またわたしが疑われてる,また私が歌変われてる,11,5
591,今日は色と面白い話があるの,今日は色と面白い話があるの,13,0
592,常温のミネラルウオタを飲むとは,常温のミネラルウオタを飲むとは,15,0
593,そうやって温めるだけで,そうやって温めるだけで,11,0
594,あおむけをうつぶせってするだけでも,青向けを移くせってするだけでも,17,6
595,わたし先生を殺しちゃった,私先生を殺しちゃった,12,3
596,ところが思いも寄らずなのか,ところが思いもよらずなのか,13,1
597,あなたは最初乾いた血痕の上から,あなたは最初かわいた結婚の上から,15,4
598,さらにその上にまたすぐに,さらにその上にまたすぐに,12,0
599,皮肉にも漂白剤をまいたことで,日肉にも表迫剤を巻いたことで,14,4
600,増岡先生のとこが割られてた,マスオカ先生のとこが割られてた,13,4
601,何でかなってずっと考えてた,なんでかなってずっと考えてた,13,2
602,増岡先生が付き合ってたのは,マスオカ先生が付き合ってたのは,13,4
603,なのにどうして冷静じゃないんだろううって,なのにどうして冷静じゃないんだろううって,20,0
604,気に入ったら後で購入するってやつ,気に入ったら後で購入するってやつ,16,0
605,由貴を遊んでやったとか,雪を遊んでやったとか,11,2
606,だから思わずそれだけ捨ててしまった,だから思わずそれだけ捨ててしまった,17,0
607,さっきから言ってるよね,さっきから言ってるよね,11,0
608,二宮先生が行っていたという,に飲みや先生が行っていたという,13,4
609,だったら二宮先生じゃん,だったらに飲みや先生ジャン,11,7
610,そういうのが確たる証拠っていうの,そういうのが各タル証拠っていうの,16,3
611,対策室もよくやったじゃん,対策質もよくやったじゃん,12,1
612,出てきたの二宮先生のロッカじゃないよ,出てきたのに飲みや先生のロッカじゃないよ,18,4
613,わたし物覚え悪いから間違ってて,私ものおぼえ悪いから間違って手,15,6
614,間違えてあなたに伝えちゃった,間違えてあなたに伝えちゃった,14,0
615,先生みたいに奇麗になりたいなと思って,先生みたいにキレイになりたいなと思って,18,3
616,奇麗になれるかなと思って,きれいになれるかなと思って,12,3
617,じゃああのポリグラフも,じゃああのポリグラフも,11,0
618,ほかにも遊んだ女のことも,ほかにもあそんだ女のことも,12,2
619,今度刑務所から出てくるときは,今度計務所から出てくるときは,14,1
620,でもお前に来た話だから,でもお前に来た話だから,11,0
621,マスコミ向けの広告塔じゃありませんから,マスコミ向けの広告統じゃありませんから,19,1
622,お前だってきちんとメークしてけば,お前だってきちんとメUクしてけば,16,1
623,リラックスして楽しんでいってください,リラックスして楽しんでいってください,18,0
624,それではよろしくお願いします,それではよろしくお願いします,14,0
625,さらには女性初の室長と,さらには女性初の質張と,11,2
626,俺こういうの苦手なんだけどね,オレこういうの苦手なんだけどね,14,2
627,きちんとできていますので,きちんとできていますので,12,0
628,買ったばかりの育毛剤なんですけど,勝ったばかりの行く網財なんですけど,16,5
629,今日はあの怖い女がいない,今日はあのコワイ女がいない,12,3
630,事件解決へとつながってるんですね,事件解決へとつながってるんですね,16,0
631,プライベートは普通の女ですから,プライベUトは普通の女ですから,15,1
632,似たようなもんなんですね,似たようなもんなんですね,12,0
633,この仕事ではよくあることなんです,この仕事ではよくあることなんです,16,0
634,最近の社員はすぐびびっちゃって,最近の社員はすぐ美びっちゃって,15,1
635,おそらく大量のアルコールで,おそらく大量のアルコUルで,13,1
636,極秘写真をすっぱ抜いてきた,ごく飛写心を吸っ張ういてきた,13,7
637,取り組む姿勢に変わりはない,取り組し姿勢に変わりはない,13,1
638,イケメンもおるのかしら,イケメンもオルのかしら,11,2
639,まったく不自然な点がない,まったく不自然な点がない,12,0
640,本当に脱がなくていいから,本当にヌがなく定意から,12,4
641,ここでお酒を飲んでいても,ここでお酒を飲んでいても,12,0
642,ましてアルコールに酔って,ましてアルコUルによって,12,2
643,そのまさかを追及するのが,そのまさかを追求するのが,12,1
644,何かおったような気がするけどな,何かおったような気がするけどな,15,0
645,プライベート中の追い掛けるの,プライベUト中の追いかけるの,14,2
646,事件に関しての続報です,事件に関しての続報です,11,0
647,できるわけないじゃない,できるわけないじゃない,11,0
648,テレビはついてたみたいですけど,テレビはついてたみたいですけど,15,0
649,それからは食いつなぐために,それから白いつなぐために,13,2
650,こんなのいちいち気にしてたら,こんなの一一気にしてたら,14,4
651,カメラマンとして活動していた,カメラマンとして活動していた,14,0
652,病気にかかり仕事を休んでいたか,病気に書かり仕事を休んでいたか,15,1
653,あの事故死を調べてるんですよね,あの自己子を調べてるんですよね,15,3
654,事故死で片付けられたものを,自己しで片付けられたものを,13,3
655,でも再捜査してよかったですよ,でも最操さして良かったですよ,14,4
656,つまり実際の事件現場に,つまり実際の事件現場に,11,0
657,何かあったらすぐ連絡下さい,何かあったらすぐ連絡下さい,13,0
658,ぱっと見ていい女って思われないと,パッと未定い女って思われないと,16,5
659,これあなたの読みどおり,これあなたの読み通り,11,2
660,爪の先は面が滑らかなの,つめの先は面がなめらかなの,11,4
661,こういうささくれは何かに触っていると,こういうささくれは何かに触っていると,18,0
662,第三者の手によって切られた,第三者の手によって切られた,13,0
663,この男ひと月ほど前から,この男人月ほど前から,11,2
664,ただ職業上の接点はない,ただ職業状の設点はない,11,2
665,ストーカー殺人の現場にいたディレクター,ストUカU札人の現場にいたディレクタU,19,4
666,ここに来るまでに迷っちゃった,ここに車でに迷っちゃった,14,3
667,わたしは自分の目で見て,私は自分の目でみて,11,4
668,自分の目で見て確かめたいの,自分の目で見てたしかめたいの,13,2
669,たまたま近くで取材してたから,たまた街角で取材してたから,14,3
670,そろそろ時間だからまた,そろそろ時間だからまた,11,0
671,こちらこそごめんなさい,こちらこそごめんなさい,11,0
672,スクープ映像を解析したものよ,スクUプ映像を解析したものよ,14,1
673,運航していた船のエンジン音,運航していた船のエンジン音,13,0
674,刃物のようなもので首を刺され,は物のようなもので首を刺され,14,1
675,安田に弱みを握られていて,安田に弱みを握られていて,12,0
676,高峰仁美がお送りしました,高嶺人見が多くりしました,12,5
677,死因は現在分かっておりません,死因は現在分かっておりません,14,0
678,とんでもない不祥事だぞ,とんでもない不祥事だぞ,11,0
679,君に責任取ってもらわないとな,君に責任取ってもらわないとな,14,0
680,亡くなった男性東郷英憲さんは,亡くなった男性統合比で乗りさんは,14,6
681,発見後すぐに助けに入ったかのように,発見後すぐに助けに入ったかのように,17,0
682,映像を一部切り取り編集しました,映像を一部切り取り編集しました,15,0
683,しかし捏造スクープの映像を,しかし熱蔵スクUプの映像を,13,3
684,カプセルを服用して死んだ,カプセルを拭く用して死んだ,12,2
685,高峰にカプセル飲ますのは無理やな,高嶺にカプセルのマスのは無理やな,16,4
686,たった今からこのヤマは,たった今からこの山は,11,2
687,上の結論が出るまでお前たちは,上の結論が出るまでお前たちは,14,0
688,ここでおとなしく待ってろ,ここでおとなしく待ってろ,12,0
689,俺だってつらいんだからさ,オレだってつらいんだからさ,12,2
690,取り調べ中に人が死んでるんだろう,取り調べ中に人が死んでるんだろう,16,0
691,捜査に決まってるじゃない,捜査に決まってるじゃない,12,0
692,捜査担当から外されたんですってね,捜査担当から外されたんですってね,16,0
693,大変な問題を起こしたんだから,大変な問題を起こしたんだから,14,0
694,こんなもんもらっちゃってねぇ,こんなもんもらっちゃってねぇ,14,0
695,捜査を続行させてほしいってさ,捜査を続行させてほしいってさ,14,0
696,大沢絵里子は首だけどな,大沢エリコは首だけどな,11,3
697,アリバイの裏取ってきました,アリバイの裏取ってきました,13,0
698,そこから分かった新事実が幾つか,そこから分かった信事実がいくつか,15,3
699,まず東郷の体内から出てきた,まず統合の体内から出てきた,13,2
700,生放送前で忙しいんだけど,生放送前で忙しいんだけど,12,0
701,あなたに一番最初に伝えようと思って,あなたに一番最初に伝えようと思って,17,0
702,その日あなたが東郷に青酸カリを,その日あなたが統合に生産かりを,15,6
703,この成分はニトロセルロース樹脂,この成分はにとろせるロUス受止,15,8
704,まず青酸カリ入りのカプセルを,まず生産かり入りのカプセルを,14,4
705,マニキュアのクリアコートでコーティングする,マニキュアのクリアコUトでコUティングする,21,2
706,これで溶けだす時間を調整できる,これで解け出す時間を調整できる,15,2
707,これを服用すると塩酸ロペラミドで,これを拭く用すると演散ロペラミドで,16,4
708,毒入りカプセルが溶けだし,毒入カプセルが溶けだし,12,1
709,カプセル剤を飲まなければいけないことを,カプセル剤を飲まなければいけないことを,19,0
710,体内に残った成分を計算すると,体内に残った成分を計算すると,14,0
711,東郷がカプセルを服用したのは,統合がカプセルを拭く用したのは,14,4
712,それから安田のお風呂場で,それから安田のお風呂場で,12,0
713,優秀なジャーナリストだった,優秀なジャUナリストだった,13,1
714,わたしが大きくならないといけない,私が大きくならないといけない,16,3
715,たとえどんなに小さな声でも,例えどんな日居さな声でも,13,4
716,生放送中に自白するなんて,生放送中に自泊するなんて,12,1
717,最近残業するようになったらしいね,最近残業するようになったらしいね,16,0
718,そういえば昨日の野立会にも来なかった,そういえば昨日のの脱回にも来なかった,18,3
719,イケメンが集う異業種交流会だ,イケメンが集動医業手交流会だ,14,3
720,片桐が来ないと戦力にならん,型切りが来ないと戦力にならん,13,3
721,まあそんなかりかりするな,まあそんなかり借りするな,12,1
722,また野立会に来なくなる,またの脱回に来なくなる,11,3
723,ヤマムーにウィッグかぶせて,ヤマムUニィッグかぶせて,13,3
724,殺人を起こしてるヒットマンや,殺人を起こしてるヒット満夜,14,3
725,今回対立する組織の幹部を,今回対立する組織の幹部を,12,0
726,それに送られてきたこの人形,それに送られてきたこの人形,13,0
727,小野田班と協力して捜査をする,小野田半と協力して捜査をする,14,1
728,所持してることには変わりはない,所持してることには変わりはない,15,0
729,最近ライフル弾を購入した人は,最近ライフルダンを購入した人は,14,2
730,まだ仕事中なんだけどね,まだ仕事中なんだけどね,11,0
731,彼女は飛びっ切りの美人だから,彼女は飛びっきりの美人だから,14,1
732,銃弾から使われたライフルは,充段から使われた来ふるは,13,6
733,おそらく狩猟用のレミントンを,おそらく主料用のレミントンを,14,2
734,スケジュール見ておくから,スケジュUル見ておくから,12,1
735,この人何も分かってない,この人何も分かってない,11,0
736,この人形はおそらくこれから,この人形はおそらくこれから,13,0
737,これは部長クラスしか見れないんだけど,これは部長クラスしか見れないんだけど,18,0
738,呼び出すなよこんな所に,予備出すな横綱ところに,11,7
739,警視庁幹部が仲悪かったんだ,警視庁幹部が中悪かったんだ,13,1
740,独自に捜査を進めていたんだ,独自に捜査を進めていたんだ,13,0
741,通常の捜査ならあり得ない,通常の操作ならありえない,12,3
742,谷本が同じ格好をさせて,他にもとが同じ確構をさせて,11,6
743,警察の動向見るためにな,警察の動向みるためにな,11,1
744,救急車で運ばれたが間もなく,救急車で運ばれたがまもなく,13,1
745,仲間を殺すのはやめるよ,仲間を殺すのはやめるよ,11,0
746,あそこで発砲するのはやむを得ない処置,あそこで発砲するのはやむをえない処置,18,1
747,ずっと背負っていくしかない,ずっとせおっていくしかない,13,2
748,例の刑事さんが撃たれたっていうの,例の掲示さんが打たれたっていうの,16,3
749,警備しなくちゃいけなくて,警備しなくちゃいけなくて,12,0
750,ターゲットはその誤射事件に関連した,タUゲットはその誤い事件に関連した,17,2
751,これでまた誰かが殺される,これでまた誰かが殺される,12,0
752,関係してる可能性も含め,関係してる可能性も含め,11,0
753,この仕事自体忘れとんちゃうかな,この仕事示態忘れトンちゃうかな,15,4
754,誤って撃たれた武藤さんが,誤って打たれた無統さんが,12,3
755,それに当時女性刑事ばかりを集めて,それに当時女性掲示ばかりを集めて,16,2
756,ライバルの野立が注目されていた,ライバルののだちが注目されていた,15,3
757,組織犯罪を統括する長として,組織犯罪を統括する超として,13,1
758,スタンドを分割して警備を行う,スタンドを分割して警備を行う,14,0
759,本当の黒幕はこいつなのよ,本当の黒幕はコイツなのよ,12,3
760,大げさに吹っ飛びやがってお前,大げさにふっとびやがってお前,14,2
761,別にいいじゃないっすか,別にいいじゃないっすか,11,0
762,もう泣いていい見ないから,もう泣いていい見ないから,12,0
763,俺たち最強ツートップだ,オレたち最強ツUトップだ,11,3
764,相談する女なんかいません,相談する女難開ません,12,4
765,どうせまたマスコミ向けに押し付けられた,どうせまたマスコミ向けに押しつけられた,19,1
766,僕がまだ交番勤務時代に,僕がまだ後バンキンム時代に,11,6
767,小野田班はすでに動いている,小野田半は既に動いている,13,3
768,君たちも至急捜査に当たってくれ,君たちも支給捜査にあたってくれ,15,3
769,前のあれも恋ちゃうちゅうねん,前のあれもこいちゅゅう中年,14,7
770,デートなんて行かせないよ,デUトなんていかせないよ,12,2
771,木元と花形はわたしと現場に,木本と花形は私と現場に,13,4
772,片桐は科捜研と連携して,型切りは仮想検と連携して,11,6
773,高いことが分かりました,高いことが分かりました,11,0
774,こう斜めになっていたり,こうななめになっていたり,11,2
775,複数いることを指してる,複数いることを指してる,11,0
776,傷害と窃盗の前科のある男や,障害と窃てうの前夏のある男屋,13,5
777,見慣れてるみたいですね,見慣れてるみたいですね,11,0
778,内藤は孤立してたみたいや,内藤は孤立してたみたいや,12,0
779,もう一度ガイ者周りをあたって,もう一度会社回りを当たって,14,5
780,小野田班からの報告がありました,小野田半からの報告がありました,15,1
781,会ってなく絶縁状態にあるそうです,あってなく絶演状態にあるそうです,16,2
782,子供を置いて逃げるなんて,子どもを置いて逃げるなんて,12,2
783,警察の方とのコミュニケーションは,警察の法とのコミュニケUションは,16,2
784,開設してらっしゃいますが,解説してらっしゃいますが,12,2
785,個別に相談がある場合は,個別に相談がある場合は,11,0
786,追い込んでしまうことが多いんです,おいこんでしまうことが多いんです,16,2
787,いつか父親に認められたい,いつか父親に認められたい,12,0
788,愛されたいと願っていました,愛されたいと願っていました,13,0
789,先客がいたみたいだから,先客が痛みたいだから,11,2
790,一歩も外には出なかったと言っていました,一歩も外には出なかったと言っていました,19,0
791,現場の土が車内から出るはずだから,現場のどが社内から出るはずだから,16,2
792,ということは証言は本当か,ということは証言は本当か,12,0
793,とにかくお前はおとなしくしてろ,とにかくお前はおとなしくしてろ,15,0
794,ジョギング中の女性が発見しています,ジョギング中の女性が発見しています,17,0
795,ナイフでのど元を一撃された後に,ナイフでのどもとを一撃された後に,15,2
796,むちゃくちゃな殺し方だが,むちゃくちゃな殺し方だが,12,0
797,後始末だけはしっかりしている,あとしまつだけはしっかりしている,14,5
798,マスコミにたたかれるんだ,マスコミに戦れるんだ,12,3
799,マスコミ対応の方もばっちりやって,マスコミ対応の方もばっちりやって,16,0
800,じゃそのサイト閲覧者が,ジャソのサイト閲覧者が,11,3
801,そのメールを見られる全ての人間が,そのメUルを見られるすべての人間が,16,3
802,年齢も虐待方法も親父そっくりだ,年齢も逆滞方法もおやじそっくりだ,15,5
803,警視庁の大沢絵里子です,警視庁の大騒えり子です,11,3
804,それで一応先生の事件当日の,それで一応先生の事件当日の,13,0
805,その時間はわたし寝ていましたから,その時間は私ねていましたから,16,4
806,この現場から宮川さんの自宅は,この現場から宮川さんの自宅は,14,0
807,宮川さんは鋭利な刃物で,宮川さんは営利な刃物で,11,1
808,現場に残された靴跡ですが,現場に残された靴跡ですが,12,0
809,そんなことあるわけないですよ,そんなことあるわけないですよ,14,0
810,その時間は教授室にいました,その時間は教授室にいました,13,0
811,共有パソコンにカメラ付いてるから,共有パソコンにカメラついてるから,16,1
812,前後の日も含めて終日全部,前後の日も含めて終日全部,12,0
813,ただ捜査を混乱させるだけだから,ただ捜査を混乱させるだけだから,15,0
814,だったら最後に一緒にやろうよ,だったら最後に一緒にやろうよ,14,0
815,父親にひどい虐待を受けていた,父親にひどい逆滞を受けていた,14,2
816,狭い押し入れの中に閉じ込められた,狭い押し入れの中に閉じこめられた,16,1
817,そんな毎日が何年も続いた,そんな毎日が何年も続いた,12,0
818,立ち直ることができなかった啓介さんは,立ち直ることができなかった経床さんは,18,2
819,それを発見したあなたは,それを発見したあなたは,11,0
820,押し入れに閉じ込められて,押し入れに閉じ込められて,12,0
821,直接的な表現がいいかも,直接的な表現がいいかも,11,0
822,気付かないでいたなんて,気付かないでいたなんて,11,0
823,教授室に入ったときには,教授室に入ったときには,11,0
824,利き手が変わることはまれではないの,聞き手が変わることはまれではないの,17,1
825,これは自分に起こってることではないと,これは自分に怒ってることではないと,18,2
826,思い込んでしまったのね,思い込んでしまったのね,11,0
827,たくさん救ってきたのは事実です,たくさんスクってきたのは事実です,15,2
828,啓介さんの人格ではなく,経床さんの人格ではなく,11,2
829,何か切なくなっちゃったな,何か説亡なっちゃったな,12,3
830,ちょっと大事なこと言いに来た,ちょっと大事なこと言いに来た,14,0
831,女性への関心は極めて強いが,女性への関心は極めて強いが,13,0
832,お前ら今消しゴム盗んだろうう,お前らいまけしゴムヌンンだろうウ,14,7
833,だからお母さん駄目ですって,だからお母さんだめですって,13,2
834,講習やってるんですから,講習やってるんですから,11,0
835,対策室の面々は人が足りない,対策室の面々は人が足りない,13,0
836,何でわたしが小学生相手に,なんで私が小学生相手に,12,5
837,俺が謹慎処分ってことで,オレが禁心処分ってことで,11,4
838,逆に矛先をかわしたんだよ,逆にほこ先をかわしたんだよ,12,2
839,手伝ってもらうつもりだったけど,手伝ってもらうつもりだったけど,15,0
840,駅前広場に設置された爆弾が,駅前広場に設置された爆弾が,13,0
841,まあ取り調べるしかないやろ,まあ取り調べるしかないやろ,13,0
842,岩井と片桐は被疑者の取り調べ,岩井と肩切りは日議者の取り調べ,14,5
843,かみつかれないようにね,か見つかれないようにね,11,1
844,俺の耳に入ってくるはずだぞ,オレの耳に入ってくるはずだぞ,13,2
845,ごみ箱蹴ったのと今回の事件と,ゴミ箱決ったのと今回の事件と,14,3
846,それを切り出すタイミング,それを切り出すタイミング,12,0
847,こいつは俺の大学の後輩だ,こいつは俺の大学の後輩だ,12,0
848,だがまだ確証がつかめない,だがまだ各正がつかめない,12,2
849,あれも汚職の発覚を恐れた,あれもお職の発覚を恐れた,12,1
850,必死なやつらが上層部にいる,必死なやつらが上装部にいる,13,1
851,犯人の意図が分かりません,犯人の糸が分かりません,12,2
852,取り調べの緩急をだいぶ学んだようね,取り調べの観急を第部間なんだようね,17,5
853,関係があるのは彼じゃない,関係があるのは彼邪ない,12,2
854,当然実験に使うものだと思い,当然実験に使うものだと思い,13,0
855,本人はそれをかたくなに否定してる,本人はそれを硬く何秀妹してる,16,6
856,その兄の置き時計を使って,その兄のお気解計を使って,12,3
857,リーダーはじめ主要な幹部が,リUダUはじめ主要な幹部が,13,2
858,本当に刑事だったんだな,本当に掲示だったんだな,11,2
859,それを探るために俺と付き合ってたなんて,それを探るためにオレと付き合ってたなんて,19,2
860,新たな情報があるそうだ,新たな情報があるそうだ,11,0
861,だんだん多くなってるんですよね,だんだん多くなってるんですよね,15,0
862,講義をしていた教授は無事でした,講義をしていた教授は無事でした,15,0
863,黒い月との関係は出てきてません,黒い月との関係は出てきてません,15,0
864,シャッターの修理に参りました,シャッタUの修理に参りました,14,1
865,こちらサインの方お願いします,こちらサインの放お願いします,14,1
866,本当の威力は分からない,本当の威力は分からない,11,0
867,これ当時の直接の指揮官は,これ当時の直接の指揮官は,12,0
868,情報のご提供が欠かせません,情報のご提供が欠かせません,13,0
869,つきましては捜査にご協力,月ましては操作にご協力,12,4
870,感謝状を差し上げたいと思います,感謝状を差し上げたいと思います,15,0
871,ぶち当たったかもしれませんよ,ぶちあたったかもしれませんよ,14,1
872,黒い月のターゲットはそのホールなのよ,黒い月のタUゲットはそのホUルなのよ,18,2
873,こっちにも爆弾があります,こっちにも爆弾があります,12,0
874,大学の講義室を狙ったのも,大学の抗議室を狙ったのも,12,2
875,全警備をこっちに回してくれ,前警備をこっちに回してくれ,13,1
876,目的じゃなかったとしたら,目的じゃなかったとしたら,12,0
877,大山警視総監になってから,大山警視総官になってから,12,1
878,プールしていたと思われる,プUルしていたと思われる,12,1
879,予算運営部は使えなくなった,予算運営部は使えなくなった,13,0
880,また狙われるかもしれないから,また狙われるかもしれないから,14,0
881,その格好で会場に入った,その格好で会場に入った,11,0
882,君たちの指揮権を持つことになった,君立の指揮見を持つことになった,16,3
883,君たちには働いてもらう,君たちには働いてもらう,11,0
884,もしかしたらそのころから,もしかしたらその頃から,12,2
885,警察幹部の妨害があったのかも,警察幹部の妨害があったのかも,14,0
886,その程度の嘘しかつけねえようじゃ,その程度納組しかつけね栄藤者,16,7
887,わたし根が正直だから嘘つけないの,私ねが正直だからウソ付けないの,16,7
888,逮捕のときにたっぷりと,逮捕の時にたっぷりと,11,2
889,果たせへんかったけどな,果たせ変かったけどな,11,2
890,そのすきに乗じるつもりや,その好きに上じるつもりや,12,2
891,これが仕掛けられた爆弾,これが仕掛けられた爆断,11,1
892,あなたしか分かる人がいないと思います,あなたしか分かる人がいないと思います,18,0
893,事件解決のためなら頭を下げる,事件解決のためなら頭を下げる,14,0
894,それがわたしのプライド,それが私のプライド,11,3
895,この前もお前にはだまされた,この前もお前にはだまされた,13,0
896,お茶でも飲みながらゆっくりやりましょう,お茶でも飲みながらゆっくりやりましょう,19,0
Total CER: 1595/12057=0.13,,,,
