NUM,EXPECTED,model_epoch_01_gs_30730_beam_width_1,# characters,edit distance
1,ずっと先のことだけどね,ずっと先のことだけどね,11,0
2,おなか減って死にそうだよ,お腹ヘッテ氏にそうだよ,12,6
3,水野先生がおっしゃったように,水の先生がおっしゃったように,14,1
4,治療法が見つかるかもしれない,治療法が見つかるかもしれない,14,0
5,お母さん代わってあげられなくてごめんね,お母さんかわってあげられなくてごめんね,19,1
6,お前がそんなことでどうすんだよ,お前がそんなことで動水だよ,15,4
7,あいつはそんなヤワじゃねえよ,あいつはそんな和じゃねえよ,14,2
8,あいつが折れそうになったら,あいつがおれそうになったら,13,1
9,弘樹もここしょうゆついてる,広きもここしょうゆついてる,13,2
10,わたしの世界はまるで変わってしまった,私の世界はまるで変わってしまった,18,3
11,後ろから答案用紙集めて,後ろから登案用紙あつめて,11,3
12,今年遊んどかないともう遊べないよ,今年アソンドかないともう遊べないよ,16,4
13,アクアトピアに乗りたい,アクアとピアに乗りたい,11,1
14,女ってよくしゃべんなあと思って,女ってよくしゃべんなあと思って,15,0
15,カメの餌やりとか金魚の餌やりとか,亀のエサやリとか金魚のエサやりとか,16,7
16,そんなの誰かに頼めばいいじゃない,そんなの誰かに他の目ばいいじゃない,16,3
17,薬の効果やリハビリの方法を,薬の効果やりはビリの方法を,13,2
18,確認したいと思ってます,確認したいと思ってます,11,0
19,こんなふうに毎日少しずつ,こんなふうに毎日少しずつ,12,0
20,何かができなくなっていくの,何かができなくなっていくの,13,0
21,目を閉じて次の日が来るのがこわい,目を閉じて次の日が来るのが怖い,16,2
22,朝が来て悪くなってるかもしれないと,朝が来て悪くなってるかもしれないと,17,0
23,でもお父さんが聞いたら大変だね,でもお父さんが聞いたら大変だね,15,0
24,だってわたし病気になっちゃったでしょ,だって私病気になっちゃったでしょ,18,3
25,だから先輩にも迷惑かけちゃうかも,だから先輩にも迷惑かけちゃうかも,16,0
26,不公平なことをしようとしてるのは,不幸兵なことをしようとしてるのは,16,2
27,花火大会ぐらい一緒に行くでしょ,花火大会ぐらい一緒に行くでしょ,15,0
28,できること自分から投げ出すなんて,できること自分から投げ出すなんて,16,0
29,神様は不公平だなんて言った,神様は不光兵打なんていった,13,4
30,浴衣着て髪アップにしたら,浴かたきて紙アップにしたら,12,4
31,先輩きっとびっくりするわよ,先輩キットビックリするわよ,13,7
32,お母さんの後光が見えてきたような気がする,お母さんのごこうが見えてきたような気がする,20,3
33,わたしは自分を信じて行動すればいい,私は自分を信じて行動すればいい,17,3
34,やっぱ夏は浴衣とスイカと,やっぱ夏は浴かたと水かと,12,5
35,お友達もみんなついてるし,お友達もみんなついてるし,12,0
36,見つける必要があります,見つける必要があります,11,0
37,夏休みを利用して検査のための,夏休みを利用して検査のための,14,0
38,入院をされてはいかがでしょうか,入院をされてはいかがでしょうか,15,0
39,効果には個人差があるので,効果には個人差があるので,12,0
40,少し長くなるかもしれないから,少し長くなるかもしれないから,14,0
41,お前たちもう遅いから寝なさい,お前たちもう遅いからねなさい,14,1
42,周りが目に入らなかったんだよ,周りが目に入らなかったんだよ,14,0
43,リハビリを担当する田辺です,リハビリを担当する田鍋です,13,1
44,ショックも考えてみろよ,ショックも考えてみろよ,11,0
45,患者も医師も治療に専念する,患者も石も治療に専念する,13,2
46,すぐお見舞い行かなきゃ,すぐお見まいいかなきゃ,11,2
47,クラスのみんなに声かける,クラスのみんなに超えかける,12,2
48,亜湖お母さん夕方病院寄ってくるから,憧っか朝さん遊方病引よってくるから,17,7
49,遅くなると思うんだけど,遅くなると思うんだけど,11,0
50,なるべく早く帰るようにはするけど,なるべくは約買えるようにはするけど,16,4
51,わたしマミと約束あるんだから,私まみと約束アルンだから,14,8
52,今は家族が一致団結して,今は家族が一致断結して,11,1
53,ガトーボヌールのケーキだ,がトUボヌUルのケUキだ,12,4
54,一応人数分買ってあるわよ,一応人数分買ってあるわよ,12,0
55,麻生君に会いたくて来たのにね,麻生くんに味託的たのにね,14,8
56,一応声はかけたんっすけどね,一応声はかけたんすけどね,13,1
57,何か感じが変わっちゃった,何か感じが変わっちゃった,12,0
58,今度は捕まんないようにしろよ,今度はつかまんないようにしろよ,14,2
59,途中まで一緒にいたんだけど,途中まで一緒に痛んだけど,13,2
60,次の日川島で発見されたの,次の日皮投で発見されたの,12,2
61,あんまり信用してないらしい,あんまり信用してないらしい,13,0
62,友達来てくれてよかったわね,友達きてくれてよかったわね,13,1
63,こんなにたくさんもらっちゃった,こんなにたくさんもらっちゃった,15,0
64,動いてくると思いますけれども,動いてくると思いますけれども,14,0
65,両手を上げて手のひらを上にして,両手を上げて手の平を上にして,15,2
66,デートに行けるとなったら,デUトに行けるとなったら,12,1
67,そんなことないですって,そんなことないですって,11,0
68,今できること頑張るって決めたんだ,今できること頑張るって決めたんだ,16,0
69,原因不明の神経変性疾患,原因不明の新型編成疾患,11,4
70,じゃあ結局今日の池内との,じゃあ結局鏡の池内との,12,2
71,どうしようかと思ってさ,どうしようかと思ってさ,11,0
72,せっかくの誕生日の日に,せっかくの誕生日の日に,11,0
73,さっき病院に電話きてた,昨季病院に電話着てた,11,4
74,メスは餌を探しに出るんだけど,メスはエサを探しに出るんだけど,14,2
75,その間どんなに腹減っても,その感どんなに腹減っても,12,1
76,ずっと卵守って待ってんだよ,ずっと卵間もって待ってんだよ,13,2
77,本当は先輩は来ないかもって思ってた,本当は先輩は来ないかもって思ってた,17,0
78,何言ってるか分かんなくなっちゃうんだって,何入ってるか分かんなくなっちゃうんだって,20,1
79,最後には寝たきりになって,最後にはネタキリになって,12,4
80,その人物は派手なパンクファッションに,その人物は派手なパンクファッションに,18,0
81,身を包んでいたそうですが,身を包んでいたそうですが,12,0
82,まさにあんな感じでした,まさにあんな感じでした,11,0
83,記憶には自信があるんです,記憶には自信があるんです,12,0
84,先ほどあなたが見たのは,先ほどあなたが見たのは,11,0
85,さっき記憶には自信があると,昨季木奥には自信があると,13,5
86,自信がなくなってきました,自身がなくなってきました,12,1
87,でも見てみたかったわね,でも見てみたかったわね,11,0
88,いろいろ教えてくださいね,いろいろ教えてくださいね,12,0
89,事務所の経営に貢献してくださいね,事務所の経営に貢献してくださいね,16,0
90,それはいいじゃないですか,それはいいじゃないですか,12,0
91,協力したのは私たちです,協力したのは私たちです,11,0
92,私も協力をお願いされたら,私も協力をお願いされたら,12,0
93,カツラぐらいは被りましたよ,かつらぐらいはこう無理ましたよ,13,7
94,私もちょっとは協力しました,私もちょっとは強力しました,13,1
95,こういう時はじゃんけんでしょ,こういう時は若件でしょ,14,5
96,宮田さんじゃんけんに勝てて,宮さんじゃん犬に勝てて,13,3
97,思いっきりのんびりしちゃいましょ,思いっきりのんびりしちゃいましょ,16,0
98,とりあえずお風呂入りましょうね,とりあえずオフロは入りましょうね,15,4
99,恐ろしい殺人事件が起きる事など,恐ろしい切人事件が起きることなど,15,3
100,のんびりしようって言いましたよね,のんびりしようっていいましたよね,16,1
101,プロデューサーの仕事でしょ,プロデュUサUの仕事でしょ,13,2
102,撮り方の工夫で何とかするから,取り方の工夫で何とかするから,14,1
103,あさすが大女優って感じ,アサスが大女優って感じ,11,3
104,高校の時の友人なんです,高校の時の友人なんです,11,0
105,私たちここに泊まってるの,私たちここに止まってるの,12,1
106,まだ駆け出しみたいですけど,まだ掛け出しみたいですけど,13,1
107,お肌ツルツルになるんですって,お肌つるつるになるんですって,14,4
108,いろいろと苦労したんだね,いろいろと苦労したんだね,12,0
109,私は今回だけなんだけどね,私は今回だけなんだけどね,12,0
110,真理江さんは体調が悪いみたいで,まりエさんは体調が悪いみたいで,15,3
111,何かちょっと怖そうな人ね,何かちょっと怖そうな人寝,12,1
112,ホントはいい人なんだよ,ホントはいい人なんだよ,11,0
113,朝から監督の姿が見当たらなくて,朝から監督の姿が見当たらなくて,15,0
114,スケジュールも狂っちゃって,スケジュUルもくるっちゃって,13,3
115,私そんなメール出してません,私そんなメUル出してません,13,1
116,送信記録が残ってますよ,送信記録が残ってますよ,11,0
117,温泉で殺人事件と遭遇したの,温泉で殺人事件と遭遇したの,13,0
118,写真だけでわかるわけないだろ,写真だけでわかるわけないだろ,14,0
119,山岡監督と田代睦美の間には,山岡監督と田白むつみの間には,13,4
120,という憶測が飛び交っている,という憶測が飛びかっている,13,1
121,マスコミで話題になっている事件だけに,マスコミで話題になっている事件だけに,18,0
122,勝訴すれば事務所の名前が上がりますね,消訴すれば事務所の名前が上がりますね,18,1
123,あなたがそこまで言うんだったら,あなたがそこまで言うんだったら,15,0
124,それは私がよく知っています,それは私がよく知っています,13,0
125,ホテルの最上階にある展望風呂,ホテルの際上階にある展望フロ,14,3
126,郡山まで行く車の中から,氷山までいくくる間の中から,11,5
127,先に帰ったお詫びをしておこうと思って,先に帰ったお詫びをしておこうと思って,18,0
128,そこで最上階の展望風呂の事を,そこで最上階の展望風呂のことを,14,2
129,お肌がツルツルになるから,お肌が鶴になるから,12,4
130,協力するから何でも言ってね,協力するから何でも言ってね,13,0
131,誰かが勝手に自分の携帯を使って,誰かが勝手に自分の携帯を使って,15,0
132,真犯人が見つからないまでも,新販人が見つからないまでも,13,2
133,では被告人は席に戻ってください,では被告人は席に戻って下さい,15,2
134,切迫流産の危険があったそうですが,設迫流産の危険があったそうですが,16,1
135,数日入院すれば心配ないそうです,数日入院すれば心配ないそうです,15,0
136,じゃあ裁判はいずれ再開されますね,じゃあ裁判はいずれ再開されますね,16,0
137,それにしても前代未聞ね,それにしても全大未望値,11,4
138,睦美どうして教えてくれなかったんだろう,むつ見どうして教えてくれなかったんだろう,19,3
139,監督が恨まれるなんてないと思う,監督が裏まれるなんてないと思う,15,1
140,厳しいけど思いやりのある人だから,厳しいけど思いやりのある人だから,16,0
141,常連に売ったような気がしますね,常連に売ったような気がしますね,15,0
142,じゃ山岡さんが殺害された時刻に,ジャヤマオカさんが殺害された時刻に,15,6
143,ラウンジであなたと一緒にいたのは,ラウンジであなたと一緒にいたのは,16,0
144,ありがとうございました,ありがとうございました,11,0
145,何か睦美ちゃんに不利になる事を,何かむつみちゃんに振りになることを,15,7
146,告げ口するみたいで話しにくくてね,つげ口するみたいで話にくくてね,16,2
147,拘置所に戻されたそうよ,高知書に戻されたそうよ,11,3
148,色々訊いて回ったんですけど,いろいろ聞いて回ったんですけど,13,5
149,あの日先に東京に帰ってます,あの日先に東京に帰ってます,13,0
150,香山プロデューサーが証言してます,香山プロデュUサUが証言してます,16,2
151,インターネットを通じて投稿するんです,インタUネットを通じて投稿するんです,18,1
152,この動画が投稿されたのが,この動画が投稿されたのが,12,0
153,つまり事件翌日の朝です,つまり事件翌日の朝です,11,0
154,やっぱり撮影されたのは,やっぱり撮影されたのは,11,0
155,帽子とマスクの男いたじゃないですか,帽子とマスクのおとこいたじゃないですか,17,3
156,あの正体がわかったんです,あの正体がわかったんです,12,0
157,相手役を務める須藤健一さんから,相手役を務めるストウケン一三から,15,7
158,抱負を伺いたいと思います,豊富をうかが痛いと思います,12,6
159,ファンの人は立ち入り禁止ですよ,ファンの人はたち入り禁止ですよ,15,1
160,柔軟性があるって事じゃないですか,柔軟性があるってことじゃないですか,16,2
161,車まで乗せていただいて,車までのせていただいて,11,1
162,それはアリバイでも何でもないぞ,それはアリバイでも何でもナイゾ,15,3
163,せっかく優しくしてあげたのに,せっかく優しくしてあげたのに,14,0
164,先生この部屋何か暑くないですか,先生この部屋にかあ作ないですか,15,3
165,リモコンどこいっちゃったんだろう,リモコンドコイっちゃったんだろう,16,3
166,ずっと聞かせてもらったってわけだ,ずっと聞かせてもらったってわけだ,16,0
167,お手柄と言いたいところだがな,お手柄と言いたいところだがな,14,0
168,これが山村ヨウコの細胞,これが山村用子の細胞,11,3
169,あれならとっくに解析処理を終えた,アレならトックに解析処理を終えた,16,5
170,俺のほうでも調べてみたいんだ,オレの方でも調べてみたいんだ,14,4
171,訓練を受けた張本人ですら,訓練を受けた長本人ですら,12,1
172,耐え切れる者はいません,たえきれるものはいません,11,4
173,一緒にご飯食べるところなの,一緒にご半食べるところなの,13,1
174,こんな訪ね方しか出来なくて,こんな尋ね方しかできなくて,13,3
175,あるヤツの名前と住所を,あるやつの名前と重所を,11,3
176,そしたら本当にそいつが死んで,そしたら本当にそいつが死んで,14,0
177,やつらにやられっぱなしだ,やつらにやられっぱなしだ,12,0
178,いま少し休ませてるんです,今少しやすませてるんです,12,4
179,再開されることへの恐怖を抱きます,再開されることへの恐怖を抱きます,16,0
180,間もなく彼女は落ちます,まもなく彼女は落ちます,11,1
181,しっかり覚えてほしんだけど,しっかり覚えて保信だけど,13,3
182,父親のことをあいつに知らせるな,父親のことを相つに知らせるな,15,2
183,全然落ちねーじゃないか,全然落比ねじゃないか,11,2
184,予想以上に粘っています,予想以上に粘っています,11,0
185,だったらもっとレベルを上げろ,だったらもっとレベルを上げろ,14,0
186,死んでしまったら二度と手がかり,新でしまったら二度と手がかり,15,2
187,関わらせることは本当に避けたいんだが,かかわらせることは本当に避けたいんだが,18,2
188,あいつらを捕まえるチャンスなんだろ,相津をつかえるチャンスなんだろ,17,6
189,テロリスト確保の際に何かあった時は,テロリスト各保の際に何かあったときは,17,3
190,国を守ることが最優先だ,国を守ることが最優先だ,11,0
191,でもちょっと元気出てきました,でもちょっと元気でてきました,14,1
192,その人に会わせてあげる,その人に合わせてあげる,11,1
193,そんなもんさっきの青い車を,そんなもんさっきの青い車を,13,0
194,捕まえてみればわかるんだよ,捕まえてみればわかるんだよ,13,0
195,もう少しで大切な証人を,もう少しで大切な承認を,11,2
196,少々強引なところがありまして,少々合員なところがありまして,14,2
197,何かいじってないと落ち着かなくて,何かいじってないと落ち着かなくて,16,0
198,自動車販売会社に勤める,自動車販売会社に勤める,11,0
199,現場に争った形跡がなかったことから,現場にあらそった形跡がなかったことから,17,3
200,ずいぶん辺鄙なところだな,ずいぶん返ぴなところだな,12,2
201,ウイルスを隠しているんだから,ウイルスを隠しているんだから,14,0
202,仲間を引き連れて戻ってくるかもよ,仲間を引きつれて戻ってくるかもよ,16,1
203,下手な心理戦仕掛けやがって,ヘタナ新理戦しかけやがって,13,6
204,俺たちに何も出来なくさせる,おれたちに何も出来なくさせる,13,2
205,今のところ見当たらない,今のところ見あたらない,11,1
206,そんなもんさっきの青い車,そんなもんさっきの青い車,12,0
207,俺も早く気づくべきだった,俺もは約機づくべきだった,12,3
208,あんたが犯人だってわかるようになっています,アンタが犯人だってわかるようになっています,21,3
209,言い訳は本部でゆっくりしろ,言いわけは本部でゆっくりしろ,13,2
210,あなたは私たちが言うことを,あなたは私たちがいうことを,13,1
211,ヒーローが犯人の背中に,ヒUロUが犯人の背中に,11,2
212,これからは嘘だって思いなさい,これからは嘘だって思いなさい,14,0
213,それじゃあ最後にもうひとつ頼む,それじゃあ最後にもう一つ楽む,15,3
214,上空から現場の画定はできません,上空から現場の確定はできません,15,1
215,その後の状況報告お願いします,その後の状況報告お願いします,14,0
216,お互い頑張って生きていきましょうね,お互い頑張っていきていきましょうね,17,1
217,報告が送れてすみません,報告が遅れてすみません,11,1
218,銃を奪われ撃たれました,銃を奪われ打ったれました,11,2
219,自分の正体がバレたのか,自分の招待がバレタのか,11,3
220,このままの流れで決行だ,このままの流れでけっこうだ,11,4
221,高木君家にいなかったんだけど,高木君化にいなかったんだけど,14,1
222,こちらの方とも確認してみます,こちらの方とも確認してみます,14,0
223,遥ちゃん今病院なんですけど,春価チャンコン病院なんですけど,13,7
224,お兄さんのことすごく心配していて,お兄さんのことすごく心配していて,16,0
225,あちこちに大きいホースが,あちこちに大きいホUスが,12,1
226,今すぐ空調を全部止めて,今すぐ空調を全部止めて,11,0
227,感染したと決まったわけじゃないだろう,感染したと決まったわけじゃないだろう,18,0
228,対テロを専門としている組織だ,タイテロを専門としている組織だ,14,2
229,研究室に戻る気はありません,研究室に戻る木はありません,13,1
230,やっぱり食われたのは宝生,やっぱりくわれたのは放傷,12,3
231,我々へのウィルステロは失敗だ,われわれへのウィルステロは失敗だ,14,4
232,全員殺すつもりだったの,全員コロスつもりだったの,11,3
233,すぐに出動の要請をする,すぐに出動の要請をする,11,0
234,当たれば高圧電流が流れて,当たれば紅圧電流が流れて,12,1
235,どうしたらこの国を救えるのか,どうしたらこの国を救えるのか,14,0
236,俺にはただずっと側にいてほしい,オレにはただずっと側にいて欲しい,15,3
237,これを届けにきてくれたの,これを届けに来てくれたの,12,1
238,あなたに会いたいって言ってるのよ,あなたに会いた言っていってるのよ,16,2
239,でもこれで追跡は不可能よ,でもこれで追跡は不可能よ,12,0
240,相変わらず気持ちいいほど自分本位,相変わらず気持ちいいほど自分本意,16,1
241,科学捜査などの専門的捜査で,科学捜査などの専門的操作で,13,2
242,凶悪犯罪に対応していくチムです,教怖反罪に対応していくチムです,15,3
243,あの女と同期だそうです,あの女と同期だそうです,11,0
244,それに新しい部署の失敗は,それに新しい部書の失敗は,12,1
245,どこの部署からもいらない精鋭たちが,どこの部書からもいらない声映達が,17,5
246,容疑者じゃありませんよ,容疑者じゃありませんよ,11,0
247,暴力事件を起こしてましてね,暴力事件を起こしてましてね,13,0
248,どうぞよろしくお願いします,どうぞよろしくお願いします,13,0
249,こんな部署やることないでしょ,こんな部所やることないでしょ,14,1
250,身元不明の焼死体が発見された,身元不明の小死体が発見された,14,1
251,上半身が丸焦げだったようです,上半身が丸越げだったようです,14,1
252,あと片腕が折れていたとか,あと堅うでが折れていたとか,12,3
253,わたし刑事じゃないですから,私刑事じゃないですから,13,3
254,警察といえどもね異動はあるの,警察と家供根移動はあるの,14,6
255,わたし人間に興味ないんで,私人間に興味ないんで,12,3
256,片桐さんにはお似合いですね,肩切りさんにはお似合いですね,13,3
257,相当手広くやっていたようで,相当手日録やっていたようで,13,2
258,炭化した内臓が粉砕してた,単化した内蔵が粉採してた,12,3
259,着任早で張り切ってんのは分かるが,着人はやで張りきってんのは分かるが,16,4
260,鉄塔に登らせた可能性が,鉄頭にのぼらせた可能性が,11,3
261,じゃあこの着信履歴調べれば,じゃあこの着信利歴調べれば,13,1
262,それからついでに現場で,それから遂でに現場で,11,2
263,それにそんな薬品なんて,それにそんな約ヒンなんて,11,3
264,近どこかと合併するとか,近度こかと合併するとか,11,1
265,業界大手のグロリアス薬品と,業界大手のグロリアス約ヒント,13,4
266,またテレビで報道されると思います,またテレビで報道されると思います,16,0
267,焼死ならそうはいかないわ,少子ならそうはいかないわ,12,2
268,わたしがこの目で確認してる,私がこの目で確認してる,13,3
269,指示を受けていたことが分かってる,指示を受けていたことがわかってる,16,1
270,摩擦で爆発するようになっていた,松つで爆発するようになっていた,15,2
271,つまり一度着たら脱ぐことのできない,つまり一度来たらぬぐことのできない,17,2
272,一番いやなことさせたわけか,一番イヤなことさせたわけか,13,2
273,あまり評判のよくない銀行です,あまり評判のよくない銀行です,14,0
274,次の犯行もすぐに起こるわ,次の犯行もすぐに起こるわ,12,0
275,改造したスタンガンが見つかった,改造したスタンガンが見つかった,15,0
276,セットされてる可能性が極めて高い,セットされてる可能性がきわめて高い,16,2
277,そういうことだ遊んでる暇はない,そういうことだ遊んでる暇はない,15,0
278,やはり爆弾はセットされてるな,やはり爆弾はセットされてるな,14,0
279,時間なんて気にする必要ない,時間なんて気にする必要ない,13,0
280,かなり精密にやらないと,かなり生密にやらないと,11,1
281,ほんのわずか多めにする,ほんのわずかおめにする,11,1
282,それも何度かやってみないと分からない,それも何度かやってみないとわからない,18,1
283,戸倉さんにお聞きしました,と暮らさんにお聞きしました,12,3
284,何から何まで教えていただきました,何から何まで教えていただきました,16,0
285,嘘は絶対に言ってはならない,嘘は絶対に行ってはならない,13,1
286,今爆弾処理班が向かっています,混爆弾処理反が向かっています,14,2
287,もう少し待てばよかったんだよ,もう少しまてばよかったんだよ,14,1
288,言わせるために作ったんだって,言わせるために作ったんだって,14,0
289,それはわたしが優秀だからです,それは私が優秀だからです,14,3
290,ここは誰も教えてくれないからな,ここは誰も教えてくれないからな,15,0
291,あののっぽと付き合ってる男,あののっぽとつき合ってる男,13,1
292,現実的にはそうかもしれない,現実的にはそうかもしれない,13,0
293,でも撃てなきゃ刑事じゃない,でもうてなきゃ経事じゃない,13,2
294,お前のこと色々噂になってるぞ,お前のこといろいろうわさになってるぞ,14,7
295,さっき台東区で女子大生が,さっきたい東区で女子大性が,12,3
296,共に地取り鑑取りを行っていますが,とも日取り間取りを行っていますが,16,4
297,問題はこのインターネットの掲示板,問題はこのインタUネットの掲示板,16,1
298,また一人処刑してやった,また一人書系してやった,11,2
299,一人目の処刑者よしおかひとみ,一任目の初型者よしおか瞳,14,6
300,殺人犯を英雄視してるんだ,殺人半を永優ししてるんだ,12,4
301,書き込みの情報によると,書き込みの情報によると,11,0
302,巨大なダガーナイフを持ち,巨大なだガUナイフを持ち,12,2
303,そのマークを現場にも残す,そのマUクを現場にも残す,12,1
304,総合するとこんな感じです,総合するとこんな感じです,12,0
305,インターネットのデマじゃない,インタUネットのでまじゃない,14,3
306,共に頑張ろうぜおっさん,ともに頑張ろうぜおっさん,11,2
307,ちょっと調べてほしいことがあるんです,ちょっと調べてほしいことがあるんです,18,0
308,大事件に発展するかもしれないんです,大事件に発展するかもしれないんです,17,0
309,吉岡さんはお酒を飲んだ,美岡さんはお酒を飲んだ,11,1
310,ベッドの脇に落ちたことによる,ベッドの脇に落ちたことによる,14,0
311,現場にばってんマークとか,現場にバッテンマUクとか,12,5
312,そんなやつおるわけないやろ,そんなやつおるわけないやろ,13,0
313,全てフリースペースに置いてある,すべてフリUスペUスにおいてある,15,5
314,それぞれの所轄に連絡させて,それぞれの初活に連絡させて,13,2
315,同じ人間が書き込みしてるようです,同じ人間が書き込みしてるようです,16,0
316,このインターネットに参加している全員が,このインタUネットに参加している全員が,19,1
317,でも彼女は服の上からだった,でも彼女は服の上からだった,13,0
318,神なんて祭り上げられて,神なんて待つり上げられて,11,2
319,ぺらぺらしゃべっていたそうだな,ペラペラシャベっていたそうだな,15,7
320,その口の軽さで逮捕できたよ,その口の軽さで逮捕できたよ,13,0
321,逮捕されたのは都内に住む,逮捕されたのは都内に住む,12,0
322,捕まった奴は神なんかじゃない,つかまった奴は紙なんかじゃない,14,3
323,親御さんからは頑張れば,親ごさんからは頑張れば,11,1
324,傷つくこともないんだもんね,傷つくこともないんだもんね,13,0
325,だから何が言いたいんだって,だから何が言いたいんだって,13,0
326,塀の向こうに落ちた神様,平の向こうに落ちた神様,11,1
327,インターネットは祭りよ,インタUネットは祭りよ,11,1
328,まだ連絡の取れなかった,まだ連絡の取れなかった,11,0
329,気力があればなおさら危険ですね,気力があればなおさら危険ですね,15,0
330,インターネットの書き込みの,インタUネットの書き込みの,13,1
331,本当の怪物を生んでしまった,本当の解物を生んでしまった,13,1
332,面白がった誰かが名前を書き込む,面白がった誰かが名前を書き込む,15,0
333,その期待に応えようとするはず,その期待に応えようとするはず,14,0
334,一刻も早く逮捕しなければ,一刻も早く逮捕しなければ,12,0
335,それぞれ保管室に行って,それぞれ補完失に行って,11,3
336,拳銃を携行していくように,拳銃を傾構していくように,12,2
337,もうちょっといい写真使いなさい,もうちょっといい写真使いなさい,15,0
338,護衛捜査員はこれから選出する,ご栄送サインはこれから選手する,14,7
339,一刻も早く発表したいらしいから,一刻も早く発表したいらしいから,15,0
340,あっけない最期でしたね,アッケ内最後でしたね,11,6
341,この犯人だけがインターネット上の神を,この犯人だけがインタUネット上の髪を,18,2
342,つまりとっくに死んでる遺体に,つまりトックにシンデル位に,14,9
343,今は中がジッパーになってる,今は中がじっぱUになってる,13,4
344,インターネットのオークションで買った,インタUネットのオUクションで勝った,18,3
345,近くのホームレスの男性,近くのホUムレスの男性,11,1
346,また飲み会してくださいね,またのみかいしてくださいね,12,3
347,早う家帰って風呂入って,は用意え帰ってフロは言って,11,8
348,でも浩のおかげで助かった,でも広しのおかげで助かった,12,2
349,今度は朝まで付き合ってよ,今度は朝まで突き合ってよ,12,1
350,きっと人間と見てないよ,きっと人間と見てないよ,11,0
351,大変申し訳ありませんでした,大変申し訳ありませんでした,13,0
352,同じ雑誌の読者モデルが,同じ雑誌の読者モデルが,11,0
353,まだ犯人の手掛かりはつかめていない,まだ犯人の手がかりはつかめていない,17,1
354,少し離れて歩きますから,少し離れて歩きますから,11,0
355,今日はありがとうございました,今日はありがとうございました,14,0
356,ぜひまた次回も呼んでください,是非また次回も呼んで下さい,14,4
357,ただこういったケースの場合,ただこういったケUスの場合,13,1
358,ゆっくり落ち着いてからの方が,ゆっくり落ち着いてからのほうが,14,2
359,ブランドの新作発表会の帰り道,ブランドの新作発表会の帰り道,14,0
360,あまりしゃべりたがらない,あまりしゃべりたがらない,12,0
361,話をしたくない人もいるの,話をしたくない人もいるの,12,0
362,被害者は深く傷ついてる,被害者は不快傷ついてる,11,2
363,わたし樋口さんに嫌われたみたいです,私日口さんに嫌われたみたいです,17,4
364,読者モデルとはいっても,読者モデルとはいっても,11,0
365,直接入っていたそうです,直接は言っていたそうです,11,2
366,覚せい剤で逮捕歴もある,各製剤で逮捕歴もある,11,3
367,定時だから帰っていいわ,定時だから帰っていいわ,11,0
368,刑務所から出したはがきや封筒には,軽務所から出したはがキヤ封筒には,16,3
369,事件の概要が見えてきました,事件の概要が見えてきました,13,0
370,これ樋口さんからもらったんだ,これ日口さんからもらったんだ,14,1
371,もっと色々もらってこよう,もっといろいろもらってこよう,12,4
372,たぶんどこかで手足を縛られ,たぶんどこかで手足をしばられ,13,2
373,これは傷つけても構わないという,これは傷つけてもかまわないという,15,2
374,ナイフを押し付けられていた,ナイフを惜し着けられていた,13,2
375,平手で殴られてるから傷も浅い,ヒラテで殴られてるからきずも浅井,14,6
376,三上とは同じ中学の先輩後輩で,みかみとは同じ中学の先輩口輩で,14,4
377,三上の働いてるバーに呼びつけられて,みかみの働いてるバUに呼び付けられて,17,5
378,少し話が聞きたいんですが,少し話しが聞きたいんですが,12,1
379,まあちょっとそこでお茶でも飲みながら,まあちょっとそこでお茶でも飲みながら,18,0
380,コップに付いた唾液から,コップについただ駅から,11,3
381,変なことしゃべってんだったら,変なこと社別店だったら,14,6
382,犯人とみて間違いないな,犯人とみて間違いないな,11,0
383,プリンターで出力した文字です,プリンタUで出力した文字です,14,1
384,プリンターのメーカーが同じだと,プリンタUのメUカUが同じだと,15,3
385,字体では区別がつかない,自体で白別がつかない,11,3
386,ゆかりさんの家族構成から出身地,ゆかりさんの家族構成から出身地,15,0
387,病院で会話したこと全部書いてあるんだ,病院で会話したこと全部書いてあるんだ,18,0
388,同じ銀行に口座作っちゃおう,同じ銀行に口座つくっちゃおう,13,2
389,犯人の声とにおいを確認してもらう,犯人の声と匂いを確認してもらう,16,2
390,襲われたらどないするつもりじゃ,襲われたらどないするつもりじゃ,15,0
391,だったら樋口さんに頼むわ,だったら日口さんに頼むわ,12,1
392,女の敵は許したくないんです,女の敵は許したくないんです,13,0
393,金田は毎日決まった時間に,金は毎日決まった時間に,12,1
394,警視庁の片桐と申しますが,警視庁の型切りと申しますが,12,3
395,だから全員やってやろうと思って,だから全員やってやろうと思って,15,0
396,家宅捜索の令状も取りました,家宅捜索の例状も取りました,13,1
397,必ず証拠は出てくるはずです,必ず証拠は出てくるはずです,13,0
398,あなたはモデル仲間の佐藤さん,あなたはモデル仲間の佐藤さん,14,0
399,そこでバーで知り合った三上に,そこでバUで知り合った三上に,14,1
400,一方的にあなたに愛情を向けていた,一方的にあなたに愛情を向けていた,16,0
401,後ろから危険が訪れるとは,後ろから危険が訪れるとは,12,0
402,あなたはため息をついた,あなたはため息をついた,11,0
403,相手が目の前にいるうちは,相手が目の前にいるうちは,12,0
404,なかなか証拠が挙がらなかった,なかなか証拠があがらなかった,14,1
405,金田を監視するためにね,金を監視するためにね,11,1
406,何にも見つからなかった,何にも見つからなかった,11,0
407,いくら大事な仕事のためとはいえ,いくら大事な仕事のためとはいえ,15,0
408,いずれにせよ家宅捜索すれば,いずれにせよか卓捜索すれば,13,2
409,ほかにも証拠は出てくるはず,ほかにも証拠は出てくるはず,13,0
410,全部罪かぶってくれたのに,全部財下無ってくれたのに,12,3
411,復活できるとこだったのにな,復活できるとこだったのにな,13,0
412,やっぱり直感は正しかったわ,やっぱり直感は正しかったわ,13,0
413,あんなの持たないでしょ,あんなのもたないでしょ,11,1
414,卑劣な犯罪者の敵がわたしなの,ヒレツな犯罪者の敵が私なの,14,6
415,警視庁に来てもらうから,警視庁に来てもらうから,11,0
416,マスコミいっぱい来るんでしょ,マスコミイッパイクルんでしょ,14,6
417,君にあれはね昆虫を見る目だよ,君にあれは根婚中を見る目田よ,14,4
418,ある意味カッコ良かったですよ,ある意味かっこよかったですよ,14,4
419,同情するなら毛根をくれ,同乗するなら猛コンをくれ,11,4
420,何か感づかれるんじゃないかって,何かかんづかれるんじゃないかって,15,2
421,樋口ゆかりを狙ってること,樋口ゆかりを狙ってること,12,0
422,自分の考えを全部は言わない,自分の考えを全部は言わない,13,0
423,本当は真実にあげたかったんだよ,本当は信実に挙げたかったんだよ,15,2
424,やっぱりちゃんと考えてるんだあなたも,やっぱりちゃんと考えてるんだあなたも,18,0
425,アピールする狙いもある,アピUルする狙いもある,11,1
426,あなたの後ろには私達がいる,あなたの後ろには私たちがいる,13,2
427,みんなに防犯というものを,みんなに防犯というものを,12,0
428,知ってもらうためにやって来ました,知ってもらうためにやってきました,16,1
429,絶対にドアを開けてはいけません,絶対にドアを開けてはいけません,15,0
430,不測の事態の対処法です,不測の事態の対処法です,11,0
431,やっぱりあたし無理です,やっぱり温しむりです,11,4
432,仕事に対する姿勢の問題,仕事に対する姿勢の問題,11,0
433,家で好きなだけ寝ていなさい,家で好きなだけ寝ていなさい,13,0
434,木元さんが大変なんですよ,気本さんが大変なんですよ,12,2
435,こちらから連絡するまで,こちらから連絡するまで,11,0
436,誠に申し訳ありませんが,誠に申し訳ありませんが,11,0
437,電話をお受けすることができません,電話を追受けすることができません,16,1
438,いやになったんでしょう,いやになったんでしょう,11,0
439,社会人としてあるまじき行為,社会人としてあるまじき行為,13,0
440,プロの自覚がない人間は,プロの時格がない人間は,11,2
441,とにかく真美りんだけは絶対ダメ,とにかく真みりんだけは絶対だめ,15,3
442,部下の人生をもてあそぶ,部下の人生をもて遊ぶ,11,2
443,現在ガイシャの身元の割り出し中です,現在外社の見元の割田市中です,17,8
444,ただのチンピラ同士の喧嘩だ,ただの珍ぴら同氏の喧嘩だ,13,5
445,使われた拳銃はフィリピンルートで,使われた拳銃はフィリピンルUトで,16,1
446,事件ではないと思いますが,事件ではないと思いますが,12,0
447,それはこちらが決めますので,それはこちらが決めますので,13,0
448,これシュークリーム持ってきました,これシュUクリUムもってきました,16,3
449,そんなに時間はかからないと思うわ,そんなに時間はかからないと思うわ,16,0
450,そういえば木元のやつって,そういえば気元のやつって,12,1
451,土佐犬より気が強いです,とサイヌより気が強いです,11,4
452,あの子も相変わらずだな,あの子も合い変わらずだな,11,2
453,少量の塩素酸イオンが含まれていた,商料の塩素三井音が含まれていた,16,6
454,昨日から連絡つかなくってさ,機能から連絡つかなくってさ,13,2
455,自宅に電話させてもらいました,自宅に電話させてもらいました,14,0
456,錦糸町のパブで働いてるんだけど,近止町のパブで働いてるんだけど,15,2
457,このままだと電気も止められる,このままだと電気求められる,14,2
458,ただいま留守にしております,ただいマルスにしております,13,3
459,今回も身元の分かる物は,今回も見元のわかるものは,11,4
460,被害者の自転車にぶつかった,被害者の自転車にぶつかった,13,0
461,同じメッセージを残してる,同じメッセUジを残してる,12,1
462,こういうメッセージを残したりはしない,こういうメッセUジを残したりはしない,18,1
463,木につるし上げたと考えられる,気につる仕上げたと考えられる,14,2
464,これらのことから犯人は,これらのことから半人は,11,1
465,激しいスポーツをやっていて,激しいスポUツをやっていて,13,1
466,社会生活はきちんとこなしていて,社会生活はきちんとこなしていて,15,0
467,まだ犯行は続く可能性が高い,まだ半行は続く可能性が高い,13,1
468,戻ってるんじゃないかと思って,戻ってるんじゃないかと思って,14,0
469,ああいうのに入ったりして,ああいうのには言ったりして,12,2
470,派手にはしゃいでいました,はでには社位でいました,12,5
471,貼っていったものがありますけど,張っていったものがありますけど,15,1
472,免許証はホームレスから名義を買った,免許証はホUムレスから名義を買った,17,1
473,殴る蹴るで殺したちゅう事件や,殴るケルでころしたちゅう事件や,14,4
474,当時話題になった事件です,当時話題になった事件です,12,0
475,何人かでやったんだよな,何人かでやったんだよな,11,0
476,それからリンチ殺人で殺された,それから臨地札人で殺された,14,4
477,見張り役だった男がいるんです,美は利役だった男がいるんです,14,3
478,ゲームセンターで遊んでいた,ゲUムセンタUで遊んでいた,13,2
479,センター裏に連れ出し数発殴った,センタU裏に連れ出し数はつなぐった,15,5
480,廃墟で両手足を縛ったうえで監禁,廃墟で両手足をしばった上で肝金,15,6
481,一部をインターネットで流した,一部をインタUネットで流した,14,1
482,その後江川さんは全身打撲による,その声川さんは全身だ僕による,15,4
483,自殺に見せかけようとしたが,自殺に見せかけようとしたが,13,0
484,このときの警察の対応に,この時の警察の対応に,11,2
485,不自然なタイヤ痕を見つけた,不自然なタイヤコンを見つけた,13,2
486,何もせずに見殺しにした,何もせずに見ごろしにした,11,2
487,新しいメールが来てます,新しいメUルが来てます,11,1
488,海外のサーバーから経由しています,海外のサUバUから経由しています,16,2
489,今科捜研がしらべてるだけど,今夏総研が調べてるだけど,13,4
490,拉致されているのは警視庁の刑事です,拉致されているのは系視聴の掲示です,17,4
491,こっちに回すようにした,こっちに回すようにした,11,0
492,あの防犯キャンペーンのやつ,あの防犯キャンペUンのヤツ,13,3
493,国民の税金使ってあんな遊びして,国民の税金使ってあんな遊びして,15,0
494,お前らが許せないんだよね,おまえらが許せないんだよね,12,2
495,映像見ればわかるでしょ,映像見ればわかるでしょ,11,0
496,指揮権は大沢にしましょう,指揮験は大沢にしましょう,12,1
497,きわめて危険なマル被です,極めて危険な丸日です,12,5
498,病院跡から連れ出されて,病院あとから連れ出されて,11,2
499,インターネットの書き込みチェックと,インタUネットの書き込みチェックと,17,1
500,特別犯罪対策の岩井だけど,特別犯罪対策の祝いだけど,12,2
501,調べてほしいことがあるんや,調べてほしいことがあるんや,13,0
502,逃げられそうで逃げられない,逃げられそうで逃げられない,13,0
503,絶望で木元の気力が萎える事,絶望で気元の危力がなえること,13,5
504,犯人もそれを狙っている,犯人もそれを狙っている,11,0
505,付けてって言ったんだから早く付けてよ,付けてって一体だから早くつけてよ,18,5
506,交換条件を持ち出し攻めに転じる,交換条件を持ち出しぜめに転じる,15,1
507,だったらいくらなら用意出来る,だったらいくらなら用意できる,14,2
508,ストレスレベルも相当高い,ストレスレベルも相当高い,12,0
509,不自然なノイズがずーっと入ってる,不自然なのイズがズUットは言ってる,16,7
510,学校でも問題児だったようです,学校でも問題時だったようです,14,1
511,証言を何人もしています,証言を何人もしています,11,0
512,通話の記録ぐらい残っとるやろ,通話の記録ぐらいのコットルやろ,14,5
513,警視庁の野立が頼んでるって,警視庁ののダチ型飲んでルッテ,13,8
514,みなさんで分けてください,みなさんで分けて下さい,12,2
515,自己資金もふんだんに使ってる,自己資金も分団に使ってる,14,4
516,木元を水槽に入れたのも,気元を水槽に入れたのも,11,1
517,警察をからかって楽しんでる,警察をから勝って楽しんでる,13,1
518,高倉山じゃないかという,高倉山じゃないかという,11,0
519,一度は溺死までさせられかけてる,一度はできしまでさせられかけてる,15,3
520,ボスが来ないと面白くないじゃん,ボスが来ないと面白くないじゃん,15,0
521,まあ確かにそんな感じだな,まあたしかにそんな感じだな,12,2
522,どこにでも丸腰で行くわ,どこにでも丸ごしでいくわ,11,3
523,みんな付いてるそれ忘れないで,みんなついてるそれ忘れないで,14,1
524,ストレスレベルが上がった,ストレスレベルが上がった,12,0
525,これが当時の通報の録音テープや,これが当時の通報の録音テUプや,15,1
526,普通のことに興味がなくて,普通のことに興味がなくて,12,0
527,でも大人になったら個性ですよ,でも大人になったら個性ですよ,14,0
528,科捜研総動員で解析してもらって,仮想券騒動員で解析してもらって,15,4
529,仲間なんて全然当てにならないだろう,仲間なんて全然アテにならないだろう,17,2
530,そんなことやっておもしろいのかよ,そんなことやって面白いのかよ,16,4
531,友達がリンチされているんです,友達が臨値されているんです,14,3
532,俺は色々調べて勉強して,俺はいろいろ調べて勉強して,11,4
533,少年院から出てきやがった,少年員から出てきやがった,12,1
534,毎年祝ってやがったんだ,毎年言わってやがったんだ,11,2
535,小学校の同級生田島しんごです,小学校の同級生田島真吾です,14,3
536,彼も久保からいじめを受けています,彼も久保からいじめを受けています,16,0
537,木元さんガールスカウトにいたから,きもとサンガUルスカウトにいたから,16,6
538,あいつ諦めてなかったんや,あいつあきらめてなかったんや,12,3
539,何も出来ないまま目の前で,何もできないまま目の前で,12,2
540,仲間が死んでいく辛さを味わってくれ,仲間が新でいくつらさを味わってくれ,17,4
541,卑怯なのはあなたじゃない,悲きょうなのはあなたじゃない,12,4
542,それは今でも変わらない,それは今でも変わらない,11,0
543,俺はな強くなったんだよ,俺は夏よくなったんだよ,11,2
544,これはフロイトの言う反復脅迫,これはフロイトのいうハンプク鏡白,14,7
545,公開された上で殺されている,公開された上で殺されている,13,0
546,江川君と同じ雪辱を味わってくれ,えがわくんと同じ接辱を味わってくれ,15,6
547,時限装置を押す時ためらったじゃん,時元装置を押すときためらったじゃん,16,3
548,今の私はあなたとは違う,今の私はあなたとは違う,11,0
549,あいつらと同じことしてどうする,相津らと同じことしてどうする,15,3
550,あんたも病院に行かなきゃ,アンタも病院に行かなきゃ,12,3
551,あの劇の帰り道いきなり,あの激の帰り見ちいきなり,11,3
552,部下が犯罪に巻き込まれても,部下が犯罪に巻き込まれても,13,0
553,警察官の拉致監禁の容疑で,警察官の拉近金金の容疑で,12,3
554,せっかく僕のクビも免れたんだし,せっかく僕の首もまぬかれたんだし,15,5
555,今朝は朝までいたのにねー,今朝は朝までいたのにねU,12,1
556,さっき整理したら出てきた,さっき整理したら出てきた,12,0
557,終いにはあいつが平助さんが,終値りいには相津が平輔さんが,13,6
558,それとも平助さんがあいつなのか,それとも平透けさんが相津なのか,15,5
559,何とぞ穏便にと言ってきてる,何とぞ温瓶にと言ってきてる,13,2
560,とどめの一撃を受けるまで,と度目の一撃を受けるまで,12,2
561,鉄あるいはスチル製のものだとしか,徹あるいはスチル製のものだとしか,16,1
562,指紋は全てふき取られていた,指紋はすべて吹き取られていた,13,3
563,手を付けられた形跡がないため,手をつけられた形跡がないため,14,1
564,プラス相当頭の切れる人物,プラス総当頭の切れる人物,12,1
565,木元とわたしはまず現場に,気本と私はまず現場に,12,5
566,犯行があったと思われる,犯行があったと思われる,11,0
567,マスコミには見えないから警察,マスコミには見えないから警察,14,0
568,ていうか君たちの話聞かせてくれよ,ていうかきみたちの話しきかせてくれよ,16,4
569,みんな体面ばっか気にしてる感じですね,みんな体面ばっかきにしてる感じですね,18,1
570,あの子たちちゃんと話さないでしょ,あのコタチちゃんとはなさないでしょ,16,5
571,わたしに向いてくれないと困るの,私に向いてくれないと困るの,15,3
572,塾関係者も見ていません,熟関係者も見ていません,11,1
573,出ていった人物もまだ分からん,出ていった人物もまだわからん,14,1
574,でもたぶん彼女は乗ってくる,でも多分化の女は乗ってくる,13,4
575,温情と理解をもって当たり,音譲と理解を持って当たり,12,3
576,その心情を傷つけないように,その信情を傷つけないように,13,1
577,定規とコンパスで描ける,上着とコンパスで描ける,11,2
578,なんかすごく盛り上がってる,なんかすごく盛り上がってる,13,0
579,距離があると盛り上がるけど,距離があると盛り上がるけど,13,0
580,でも殺害そのものは否定してます,でも殺害そのものは否定してます,15,0
581,売られてるのが分かりました,売られてるのがわかりました,13,1
582,わたしも持ってるよこれ,私も持ってる横れ,11,5
583,証拠隠滅を図ろうとする犯人は,消固飲説を測ろうとする犯人は,14,5
584,ものを考えることができる,ものを考えることができる,12,0
585,それで腹を立てたってわけか,それで腹を立てたってわけか,13,0
586,やってもらえないかなと思って,やってもらえないかなと思って,14,0
587,緊張状態を見ようとした,緊張状態を見ようとした,11,0
588,あなたたちの狙いは最初から,あなたたちの狙いは最初から,13,0
589,じいちゃんたちがやってるから,次井ちゃんたちがやってるから,14,2
590,またわたしが疑われてる,また私が歌が割れてる,11,5
591,今日は色と面白い話があるの,今日は色と面白い話があるの,13,0
592,常温のミネラルウオタを飲むとは,上温のみねらるうおたを飲むとは,15,8
593,そうやって温めるだけで,そうやって温めるだけで,11,0
594,あおむけをうつぶせってするだけでも,青向けをつつぶ設ってするだけでも,17,5
595,わたし先生を殺しちゃった,私先生を殺しちゃった,12,3
596,ところが思いも寄らずなのか,ところが思いもよらずなのか,13,1
597,あなたは最初乾いた血痕の上から,あなたは最初川いた結婚の上から,15,3
598,さらにその上にまたすぐに,さらにその上にまたすぐに,12,0
599,皮肉にも漂白剤をまいたことで,皮肉にも評迫罪を枚たことで,14,5
600,増岡先生のとこが割られてた,ます岡先生のと小がわられてた,13,4
601,何でかなってずっと考えてた,なんでかなってずっと考えてた,13,2
602,増岡先生が付き合ってたのは,マスオカ戦生が付き合ってたのは,13,5
603,なのにどうして冷静じゃないんだろううって,なのにどうして冷静じゃないんだろう打って,20,1
604,気に入ったら後で購入するってやつ,気に入ったら後で購入するってやつ,16,0
605,由貴を遊んでやったとか,雪を遊んでやったとか,11,2
606,だから思わずそれだけ捨ててしまった,だから思わずそれだけ捨ててしまった,17,0
607,さっきから言ってるよね,さっきから言ってるよね,11,0
608,二宮先生が行っていたという,に飲みや先生が行っていたという,13,4
609,だったら二宮先生じゃん,だったらに飲みや先生じゃん,11,4
610,そういうのが確たる証拠っていうの,そういうのがかくたる証拠っていうの,16,2
611,対策室もよくやったじゃん,対策室もよくやったじゃん,12,0
612,出てきたの二宮先生のロッカじゃないよ,出てきたのに飲みや先生の六下じゃないよ,18,7
613,わたし物覚え悪いから間違ってて,私もの覚え悪いから間違ってて,15,4
614,間違えてあなたに伝えちゃった,間違えてあなたに伝えちゃった,14,0
615,先生みたいに奇麗になりたいなと思って,先生みたいにキレイになりたいなと思って,18,3
616,奇麗になれるかなと思って,きれいになれるかなと思って,12,3
617,じゃああのポリグラフも,じゃああのポリグラフも,11,0
618,ほかにも遊んだ女のことも,ほかにも遊んだ女の子とも,12,1
619,今度刑務所から出てくるときは,今度軽無所から出てくるときは,14,2
620,でもお前に来た話だから,でもお前にきた話だから,11,1
621,マスコミ向けの広告塔じゃありませんから,マスコミ向けの広告等じゃありませんから,19,1
622,お前だってきちんとメークしてけば,お前だってきちんとメUクしてケバ,16,3
623,リラックスして楽しんでいってください,リラックスして楽しんでいってください,18,0
624,それではよろしくお願いします,それではよろしくお願いします,14,0
625,さらには女性初の室長と,さらには女性はつの質頂と,11,4
626,俺こういうの苦手なんだけどね,おれこういうの苦手なんだけどね,14,2
627,きちんとできていますので,きちんとできていますので,12,0
628,買ったばかりの育毛剤なんですけど,買ったばかりの育層剤なんですけど,16,1
629,今日はあの怖い女がいない,今日はあのこわい女がいない,12,2
630,事件解決へとつながってるんですね,事件解決へとつ名がってるんですね,16,1
631,プライベートは普通の女ですから,プライベUトは普通の女ですから,15,1
632,似たようなもんなんですね,似たようなもんなんですね,12,0
633,この仕事ではよくあることなんです,この仕事ではよくあることなんです,16,0
634,最近の社員はすぐびびっちゃって,最近の社員はすぐびっちゃって,15,1
635,おそらく大量のアルコールで,おそらく大量のアルコUルで,13,1
636,極秘写真をすっぱ抜いてきた,ごく日写真を吸っぱ抜いてきた,13,4
637,取り組む姿勢に変わりはない,取り組む姿勢に変わりはない,13,0
638,イケメンもおるのかしら,イケメンもオルのカシラ,11,5
639,まったく不自然な点がない,まったく不支然な点がない,12,1
640,本当に脱がなくていいから,本当に布がなくていいから,12,1
641,ここでお酒を飲んでいても,ここでお酒を飲んでいても,12,0
642,ましてアルコールに酔って,ましてアルコUルによって,12,2
643,そのまさかを追及するのが,そのまさかを追求するのが,12,1
644,何かおったような気がするけどな,何か折ったような気がするけどな,15,1
645,プライベート中の追い掛けるの,プライベUト中の追いかけるの,14,2
646,事件に関しての続報です,事件に関しての続報です,11,0
647,できるわけないじゃない,できるわけないじゃない,11,0
648,テレビはついてたみたいですけど,テレビはついてたみたいですけど,15,0
649,それからは食いつなぐために,それからは食いつなぐために,13,0
650,こんなのいちいち気にしてたら,こんなの一一機にしてたら,14,5
651,カメラマンとして活動していた,カメラマンとして活動していた,14,0
652,病気にかかり仕事を休んでいたか,病気にかかり仕事を休んでいたか,15,0
653,あの事故死を調べてるんですよね,あの自己士を調べてるんですよね,15,3
654,事故死で片付けられたものを,自己子で片付けられたものを,13,3
655,でも再捜査してよかったですよ,でも細操さして良かったですよ,14,4
656,つまり実際の事件現場に,つまり実際の事件現場に,11,0
657,何かあったらすぐ連絡下さい,何かあったらすぐ連絡ください,13,2
658,ぱっと見ていい女って思われないと,パッと見ていい女って思われないと,16,2
659,これあなたの読みどおり,これあなたの読み通り,11,2
660,爪の先は面が滑らかなの,つめの先は面がなめらかなの,11,4
661,こういうささくれは何かに触っていると,こういうささくれは何かに触っていると,18,0
662,第三者の手によって切られた,第三者の手に寄ってきられた,13,2
663,この男ひと月ほど前から,この男ひと月ほど前から,11,0
664,ただ職業上の接点はない,ただ職業場の接点はない,11,1
665,ストーカー殺人の現場にいたディレクター,ストUカU撮人の現場にいたディレクタU,19,4
666,ここに来るまでに迷っちゃった,ここに車でに迷っちゃった,14,3
667,わたしは自分の目で見て,私は自分の目で見て,11,3
668,自分の目で見て確かめたいの,自分の目で見て確かめたいの,13,0
669,たまたま近くで取材してたから,たまた間近くで取材してたから,14,1
670,そろそろ時間だからまた,そろそろ時間だからまた,11,0
671,こちらこそごめんなさい,こちらこそごめんなさい,11,0
672,スクープ映像を解析したものよ,スクUプ映像を解析したものよ,14,1
673,運航していた船のエンジン音,運行していた船のエンジンオン,13,3
674,刃物のようなもので首を刺され,はもののようなもので首を刺され,14,3
675,安田に弱みを握られていて,安田に弱みを握られていて,12,0
676,高峰仁美がお送りしました,高嶺ひと見が多くりしました,12,6
677,死因は現在分かっておりません,死因は現在分かっておりません,14,0
678,とんでもない不祥事だぞ,とんでもない不祥自打ぞ,11,2
679,君に責任取ってもらわないとな,君に責任とってもらわないとな,14,1
680,亡くなった男性東郷英憲さんは,亡くなった男性統合費での利さんは,14,6
681,発見後すぐに助けに入ったかのように,発見後すぐに助けに入ったかのように,17,0
682,映像を一部切り取り編集しました,映像を一部切り取り返収しました,15,2
683,しかし捏造スクープの映像を,しかし熱増スクUプの映像を,13,3
684,カプセルを服用して死んだ,カプセルを服用して死んだ,12,0
685,高峰にカプセル飲ますのは無理やな,高嶺にカプセルのマスのは無理やな,16,4
686,たった今からこのヤマは,たった今からこの山は,11,2
687,上の結論が出るまでお前たちは,上の結論が出るまでお前たちは,14,0
688,ここでおとなしく待ってろ,ここでおとなしく待ってろ,12,0
689,俺だってつらいんだからさ,おれだってつらいんだからさ,12,2
690,取り調べ中に人が死んでるんだろう,取り調べ中に人が死んでるんだろう,16,0
691,捜査に決まってるじゃない,操作に決まってるじゃない,12,2
692,捜査担当から外されたんですってね,捜査担当から外されたんですってね,16,0
693,大変な問題を起こしたんだから,大変な問題を起こしたんだから,14,0
694,こんなもんもらっちゃってねぇ,こんなもんもらっちゃってねぇ,14,0
695,捜査を続行させてほしいってさ,操作を続行させてほしいってさ,14,2
696,大沢絵里子は首だけどな,大沢エリコは首だけどな,11,3
697,アリバイの裏取ってきました,アリバイの裏とってきました,13,1
698,そこから分かった新事実が幾つか,そこからわかった信事実がいくつか,15,4
699,まず東郷の体内から出てきた,まず統合の体内から出てきた,13,2
700,生放送前で忙しいんだけど,生放送前で忙しいんだけど,12,0
701,あなたに一番最初に伝えようと思って,あなたに一番最初に伝えようと思って,17,0
702,その日あなたが東郷に青酸カリを,その日あなたが統合に生産かりを,15,6
703,この成分はニトロセルロース樹脂,この成分はにとろせるロUス樹脂,15,6
704,まず青酸カリ入りのカプセルを,まず生産仮入のカプセルを,14,5
705,マニキュアのクリアコートでコーティングする,マニキュアのクリアコUトでコUティングする,21,2
706,これで溶けだす時間を調整できる,これで溶け出す時間を調整できる,15,1
707,これを服用すると塩酸ロペラミドで,これを服用するとエンサンロペラミドで,16,4
708,毒入りカプセルが溶けだし,どく入りカプセルがとけだし,12,3
709,カプセル剤を飲まなければいけないことを,カプセル材を飲まなければいけないことを,19,1
710,体内に残った成分を計算すると,体内に残った成分を計算すると,14,0
711,東郷がカプセルを服用したのは,統合がカプセルを服用したのは,14,2
712,それから安田のお風呂場で,それから安田のお風呂場で,12,0
713,優秀なジャーナリストだった,優秀なジャUナリストだった,13,1
714,わたしが大きくならないといけない,私が大きくならないといけない,16,3
715,たとえどんなに小さな声でも,たとえどんなに小さな声でも,13,0
716,生放送中に自白するなんて,生放送中に自はくするなんて,12,2
717,最近残業するようになったらしいね,最近残業するようになったらしいね,16,0
718,そういえば昨日の野立会にも来なかった,そういえば機能ののだち回にもこなかった,18,7
719,イケメンが集う異業種交流会だ,イケメンが集同以業種講流回だ,14,4
720,片桐が来ないと戦力にならん,型切りがこないと戦力に並ん,13,6
721,まあそんなかりかりするな,まあそんな借り軽な,12,5
722,また野立会に来なくなる,またのだち回に来なくなる,11,4
723,ヤマムーにウィッグかぶせて,ヤマムUニウィッグかぶせて,13,2
724,殺人を起こしてるヒットマンや,殺人を起こしてるヒット万野,14,3
725,今回対立する組織の幹部を,今回対立する組織の幹部を,12,0
726,それに送られてきたこの人形,それに送られてきたこの人形,13,0
727,小野田班と協力して捜査をする,小野田半と協力して捜査をする,14,1
728,所持してることには変わりはない,所持してることには変わりはない,15,0
729,最近ライフル弾を購入した人は,最近ライフル弾を購入した人は,14,0
730,まだ仕事中なんだけどね,まだ仕事中なんだけどね,11,0
731,彼女は飛びっ切りの美人だから,彼女はとびっきりの美人だから,14,2
732,銃弾から使われたライフルは,充団から使われたライフルは,13,2
733,おそらく狩猟用のレミントンを,おそらく主了用のレミントンを,14,2
734,スケジュール見ておくから,スケジュUル見ておくから,12,1
735,この人何も分かってない,この人何もわかってない,11,1
736,この人形はおそらくこれから,この人形はおそらくこれから,13,0
737,これは部長クラスしか見れないんだけど,これは部長クラスしか見れないんだけど,18,0
738,呼び出すなよこんな所に,呼び出すな予婚なところに,11,6
739,警視庁幹部が仲悪かったんだ,警視庁幹部がなかわるかったんだ,13,4
740,独自に捜査を進めていたんだ,独自に操作を進めていたんだ,13,2
741,通常の捜査ならあり得ない,通常の操作ならありえない,12,3
742,谷本が同じ格好をさせて,他に基が同じ確行をさせて,11,5
743,警察の動向見るためにな,警察の動向見るためにな,11,0
744,救急車で運ばれたが間もなく,九給者で運ばれたがまもなく,13,4
745,仲間を殺すのはやめるよ,仲間を殺すのはやめるよ,11,0
746,あそこで発砲するのはやむを得ない処置,あそこで発砲するのはヤムを得ない初地,18,4
747,ずっと背負っていくしかない,ずっと背負っていくしかない,13,0
748,例の刑事さんが撃たれたっていうの,例の掲示さんが打たれたっていうの,16,3
749,警備しなくちゃいけなくて,警備しなくちゃいけなくて,12,0
750,ターゲットはその誤射事件に関連した,タUゲットはその誤枚事件に関連した,17,2
751,これでまた誰かが殺される,これでまた誰かが殺される,12,0
752,関係してる可能性も含め,関係してる可能性も含め,11,0
753,この仕事自体忘れとんちゃうかな,この仕事じたい忘れとんちゃうかな,15,3
754,誤って撃たれた武藤さんが,誤って打たれたむ豆腐さんが,12,4
755,それに当時女性刑事ばかりを集めて,それに当時女性掲示ばかりを集めて,16,2
756,ライバルの野立が注目されていた,ライバルののダチが注目されていた,15,3
757,組織犯罪を統括する長として,組織犯罪を統括する超として,13,1
758,スタンドを分割して警備を行う,スタンドを分割して経備を行う,14,1
759,本当の黒幕はこいつなのよ,本当のクロマクはコイツなのよ,12,7
760,大げさに吹っ飛びやがってお前,大げさにフットビやがっておまえ,14,6
761,別にいいじゃないっすか,別にいいじゃないっすか,11,0
762,もう泣いていい見ないから,もうないていいみないから,12,2
763,俺たち最強ツートップだ,オレたち最強ツUトップだ,11,3
764,相談する女なんかいません,相談する女なんかいません,12,0
765,どうせまたマスコミ向けに押し付けられた,どうせまたマスコミ向けに惜し着けられた,19,2
766,僕がまだ交番勤務時代に,僕がまだ降板勤務時代に,11,2
767,小野田班はすでに動いている,小波藩はすでに動いている,13,3
768,君たちも至急捜査に当たってくれ,きみたちもし急捜査に当たってくれ,15,3
769,前のあれも恋ちゃうちゅうねん,前のあれも小一ゃう中年,14,7
770,デートなんて行かせないよ,デUトなんていかせないよ,12,2
771,木元と花形はわたしと現場に,気元と花方は私と現場に,13,5
772,片桐は科捜研と連携して,肩切は仮想研と連携して,11,4
773,高いことが分かりました,高いことがわかりました,11,1
774,こう斜めになっていたり,こうな滑になっていたり,11,2
775,複数いることを指してる,複数いることを指してる,11,0
776,傷害と窃盗の前科のある男や,障害と窃盗の全下のある男や,13,3
777,見慣れてるみたいですね,見慣れてるみたいですね,11,0
778,内藤は孤立してたみたいや,内藤は個立してたみたいや,12,1
779,もう一度ガイ者周りをあたって,もう一度外社回りを当たって,14,5
780,小野田班からの報告がありました,小野田半からの報告がありました,15,1
781,会ってなく絶縁状態にあるそうです,あってなく絶演状態にあるそうです,16,2
782,子供を置いて逃げるなんて,子供を置いて逃げるなんて,12,0
783,警察の方とのコミュニケーションは,警察の方とのコミュニケUションは,16,1
784,開設してらっしゃいますが,解説してらっしゃいますが,12,2
785,個別に相談がある場合は,個別に相談がある場合は,11,0
786,追い込んでしまうことが多いんです,いい込んでしまうことが多いんです,16,1
787,いつか父親に認められたい,いつ勝ち小屋に認められたい,12,4
788,愛されたいと願っていました,愛されたいと願っていました,13,0
789,先客がいたみたいだから,先客が痛みたいだから,11,2
790,一歩も外には出なかったと言っていました,一歩も外には出なかったと言っていました,19,0
791,現場の土が車内から出るはずだから,現場の土賀社内から出るはずだから,16,2
792,ということは証言は本当か,ということは証言は本当か,12,0
793,とにかくお前はおとなしくしてろ,とにかくお前はおとなしくしてろ,15,0
794,ジョギング中の女性が発見しています,ジョギング中の女性が発見しています,17,0
795,ナイフでのど元を一撃された後に,ナイフでのどもとを一撃された後に,15,2
796,むちゃくちゃな殺し方だが,むちゃくちゃなころしかただが,12,4
797,後始末だけはしっかりしている,愛島つだけはしっかりしている,14,3
798,マスコミにたたかれるんだ,マスコミに戦れるんだ,12,3
799,マスコミ対応の方もばっちりやって,マスコミ対応の方もバッチリやって,16,4
800,じゃそのサイト閲覧者が,じゃそのサイト閲覧者が,11,0
801,そのメールを見られる全ての人間が,そのメUルを見られるすべての人間が,16,3
802,年齢も虐待方法も親父そっくりだ,年齢も逆待方法もおやじそっくりだ,15,4
803,警視庁の大沢絵里子です,警視庁の多さわエリコです,11,6
804,それで一応先生の事件当日の,それで一応先生の事件当日の,13,0
805,その時間はわたし寝ていましたから,その時間は私寝ていましたから,16,3
806,この現場から宮川さんの自宅は,この現場から宮川さんの自宅は,14,0
807,宮川さんは鋭利な刃物で,宮川さんは永利な刃ので,11,2
808,現場に残された靴跡ですが,現場に残された靴後ですが,12,1
809,そんなことあるわけないですよ,そんなことあるわけないですよ,14,0
810,その時間は教授室にいました,その時間は教授室にいました,13,0
811,共有パソコンにカメラ付いてるから,共有パソコンにカメラついてるから,16,1
812,前後の日も含めて終日全部,前後の日も含めて週日全部,12,1
813,ただ捜査を混乱させるだけだから,ただ操作を混乱させるだけだから,15,2
814,だったら最後に一緒にやろうよ,だったら最後に一緒にやろうよ,14,0
815,父親にひどい虐待を受けていた,父親にひどい逆待を受けていた,14,1
816,狭い押し入れの中に閉じ込められた,狭いおし入れの中に閉じ込められた,16,1
817,そんな毎日が何年も続いた,そんな毎日が何年も続いた,12,0
818,立ち直ることができなかった啓介さんは,立ち直ることができなかった経助さんは,18,2
819,それを発見したあなたは,それを発見したあなたは,11,0
820,押し入れに閉じ込められて,押し入れにとじ込められて,12,1
821,直接的な表現がいいかも,直接的な表現がいいかも,11,0
822,気付かないでいたなんて,気付ないでいたなんて,11,1
823,教授室に入ったときには,教授室に入ったときには,11,0
824,利き手が変わることはまれではないの,聞き手が変わることはまれではないの,17,1
825,これは自分に起こってることではないと,これは自分に起こってることではないと,18,0
826,思い込んでしまったのね,思い込んでしまったのね,11,0
827,たくさん救ってきたのは事実です,たくさんすくってきたのは事実です,15,2
828,啓介さんの人格ではなく,軽輔さんの人格ではなく,11,2
829,何か切なくなっちゃったな,何か切なくなっちゃったな,12,0
830,ちょっと大事なこと言いに来た,ちょっと大事なこと言いに来た,14,0
831,女性への関心は極めて強いが,女性への関心は極めて強いが,13,0
832,お前ら今消しゴム盗んだろうう,おまえらい負けしゴムヌスンだろうう,14,8
833,だからお母さん駄目ですって,だからお母さんだめですって,13,2
834,講習やってるんですから,口臭やってるんですから,11,2
835,対策室の面々は人が足りない,対策室の面面は人が足りない,13,1
836,何でわたしが小学生相手に,なんで私が小学生相手に,12,5
837,俺が謹慎処分ってことで,オレが近親処分ってことで,11,4
838,逆に矛先をかわしたんだよ,逆に矛先をかわしたんだよ,12,0
839,手伝ってもらうつもりだったけど,手伝ってもらうつもりだったけど,15,0
840,駅前広場に設置された爆弾が,駅前広場に設置された爆弾が,13,0
841,まあ取り調べるしかないやろ,まあとり調べるしかないやろ,13,1
842,岩井と片桐は被疑者の取り調べ,いわいと肩切りは被義者の取り調べ,14,7
843,かみつかれないようにね,か見つかれないようにね,11,1
844,俺の耳に入ってくるはずだぞ,オレの耳に入ってくるはずだぞ,13,2
845,ごみ箱蹴ったのと今回の事件と,ゴミバコケったのと今回の事件と,14,5
846,それを切り出すタイミング,それを切り出すタイミング,12,0
847,こいつは俺の大学の後輩だ,コイツは俺の大学の後輩だ,12,3
848,だがまだ確証がつかめない,だがまだ覚笑がつかめない,12,2
849,あれも汚職の発覚を恐れた,あれもお職の発覚を恐れた,12,1
850,必死なやつらが上層部にいる,必死なやつらが上装部にいる,13,1
851,犯人の意図が分かりません,犯人の糸がわかりません,12,3
852,取り調べの緩急をだいぶ学んだようね,取り調べの環球を大部正なんだようね,17,6
853,関係があるのは彼じゃない,関係があるのは彼じゃない,12,0
854,当然実験に使うものだと思い,当然実験に使うものだと思い,13,0
855,本人はそれをかたくなに否定してる,本人はそれを硬くなに否定してる,16,2
856,その兄の置き時計を使って,その兄のおきど計を使って,12,2
857,リーダーはじめ主要な幹部が,リUダUはじめ主要な幹部が,13,2
858,本当に刑事だったんだな,本当に掲示だったんだな,11,2
859,それを探るために俺と付き合ってたなんて,それを探るためにおれと付き合ってたなんて,19,2
860,新たな情報があるそうだ,新たな情報があるそうだ,11,0
861,だんだん多くなってるんですよね,弾弾多くなってるんですよね,15,4
862,講義をしていた教授は無事でした,講義をしていた教授は無事でした,15,0
863,黒い月との関係は出てきてません,黒い月との関係は出てきてません,15,0
864,シャッターの修理に参りました,シャッタUの修理に参りました,14,1
865,こちらサインの方お願いします,こちらサインのほうお願いします,14,2
866,本当の威力は分からない,本当の威力はわからない,11,1
867,これ当時の直接の指揮官は,これ当時の直接の指揮官は,12,0
868,情報のご提供が欠かせません,情報のご提供が欠かせません,13,0
869,つきましては捜査にご協力,月ましては捜査にご協力,12,2
870,感謝状を差し上げたいと思います,感謝場を指し上げたいと思います,15,2
871,ぶち当たったかもしれませんよ,ぶちあたったかもしれませんよ,14,1
872,黒い月のターゲットはそのホールなのよ,黒い月のタUゲットはそのホUルなのよ,18,2
873,こっちにも爆弾があります,こっちにも爆弾があります,12,0
874,大学の講義室を狙ったのも,大学の抗議室を狙ったのも,12,2
875,全警備をこっちに回してくれ,全形日をこっちに回してくれ,13,2
876,目的じゃなかったとしたら,目的じゃなかったとしたら,12,0
877,大山警視総監になってから,大山系司総館になってから,12,3
878,プールしていたと思われる,プUルしていたと思われる,12,1
879,予算運営部は使えなくなった,予算運営部は使えなくなった,13,0
880,また狙われるかもしれないから,また狙われるかもしれないから,14,0
881,その格好で会場に入った,その格好で会場に入った,11,0
882,君たちの指揮権を持つことになった,キミたちの指揮験を持つことになった,16,3
883,君たちには働いてもらう,キミたちには働いてもらう,11,2
884,もしかしたらそのころから,もしかしたらそのころから,12,0
885,警察幹部の妨害があったのかも,警察幹部の妨害があったのかも,14,0
886,その程度の嘘しかつけねえようじゃ,その程度濃組しかつけねえようじゃ,16,2
887,わたし根が正直だから嘘つけないの,私根が正直高らうそつけないの,16,7
888,逮捕のときにたっぷりと,逮捕の時にタップリと,11,6
889,果たせへんかったけどな,はた背変かったけどな,11,4
890,そのすきに乗じるつもりや,その好きに常事るつもりや,12,3
891,これが仕掛けられた爆弾,これが仕掛けられた爆弾,11,0
892,あなたしか分かる人がいないと思います,安しか分かる人がいないと思います,18,3
893,事件解決のためなら頭を下げる,事件解決のためなら頭を下げる,14,0
894,それがわたしのプライド,それが私のプライド,11,3
895,この前もお前にはだまされた,この前もお前にはだまされた,13,0
896,お茶でも飲みながらゆっくりやりましょう,お茶でも飲みながらゆっくりやりましょう,19,0
Total CER: 1618/12057=0.13,,,,
