NUM,ROMAJI,EXPECTED,SwiftKey 6.4.8.57 (S),# characters,edit distance
1,zuttosakinokotodakedone,ずっと先のことだけどね,ずっと先のことだけどね,11,0
2,onakahetteshinisoudayo,おなか減って死にそうだよ,お腹減って死にそうだよ,12,2
3,mizunosenseigaosshattayouni,水野先生がおっしゃったように,水の先生が仰ったように,14,5
4,chiryouhougamitsukarukamoshirenai,治療法が見つかるかもしれない,治療法が見つかるかもしれない,14,0
5,okaasankawatteagerarenakutegomen'ne,お母さん代わってあげられなくてごめんね,お母さん?わってあげられなくてごめんね,19,1
6,omaegason'nakotodedousundayo,お前がそんなことでどうすんだよ,お前がそんな事でどうすんだよ,15,2
7,aitsuhason'nayawajaneeyo,あいつはそんなヤワじゃねえよ,あいつはそんなやわじゃねえよ,14,2
8,aitsugaoresouninattara,あいつが折れそうになったら,アイツが折れそうになったら,13,3
9,hirokimokokoshouyutsuiteru,弘樹もここしょうゆついてる,ひろきもここ?油ついてる,13,7
10,watashinosekaihamarudekawatteshimatta,わたしの世界はまるで?わってしまった,私の世界はまるで?わってしまった,18,3
11,ushirokaratouan'youshiatsumete,後ろから答案用紙集めて,後ろから答案用紙集めて,11,0
12,kotoshiasondokanaitomouasobenaiyo,今年遊んどかないともう遊べないよ,今年遊んどかないともう遊べないよ,16,0
13,akuatopianinoritai,アクアトピアに?りたい,アクアとぴあに?りたい,11,3
14,on'natteyokushaben'naatoomotte,女ってよくしゃべんなあと思って,女ってよくしゃべんなあと思って,15,0
15,kamenoesayaritokakingyonoesayaritoka,カメの餌やりとか金魚の餌やりとか,?の餌やりとか金魚のえさやりとか,16,4
16,son'nanodarekanitanomebaiijanai,そんなの誰かに?めばいいじゃない,そんなの誰かに?めばいいじゃない,16,0
17,kusurinokoukayarihabirinohouhouwo,?の?果やリハビリの方法を,?の?果やリハビリの方法を,13,0
18,kakuninshitaitoomottemasu,確認したいと思ってます,確認したいと思ってます,11,0
19,kon'nafuunimainichisukoshizutsu,こんなふうに?日少しずつ,こんなふうに?日少しずつ,12,0
20,nanikagadekinakunatteikuno,何かができなくなっていくの,何かができなくなっていくの,13,0
21,mewotojitetsuginohigakurunogakowai,目を閉じて次の日が?るのがこわい,目を閉じて次の日が?るのが怖い,16,2
22,asagakitewarukunatterukamoshirenaito,朝が?て?くなってるかもしれないと,朝がきて?くなってるかもしれないと,17,1
23,demootousangakiitarataihendane,でもお父さんが聞いたら大?だね,でもお父さんが聞いたら大?だね,15,0
24,dattewatashibyoukininacchattadesho,だってわたし病?になっちゃったでしょ,だって私病?になっちゃったでしょ,18,3
25,dakarasenpainimomeiwakukakechaukamo,だから先輩にも迷惑かけちゃうかも,だから先輩にも迷惑かけちゃうかも,16,0
26,fukouheinakotowoshiyoutoshiterunoha,不公平なことをしようとしてるのは,不公平なことをしようとしてるのは,16,0
27,hanabitaikaiguraiisshoniikudesho,花火大?ぐらい一?に行くでしょ,花火大?ぐらい一?に行くでしょ,15,0
28,dekirukotojibunkaranagedasunante,できること自分から投げ出すなんて,できること自分から投げ出すなんて,16,0
29,kamisamahafukouheidananteitta,神?は不公平だなんて言った,神?は不公平だなんて行った,13,1
30,yukatakitekamiappunishitara,浴衣着て?アップにしたら,浴衣着て?アップにしたら,12,0
31,senpaikittobikkurisuruwayo,先輩きっとびっくりするわよ,先輩きっとびっくりするわよ,13,0
32,okaasan'nogokougamietekitayounakigasuru,お母さんの後光が見えてきたような?がする,お母さんの後光が見えてきたような?がする,20,0
33,watashihajibunwoshinjitekoudousurebaii,わたしは自分を信じて行動すればいい,私は自分を信じて行動すればいい,17,3
34,yappanatsuhayukatatosuikato,やっぱ夏は浴衣とスイカと,やっぱ夏は浴衣とすいかと,12,3
35,otomodachimomin'natsuiterushi,お友達もみんなついてるし,お友達もみんなついてるし,12,0
36,mitsukeruhitsuyougaarimasu,見つける必要があります,見つける必要があります,11,0
37,natsuyasumiworiyoushitekensanotameno,夏休みを利用して?査のための,夏休みを利用して?査のための,14,0
38,nyuuinwosaretehaikagadeshouka,入院をされてはいかがでしょうか,入院をされてはいかがでしょうか,15,0
39,koukanihakojinsagaarunode,?果には個人差があるので,?果には個人差があるので,12,0
40,sukoshinagakunarukamoshirenaikara,少し長くなるかもしれないから,少し長くなるかもしれないから,14,0
41,omaetachimouosoikaranenasai,お前たちもう?いから?なさい,お前たちもう?いから?なさい,14,0
42,mawarigamenihairanakattandayo,周りが目に入らなかったんだよ,周りが目に入らなかったんだよ,14,0
43,rihabiriwotantousurutanabedesu,リハビリを??する田?です,リハビリを??する田?です,13,0
44,shokkumokangaetemiroyo,ショックも考えてみろよ,ショックも考えてみろよ,11,0
45,kanjamoishimochiryounisen'nensuru,患者も?師も治療に?念する,患者も石も治療にせんえんする,13,6
46,suguomimaiikanakya,すぐお見舞い行かなきゃ,すぐお見舞い行かなきゃ,11,0
47,kurasunomin'nanikoekakeru,クラスのみんなに?かける,クラスのみんなに?かける,12,0
48,akookaasan'yuugatabyouin'yottekurukara,?湖お母さん夕方病院寄ってくるから,あこお母さん夕方病院ょってくるから,17,3
49,osokunarutoomoundakedo,?くなると思うんだけど,?くなると思うんだけど,11,0
50,narubekuhayakukaeruyounihasurukedo,なるべく早く?るようにはするけど,なるべく早く?るようにはするけど,16,0
51,watashimamitoyakusokuarundakara,わたしマミと約束あるんだから,私まみと約束あるんだから,14,5
52,imahakazokugaicchidanketsushite,今は家族が一致?結して,今は家族が一致?結して,11,0
53,gato-bonu-runoke-kida,ガト?ボヌ?ルのケ?キだ,ガト?boぬ?ルンけ?きだ,12,6
54,ichiouninzuubunkattearuwayo,一?人?分買ってあるわよ,一?人?分買ってあるわよ,12,0
55,asoukun'niaitakutekitanonine,麻生君に?いたくて?たのにね,麻生君に?いたくてきたのにね,14,1
56,ichioukoehakaketanssukedone,一??はかけたんっすけどね,一??はかけたんっすけどね,13,0
57,nanikakanjigakawacchatta,何か感じが?わっちゃった,何か感じが?わっちゃった,12,0
58,kondohatsukaman'naiyounishiroyo,今度は捕まんないようにしろよ,今度はつかまんない?にしろよ,14,4
59,tochuumadeisshoniitandakedo,途中まで一?にいたんだけど,途中まで一?にいたんだけど,13,0
60,tsuginonikkawatoudehakkensaretano,次の日川島で?見されたの,次の日川等で?見されたの,12,1
61,anmarishin'youshitenairashii,あんまり信用してないらしい,あんまり信用してないらしい,13,0
62,tomodachikitekureteyokattawane,友達?てくれてよかったわね,友達?てくれてよかったわね,13,0
63,kon'nanitakusanmoracchatta,こんなにたくさんもらっちゃった,こんなにたくさんもらっちゃった,15,0
64,ugoitekurutoomoimasukeredomo,動いてくると思いますけれども,動いてくると思いますけれども,14,0
65,ryoutewoagetetenohirawouenishite,?手を上げて手のひらを上にして,?手をあげて手のひらを上にして,15,1
66,de-toniikerutonattara,デ?トに行けるとなったら,デ?トに行けるとなったら,12,0
67,son'nakotonaidesutte,そんなことないですって,そんなことないですって,11,0
68,imadekirukotoganbaruttekimetanda,今できること頑張るって決めたんだ,今できること頑張るって決めたんだ,16,0
69,gen'infumeinoshinkeihenseishikkan,原因不明の神??性疾患,原因不明の神?編成疾患,11,2
70,jaakekkyokukyounoikeuchitono,じゃあ結局今日の池?との,じゃあ結局今日の池?との,12,0
71,doushiyoukatoomottesa,どうしようかと思ってさ,どうしようかと思ってさ,11,0
72,sekkakunotanjoubinohini,せっかくの誕生日の日に,せっかくの誕生日の日に,11,0
73,sakkibyouin'nidenwakiteta,さっき病院に電話きてた,さっき病院に電話きてた,11,0
74,mesuhaesawosagashiniderundakedo,メスは餌を探しに出るんだけど,メスは餌を探しに出るんだけど,14,0
75,sonokandon'naniharahettemo,その間どんなに腹減っても,その?どんなに腹減っても,12,1
76,zuttotamagomamottemattendayo,ずっと卵守って待ってんだよ,ずっと卵守って待ってんだよ,13,0
77,hontouhasenpaihakonaikamotteomotteta,本?は先輩は?ないかもって思ってた,本?は先輩は?ないかもって思ってた,17,0
78,naniitterukawakan'nakunacchaundatte,何言ってるか分かんなくなっちゃうんだって,何いってるかれれないですよ,20,14
79,saigonihanetakirininatte,最後には?たきりになって,最後には?たきりになって,12,0
80,sonojinbutsuhahadenapankufasshon'ni,その人物は派手なパンクファッションに,その人物は派手なパンクファッションい,18,1
81,miwotsutsundeitasoudesuga,身を包んでいたそうですが,身を包んでいたそうですが,12,0
82,masanian'nakanjideshita,まさにあんな感じでした,まさにあんな感じでした,11,0
83,kiokunihajishingaarundesu,記憶には自信があるんです,記憶には自信があるんです,12,0
84,sakihodoanatagamitanoha,先ほどあなたが見たのは,先ほどあなたが見たのは,11,0
85,sakkikiokunihajishingaaruto,さっき記憶には自信があると,さっき記憶には自信があると,13,0
86,jishinganakunattekimashita,自信がなくなってきました,自信がなくなってきました,12,0
87,demomitemitakattawane,でも見てみたかったわね,でも見てみたかったわね,11,0
88,iroirooshietekudasaine,いろいろ?えてくださいね,色??えてくださいね,12,4
89,jimushonokeieinikoukenshitekudasaine,事務所の??に貢?してくださいね,事務所の??に貢?してくださいね,16,0
90,sorehaiijanaidesuka,それはいいじゃないですか,それはいいじゃないですか,12,0
91,kyouryokushitanohawatashitachidesu,協力したのは私たちです,協力したのは私たちです,11,0
92,watashimokyouryokuwoonegaisaretara,私も協力をお願いされたら,私も協力をお願いされたら,12,0
93,katsuraguraihakoumurimashitayo,カツラぐらいは被りましたよ,桂ぐらいは被りましたよ,13,3
94,watashimochottohakyouryokushimashita,私もちょっとは協力しました,私もちょっとは協力しました,13,0
95,kouiutokihajankendesho,こういう時はじゃんけんでしょ,こういう時はじゃんけんでしょ,14,0
96,miyatasanjanken'nikatete,宮田さんじゃんけんに勝てて,宮田さんじゃんけんに勝てて,13,0
97,omoikkirinonbirishichaimasho,思いっきりのんびりしちゃいましょ,思いっきりのんびりしちゃいましょ,16,0
98,toriaezuofurohairimashoune,とりあえずお風呂入りましょうね,とりあえずお風呂入りましょうね,15,0
99,osoroshiisatsujinjikengaokirukotonado,恐ろしい殺人事件が起きる事など,恐ろしい殺人事件が起きることなど,15,2
100,nonbirishiyoutteiimashitayone,のんびりしようって言いましたよね,のんびりしようって言いましたよね,16,0
101,purodexyu-sa-noshigotodesho,プロデュ?サ?の仕事でしょ,プロデュ?サ?の仕事でしょ,13,0
102,torikatanokufuudenantokasurukara,撮り方の工夫で何とかするから,とりかたの工夫でなんとかするから,14,5
103,asasugadaijoyuuttekanji,あさすが大女優って感じ,あさすが大女優ってかんじ,11,2
104,koukounotokinoyuujin'nandesu,高校の時の友人なんです,高校の時の友人なんです,11,0
105,watashitachikokonitomatteruno,私たちここに泊まってるの,私たちここに止まってるの,12,1
106,madakakedashimitaidesukedo,まだ?け出しみたいですけど,まだ?け出しみたいですけど,13,0
107,ohadatsurutsuruninarundesutte,お肌ツルツルになるんですって,お肌ツルツルになるんですって,14,0
108,iroirotokuroushitandane,いろいろと苦?したんだね,色?と苦?したんだね,12,4
109,watashihakonkaidakenandakedone,私は今回だけなんだけどね,私は今回だけなんだけどね,12,0
110,mariesanhataichougawaruimitaide,?理江さんは?調が?いみたいで,まりえさんは?調が?いみたいで,15,3
111,nanikachottokowasounahitone,何かちょっと怖そうな人ね,何かちょっと怖そうな人ね,12,0
112,hontohaiihitonandayo,ホントはいい人なんだよ,ほんとはいい人なんだよ,11,3
113,asakarakantokunosugatagamiataranakute,朝から監督の姿が見?たらなくて,朝から監督の姿が見うと思うけど,15,6
114,sukeju-rumokurucchatte,スケジュ?ルも狂っちゃって,スケジュ?ルも狂っちゃって,13,0
115,watashison'name-rudashitemasen,私そんなメ?ル出してません,私そんなメ?ルだしてません,13,1
116,soushinkirokuganokottemasuyo,送信記?が?ってますよ,送信記?が?ってますよ,11,0
117,onsendesatsujinjikentosouguushitano,?泉で殺人事件と遭遇したの,?泉で殺人事件と遭遇したの,13,0
118,shashindakedewakaruwakenaidaro,??だけでわかるわけないだろ,??だけでわかるわけないだろ,14,0
119,yamaokakantokutotashiromutsuminomaniha,山岡監督と田代睦美の間には,山岡監督と田代むつみのまには,13,4
120,toiuokusokugatobikatteiru,という憶測が飛び交っている,という憶測が飛び交っている,13,0
121,masukomidewadaininatteirujikendakeni,マスコミで話題になっている事件だけに,マスコミで話題になっている事件だけに,18,0
122,shousosurebajimushononamaegaagarimasune,勝訴すれば事務所の名前が上がりますね,勝訴すれば事務所のなまえがあがりますね,18,4
123,anatagasokomadeiundattara,あなたがそこまで言うんだったら,貴方がそこまで言うんだったら,15,3
124,sorehawatashigayokushitteimasu,それは私がよく知っています,それは私がよく知っています,13,0
125,hoterunosaijoukainiarutenboufuro,ホテルの最上階にある展望風呂,ホテルの最上階にある展望ふろ,14,2
126,kooriyamamadeikukurumanonakakara,郡山まで行く車の中から,郡山まで行く車の中から,11,0
127,sakinikaettaowabiwoshiteokoutoomotte,先に?ったお?びをしておこうと思って,先に?ったお?びをしておこうとおもって,18,2
128,sokodesaijoukainotenboufuronokotowo,そこで最上階の展望風呂の事を,そこで最上階の点亡父ろのことを,14,6
129,ohadagatsurutsuruninarukara,お肌がツルツルになるから,お肌がツルツルになるから,12,0
130,kyouryokusurukarananidemoittene,協力するから何でも言ってね,協力するからなにでも行ってね,13,3
131,darekagakattenijibun'nokeitaiwotsukatte,誰かが勝手に自分の携?を使って,誰かが勝手に自分の携?を使って,15,0
132,shinhan'ningamitsukaranaimademo,?犯人が見つからないまでも,?犯人が見つからないまでも,13,0
133,dehahikokujinhasekinimodottekudasai,では被告人は席に?ってください,では日?人は席にもどってください,15,4
134,seppakuryuuzan'nokikengaattasoudesuga,切迫流産の危?があったそうですが,切迫流産おきけんがあったそうですが,16,4
135,suunichinyuuinsurebashinpainaisoudesu,?日入院すれば心配ないそうです,?日入院すればしんぱいないそうです,15,4
136,jaasaibanhaizuresaikaisaremasune,じゃあ裁判はいずれ再開されますね,じゃあ裁判はいずれ再開されますね,16,0
137,sorenishitemozendaimimon'ne,それにしても前代未聞ね,それにしても前代未聞え,11,1
138,mutsumidoushiteoshietekurenakattandarou,睦美どうして?えてくれなかったんだろう,むつみどうして?えてくれなかったんだろう,19,3
139,kantokugauramarerunantenaitoomou,監督が恨まれるなんてないと思う,監督が恨まれるなんてないと思う,15,0
140,kibishiikedoomoiyarinoaruhitodakara,?しいけど思いやりのある人だから,?しいけど思いやりのある人だから,16,0
141,jouren'niuttayounakigashimasune,常連に?ったような?がしますね,常連に打ったような?がしますね,15,1
142,jayamaokasangasatsugaisaretajikokuni,じゃ山岡さんが殺害された時刻に,じゃ山岡さんが殺害されたじこくに,15,3
143,raunjideanatatoisshoniitanoha,ラウンジであなたと一?にいたのは,ラウンジであなたと一?にいたのは,16,0
144,arigatougozaimashita,ありがとうございました,ありがとうございました,11,0
145,nanikamutsumichan'nifurininarukotowo,何か睦美ちゃんに不利になる事を,何かむつみちゃんいふりになることを,15,8
146,tsugeguchisurumitaidehanashinikukutene,告げ口するみたいで話しにくくてね,告げ口するみたいで話しにくくてね,16,0
147,kouchishonimodosaretasouyo,拘置所に?されたそうよ,拘置所に?されたそうよ,11,0
148,iroirokiitemawattandesukedo,色?訊いて回ったんですけど,色?聞いて回ったんですけど,13,1
149,anonichisakinitoukyounikaettemasu,あの日先に東京に?ってます,あの日先に東京に?ってます,13,0
150,kayamapurodexyu-sa-gashougenshitemasu,香山プロデュ?サ?が?言してます,加山プロデュ?サ?が?言してます,16,1
151,inta-nettowotsuujitetoukousurundesu,インタ?ネットを通じて投稿するんです,インタ?ネットを通じて投稿するんです,18,0
152,konodougagatoukousaretanoga,この動?が投稿されたのが,この動?が投稿されたのが,12,0
153,tsumarijiken'yokujitsunoasadesu,つまり事件翌日の朝です,つまり事件翌日のあさです,11,2
154,yapparisatsueisaretanoha,やっぱり撮影されたのは,やっぱり撮影されたのは,11,0
155,boushitomasukunootokoitajanaidesuka,帽子とマスクの男いたじゃないですか,帽子とマスクの男いたじゃないですか,17,0
156,anoshoutaigawakattandesu,あの正?がわかったんです,あの正?がわかったんです,12,0
157,aiteyakuwotsutomerusutouken'ichisankara,相手役を務める須藤健一さんから,相手役を勤める須藤けにちさんから,15,4
158,houfuwoukagaitaitoomoimasu,抱負を伺いたいと思います,豊富を伺いたいと思います,12,2
159,fan'nohitohatachiirikinshidesuyo,ファンの人は立ち入り禁止ですよ,ファンの人は立入禁止ですよ,15,2
160,juunanseigaaruttekotojanaidesuka,柔軟性があるって事じゃないですか,じゅうなん性があるってことじゃないですか,16,7
161,kurumamadenoseteitadaite,車まで?せていただいて,車までのせていただいて,11,1
162,sorehaaribaidemonanidemonaizo,それはアリバイでも何でもないぞ,それはアリバイでも何でもないぞ,15,0
163,sekkakuyasashikushiteagetanoni,せっかく優しくしてあげたのに,せっかく優しくしてあげたのに,14,0
164,senseikonoheyananikaatsukunaidesuka,先生この部屋何か暑くないですか,先生この部屋何か暑くないですか,15,0
165,rimokondokoicchattandarou,リモコンどこいっちゃったんだろう,りも今度こいっちゃったんだろう,16,5
166,zuttokikasetemorattattewakeda,ずっと聞かせてもらったってわけだ,ずっと聞かせてもらったってわけだ,16,0
167,otegaratoiitaitokorodagana,お手柄と言いたいところだがな,お手柄と言いたいところだがな,14,0
168,koregayamamurayoukonosaibou,これが山村ヨウコの細胞,これが山村ようこの際ぼう,11,6
169,arenaratokkunikaisekishoriwooeta,あれならとっくに解析?理を終えた,あれならとっくに解析?理をおえた,16,1
170,orenohoudemoshirabetemitainda,俺のほうでも調べてみたいんだ,俺の方でも調べてみたいんだ,14,2
171,kunrenwouketachouhon'nindesura,訓練を受けた張本人ですら,訓練を受けた張本人ですら,12,0
172,taekirerumonohaimasen,耐え切れる者はいません,耐えきれるものは居ません,11,4
173,isshonigohantaberutokoronano,一?にご飯食べるところなの,一?にご飯食べるところなの,13,0
174,kon'natazunekatashikadekinakute,こんな訪ね方しか出?なくて,こんな尋ねか確かできなくて,13,5
175,aruyatsunonamaetojuushowo,あるヤツの名前と住所を,あるやつの名前と住所を,11,2
176,soshitarahontounisoitsugashinde,そしたら本?にそいつが死んで,そしたら本?にそいつが死んで,14,0
177,yatsuraniyarareppanashida,やつらにやられっぱなしだ,奴らにやられっぱなしだ,12,2
178,imasukoshiyasumaseterundesu,いま少し休ませてるんです,今少し休ませてるんです,12,2
179,saikaisarerukotohenokyoufuwoidakimasu,再開されることへの恐怖を抱きます,再開されることへのきょうふをいだきます,16,6
180,mamonakukanojohaochimasu,間もなく彼女は落ちます,間もなく彼女は落ちます,11,0
181,shikkarioboetehoshindakedo,しっかり?えてほしんだけど,しっかり?えて欲しんだけど,13,1
182,chichioyanokotowoaitsunishiraseruna,父親のことをあいつに知らせるな,父親のことをあいつに知らせるな,15,0
183,zenzen'ochine-janaika,全然落ちね?じゃないか,全然落ちね?じゃないか,11,0
184,yosouijouninebatteimasu,予想以上に粘っています,予想以上に粘っています,11,0
185,dattaramottoreberuwoagero,だったらもっとレベルを上げろ,だったらもっとレベルを上げろ,14,0
186,shindeshimattaranidototegakari,死んでしまったら二度と手がかり,死んでしまったら二度と手掛かり,15,1
187,kakawaraserukotohahontounisaketaindaga,?わらせることは本?に避けたいんだが,?わらせる事は本?にさ桁いんだが,18,5
188,aitsurawotsukamaeruchansunandaro,あいつらを捕まえるチャンスなんだろ,あいつらを捕まえるチャンスなんだろ,17,0
189,terorisutokakuhonosaininanikaattatokiha,テロリスト確保の際に何かあった時は,テロリスト確保のさいになにかあったときは,17,6
190,kuniwomamorukotogasaiyuusenda,?を守ることが最優先だ,?を守る事が最優先だ,11,2
191,demochottogenkidetekimashita,でもちょっと元?出てきました,でもちょっと元?出てきました,14,0
192,sonohitoniawaseteageru,その人に?わせてあげる,その人に合わせてあげる,11,1
193,son'namonsakkinoaoikurumawo,そんなもんさっきの?い車を,そんなもんさっきの?い車を,13,0
194,tsukamaetemirebawakarundayo,捕まえてみればわかるんだよ,捕まえてみればわかるんだよ,13,0
195,mousukoshidetaisetsunashouninwo,もう少しで大切な?人を,もう少しで大切な承認を,11,2
196,shoushougouin'natokorogaarimashite,少??引なところがありまして,少??引あところがありまして,14,1
197,nanikaijittenaitoochitsukanakute,何かいじってないと落ち着かなくて,何かいじってないと落ち着かなくて,16,0
198,jidoushahanbaikaishanitsutomeru,自動車販??社に勤める,自動車販??社につとめる,11,2
199,genbaniarasottakeisekiganakattakotokara,現場に?った形跡がなかったことから,現場に?った形跡がなかったことから,17,0
200,zuibunhenpinatokorodana,ずいぶん?鄙なところだな,?分返品ところだな,12,7
201,uirusuwokakushiteirundakara,ウイルスを?しているんだから,ウイルスを?しているんだから,14,0
202,nakamawohikitsuretemodottekurukamoyo,仲間を引き連れて?ってくるかもよ,仲間を引き連れて?ってくるかもよ,16,0
203,hetanashinrisenshikakeyagatte,下手な心理?仕掛けやがって,下手な心理?しか花野がって,13,4
204,oretachininanimodekinakusaseru,俺たちに何も出?なくさせる,俺たちに何も出?なくさせる,13,0
205,imanotokoromiataranai,今のところ見?たらない,今のところ見?たらない,11,0
206,son'namonsakkinoaoikuruma,そんなもんさっきの?い車,そんなもんさっきの?い車,12,0
207,oremohayakukidukubekidatta,俺も早く?づくべきだった,俺も早く?づくべきだった,12,0
208,antagahan'nindattewakaruyouninatteimasu,あんたが犯人だってわかるようになっています,あんたが犯人だってわかるようになっています,21,0
209,iiwakehahonbudeyukkurishiro,言い?は本部でゆっくりしろ,言い?は本部でゆっくりしろ,13,0
210,anatahawatashitachigaiukotowo,あなたは私たちが言うことを,貴方は私たちが言うことを,13,3
211,hi-ro-gahan'nin'nosenakani,ヒ?ロ?が犯人の背中に,ヒ?ロ?が犯人の背中に,11,0
212,korekarahausodatteomoinasai,これからは?だって思いなさい,これからは?だって思いなさい,14,0
213,sorejaasaigonimouhitotsutanomu,それじゃあ最後にもうひとつ?む,それじゃあ最後にもう一つ?む,15,2
214,joukuukaragenbanokakuteihadekimasen,上空から現場の?定はできません,上空から原盤かくていはできません,15,6
215,sonogonojoukyouhoukokuonegaishimasu,その後の?況報告お願いします,その後の?況報告お願いします,14,0
216,otagaiganbatteikiteikimashoune,お互い頑張って生きていきましょうね,お互い頑張って生きていきましょうね,17,0
217,houkokugaokuretesumimasen,報告が送れてすみません,報告が?れてすみません,11,1
218,juuwoubawareutaremashita,銃を奪われ?たれました,銃を奪われ打たれました,11,1
219,jibun'noshoutaigabaretanoka,自分の正?がバレたのか,自分の正?がバレたのか,11,0
220,konomamanonagaredekekkouda,このままの流れで決行だ,このままの流れで結構だ,11,2
221,takagikunkaniinakattandakedo,高木君家にいなかったんだけど,高木くん家にいなかったんだけど,14,2
222,kochiranohoutomokakuninshitemimasu,こちらの方とも確認してみます,こちらの方とも確認してみます,14,0
223,harukachankonbyouin'nandesukedo,?ちゃん今病院なんですけど,はるかちゃんこん病院なんですけど,13,5
224,oniisan'nokotosugokushinpaishiteite,お兄さんのことすごく心配していて,お兄さんのことすごく心配していて,16,0
225,achikochiniookiiho-suga,あちこちに大きいホ?スが,あちこちに大きいホ?スが,12,0
226,imasugukuuchouwozenbutomete,今すぐ空調を全部止めて,今すぐ空調を全部とめて,11,1
227,kansenshitatokimattawakejanaidarou,感染したと決まったわけじゃないだろう,感染したと決まったわけじゃないだろう,18,0
228,taiterowosenmontoshiteirusoshikida,?テロを?門としている組織だ,たいテロを?門としているそしきだ,14,5
229,kenkyuushitsunimodorukihaarimasen,?究室に?る?はありません,?究室に?る?はありません,13,0
230,yapparikuwaretanohahoushou,やっぱり食われたのは?生,やっぱり食われたのは鳳翔,12,2
231,warewarehenowirusuterohashippaida,我?へのウィルステロは失敗だ,我?へのウィルスてろはしっぱいだ,14,6
232,zen'inkorosutsumoridattano,全員殺すつもりだったの,全員殺すつもりだったの,11,0
233,sugunishutsudounoyouseiwosuru,すぐに出動の要請をする,すぐに出動の妖精をする,11,2
234,atarebakouatsudenryuuganagarete,?たれば高?電流が流れて,?たれば高?電流がながれて,12,2
235,doushitarakonokuniwosukuerunoka,どうしたらこの?を救えるのか,どうしたらこの?を救えるのか,14,0
236,orenihatadazuttogawaniitehoshii,俺にはただずっと側にいてほしい,俺にはただずっと側にいてほしい,15,0
237,korewotodokenikitekuretano,これを?けにきてくれたの,これを?けに?てくれたの,12,1
238,anataniaitaitteitterunoyo,あなたに?いたいって言ってるのよ,あなたに?いたいって言ってるのよ,16,0
239,demokoredetsuisekihafukanouyo,でもこれで追跡は不可能よ,でもこれで追跡は不可能よ,12,0
240,aikawarazukimochiiihodojibunhon'i,相?わらず?持ちいいほど自分本位,相?わらず?持ちいいほど自分本位,16,0
241,kagakusousanadonosenmontekisousade,科??査などの?門的?査で,化?操作などの?門てきそうさで,13,8
242,kyouakuhanzainitaioushiteikuchimudesu,凶?犯罪に??していくチムです,凶?はん座員たいおうしていくちむです,15,10
243,anoon'natodoukidasoudesu,あの女と同期だそうです,あの女と同期だそうです,11,0
244,soreniatarashiibushonoshippaiha,それに新しい部署の失敗は,それに新しい部ションしっぱいは,12,7
245,dokonobushokaramoiranaiseieitachiga,どこの部署からもいらない精?たちが,どこの部署からもいらないせいえいたちが,17,4
246,yougishajaarimasen'yo,容疑者じゃありませんよ,容疑者じゃありませんよ,11,0
247,bouryokujikenwookoshitemashitene,暴力事件を起こしてましてね,暴力事件を起こしてましてね,13,0
248,douzoyoroshikuonegaishimasu,どうぞよろしくお願いします,どうぞよろしくお願いします,13,0
249,kon'nabushoyarukotonaidesho,こんな部署やることないでしょ,こんな部署やることないでしょ,14,0
250,mimotofumeinoshoushitaigahakkensareta,身元不明の?死?が?見された,身元不明の?死?がはっけんされた,14,4
251,jouhanshingamarukogedattayoudesu,上半身が丸焦げだったようです,上半身がまる焦げだったようです,14,2
252,atokataudegaoreteitatoka,あと片腕が折れていたとか,あと片腕が俺ていたとか,12,2
253,watashikeijijanaidesukara,わたし刑事じゃないですから,私刑事じゃないですから,13,3
254,keisatsutoiedomoneidouhaaruno,警察といえどもね異動はあるの,警察といえどもね移動はあるの,14,1
255,watashiningen'nikyouminainde,わたし人間に興味ないんで,私人間に興味ないんで,12,3
256,katagirisan'nihaoniaidesune,片桐さんにはお似合いですね,片桐さんにはお似合いですね,13,0
257,soutoutebirokuyatteitayoude,相?手?くやっていたようで,相?手?くやっていたようで,13,0
258,tankashitanaizougafunsaishiteta,炭化した??が粉?してた,たんかした??がふんさいしてた,12,7
259,chakuninhayadeharikitten'nohawakaruga,着任早で張り切ってんのは分かるが,着任はやで張り切ってんおはわかるが,16,4
260,tettouninoborasetakanouseiga,?塔に登らせた可能性が,?塔に上らせたかのうせいが,11,6
261,jaakonochakushinrirekishirabereba,じゃあこの着信履?調べれば,じゃあこの着心理れきしらべれば,13,6
262,sorekaratsuidenigenbade,それからついでに現場で,それからついでに現場で,11,0
263,sorenison'nayakuhin'nante,それにそんな?品なんて,それにそんな?品なんて,11,0
264,kindokokatogappeisurutoka,近どこかと合?するとか,キンどこかと合?するとか,11,2
265,gyoukaiootenoguroriasuyakuhinto,業界大手のグロリアス?品と,業界大手のグロリアスやくひんと,13,4
266,mataterebidehoudousarerutoomoimasu,またテレビで報道されると思います,またテレビで報道されると思います,16,0
267,shoushinarasouhaikanaiwa,?死ならそうはいかないわ,?しならそうはいかないわ,12,2
268,watashigakonomedekakuninshiteru,わたしがこの目で確認してる,私がこの目で確認してる,13,3
269,shijiwouketeitakotogawakatteru,指示を受けていたことが分かってる,指示を受けていた事がわかってる,16,3
270,masatsudebakuhatsusuruyouninatteita,摩擦で爆?するようになっていた,摩擦で爆?するようになっていた,15,0
271,tsumariichidokitaranugukotonodekinai,つまり一度着たら?ぐことのできない,つまり一度きたらんぐことのできない,17,2
272,ichiban'iyanakotosasetawakeka,一番いやなことさせたわけか,一番嫌なことさせたわけか,13,2
273,amarihyouban'noyokunaiginkoudesu,あまり評判のよくない銀行です,あまり評判のよくないぎんこうです,14,4
274,tsuginohankoumosuguniokoruwa,次の犯行もすぐに起こるわ,次の犯行もすぐに怒るわ,12,2
275,kaizoushitasutangangamitsukatta,改造したスタンガンが見つかった,改造したす?眼がみつかった,15,6
276,settosareterukanouseigakiwametetakai,セットされてる可能性が極めて高い,セットされてる可能性が極めてたかい,16,2
277,souiukotodaasonderuhimahanai,そういうことだ遊んでる暇はない,そういうことだ遊んでる暇はない,15,0
278,yaharibakudanhasettosareteruna,やはり爆?はセットされてるな,やはり爆?はセットされてるな,14,0
279,jikan'nantekinisuruhitsuyounai,時間なんて?にする必要ない,時間なんて?にする必要ない,13,0
280,kanariseimitsuniyaranaito,かなり精密にやらないと,かなり精密にやらないと,11,0
281,hon'nowazukaoomenisuru,ほんのわずか多めにする,ほんのわず顔お面する,11,4
282,soremonandokayatteminaitowakaranai,それも何度かやってみないと分からない,それも何度かやってみないとわからない,18,1
283,tokurasan'niokikishimashita,?倉さんにお聞きしました,とクラさんにお聞きしました,12,3
284,nanikarananimadeoshieteitadakimashita,何から何まで?えていただきました,何から何まで?えていただきました,16,0
285,usohazettainiittehanaranai,?は絶?に言ってはならない,?は絶?に言ってはならない,13,0
286,konbakudanshorihangamukatteimasu,今爆??理班が向かっています,こん爆??理はんがむかっています,14,5
287,mousukoshimatebayokattandayo,もう少し待てばよかったんだよ,もう少し待てばよかったんだよ,14,0
288,iwaserutamenitsukuttandatte,言わせるために作ったんだって,言わせるために作ったんだって,14,0
289,sorehawatashigayuushuudakaradesu,それはわたしが優秀だからです,それは私が優秀だからです,14,3
290,kokohadaremooshietekurenaikarana,ここは誰も?えてくれないからな,ここは誰も?えてくれないからな,15,0
291,anonoppototsukiatteruotoko,あののっぽと付き合ってる男,あのノッポと付き合ってる男,13,3
292,genjitsutekinihasoukamoshirenai,現?的にはそうかもしれない,現?的にはそうかもしれない,13,0
293,demoutenakyakeijijanai,でも?てなきゃ刑事じゃない,でも打てなきゃ刑事じゃない,13,1
294,omaenokotoiroirouwasaninatteruzo,お前のこと色??になってるぞ,お前のこと色??になってるぞ,14,0
295,sakkitaitoukudejoshidaiseiga,さっき台東?で女子大生が,あっき台東?で女子大せいが,12,3
296,tomonichitorikantoriwookonatteimasuga,共に地取り鑑取りを行っていますが,共に一人カントりをおこなっていますが,16,8
297,mondaihakonointa-nettonokeijiban,問題はこのインタ?ネットの?示板,問題はこのインタ?ネットの?示板,16,0
298,mataichininshokeishiteyatta,また一人?刑してやった,また一人?刑してやった,11,0
299,ichininmenoshokeishayoshiokahitomi,一人目の?刑者よしおかひとみ,一人目の?刑者よしおかひとみ,14,0
300,satsujinhanwoeiyuushishiterunda,殺人犯を英雄視してるんだ,殺人犯を英雄視してるんだ,12,0
301,kakikominojouhouniyoruto,書き?みの情報によると,書き?みの情報によると,11,0
302,kyodainadaga-naifuwomochi,巨大なダガ?ナイフを持ち,巨大なだが?ないふをもち,12,6
303,sonoma-kuwogenbanimonokosu,そのマ?クを現場にも?す,そのマ?クを現場にも?す,12,0
304,sougousurutokon'nakanjidesu,?合するとこんな感じです,?合するとこんな感じです,12,0
305,inta-nettonodemajanai,インタ?ネットのデマじゃない,インタ?ネットのデマじゃない,14,0
306,tomoniganbarouzeossan,共に頑張ろうぜおっさん,共に頑張ろうぜおっさん,11,0
307,chottoshirabetehoshiikotogaarundesu,ちょっと調べてほしいことがあるんです,ちょっと調べてほしいことがあるんです,18,0
308,daijiken'nihattensurukamoshirenaindesu,大事件に?展するかもしれないんです,大事件に?展するかもしれないです,17,1
309,yoshiokasanhaosakewononda,吉岡さんはお酒を?んだ,吉岡さんはお酒を?んだ,11,0
310,beddonowakiniochitakotoniyoru,ベッドの脇に落ちたことによる,ベッドの脇に落ちたことによる,14,0
311,genbanibattenma-kutoka,現場にばってんマ?クとか,現場にばってんマ?クとか,12,0
312,son'nayatsuoruwakenaiyaro,そんなやつおるわけないやろ,そんな奴おるわけないやろ,13,2
313,subetefuri-supe-sunioitearu,全てフリ?スペ?スに置いてある,全てフリ?スペ?スに置いてある,15,0
314,sorezorenoshokatsunirenrakusasete,それぞれの所轄に連絡させて,それぞれの諸葛に連絡させて,13,2
315,onajiningengakakikomishiteruyoudesu,同じ人間が書き?みしてるようです,同じ人間が書き?みしてるようです,16,0
316,konointa-nettonisankashiteiruzen'inga,このインタ?ネットに?加している全員が,このインタ?ネットに?加している全員が,19,0
317,demokanojohafukunouekaradatta,でも彼女は服の上からだった,でも彼女は服の上からだった,13,0
318,kaminantematsuriagerarete,神なんて祭り上げられて,?なんて祭りあゲラれて,11,4
319,peraperashabetteitasoudana,ぺらぺらしゃべっていたそうだな,ペラペラ?っていたそうだな,15,7
320,sonokuchinokarusadetaihodekitayo,その口の?さで逮捕できたよ,その口の?さで逮捕できたよ,13,0
321,taihosaretanohatonainisumu,逮捕されたのは都?に住む,逮捕されたのは都?に住む,12,0
322,tsukamattayatsuhakaminankajanai,捕まった奴は神なんかじゃない,捕まった奴は神なんかじゃない,14,0
323,oyagosankarahaganbareba,親御さんからは頑張れば,親御さんからは頑張れば,11,0
324,kizutsukukotomonaindamon'ne,傷つくこともないんだもんね,傷つくこともないんだもんね,13,0
325,dakarananigaiitaindatte,だから何が言いたいんだって,だから何が言いたいんだって,13,0
326,heinomukouniochitakamisama,?の向こうに落ちた神?,へいの向こうに落ちた神?,11,2
327,inta-nettohamatsuriyo,インタ?ネットは祭りよ,インタ?ネットは祭りよ,11,0
328,madarenrakunotorenakatta,まだ連絡の取れなかった,まだ連絡の取れなかった,11,0
329,kiryokugaarebanaosarakikendesune,?力があればなおさら危?ですね,?力があればなおさら危?ですね,15,0
330,inta-nettonokakikomino,インタ?ネットの書き?みの,インタ?ネットの書き?みの,13,0
331,hontounokaibutsuwoundeshimatta,本?の怪物を生んでしまった,本?の怪物を産んでしまった,13,1
332,omoshirogattadarekaganamaewokakikomu,面白がった誰かが名前を書き?む,面白がった誰かが名前をかきこむ,15,2
333,sonokitainikotaeyoutosuruhazu,その期待に?えようとするはず,その期待に答えようとするはず,14,1
334,ikkokumohayakutaihoshinakereba,一刻も早く逮捕しなければ,一刻も早くたいほしなければ,12,3
335,sorezorehokanshitsuniitte,それぞれ保管室に行って,それぞれ保管しつに行って,11,2
336,kenjuuwokeikoushiteikuyouni,拳銃を携行していくように,拳銃を傾向していくように,12,2
337,mouchottoiishashintsukainasai,もうちょっといい??使いなさい,もうちょっといい??使いなさい,15,0
338,goeisousainhakorekarasenshutsusuru,護衛?査員はこれから選出する,護衛?査員はこれからせんしゅつする,14,5
339,ikkokumohayakuhappyoushitairashiikara,一刻も早く?表したいらしいから,一刻も早く?表したいらしいから,15,0
340,akkenaisaigodeshitane,あっけない最期でしたね,??ない最後でしたね,11,4
341,konohan'nindakegainta-nettojounokamiwo,この犯人だけがインタ?ネット上の神を,この犯人だけがインタ?ネットじょうのかみを,18,5
342,tsumaritokkunishinderuitaini,つまりとっくに死んでる遺?に,つまりとっくに死んでるいたいに,14,3
343,imahanakagajippa-ninatteru,今は中がジッパ?になってる,今は仲がジッパ?になってる,13,1
344,inta-nettonoo-kushondekatta,インタ?ネットのオ?クションで買った,インタ?ネットのオ?クションで買った,18,0
345,chikakunoho-muresunodansei,近くのホ?ムレスの男性,近くのホ?ムレスの男性,11,0
346,matanomikaishitekudasaine,また?み?してくださいね,また?み?してくださいね,12,0
347,hayouiekaettefurohaitte,早う家?って風呂入って,はよう家?って風呂入って,11,2
348,demohiroshinookagedetasukatta,でも浩のおかげで助かった,でもひろしのおかげで助かった,12,3
349,kondohaasamadetsukiatteyo,今度は朝まで付き合ってよ,今度は朝まで付き合ってよ,12,0
350,kittoningentomitenaiyo,きっと人間と見てないよ,きっと人間と見てないよ,11,0
351,taihenmoushiwakearimasendeshita,大?申し?ありませんでした,大?申し?ありませんでした,13,0
352,onajizasshinodokushamoderuga,同じ?誌の?者モデルが,同じ?誌の?者モデルが,11,0
353,madahan'nin'notegakarihatsukameteinai,まだ犯人の手掛かりはつかめていない,まだ犯人の手掛かりは?めていない,17,2
354,sukoshihanaretearukimasukara,少し離れて?きますから,少し離れて?きますから,11,0
355,kyouhaarigatougozaimashita,今日はありがとうございました,今日はありがとうございました,14,0
356,zehimatajikaimoyondekudasai,ぜひまた次回も呼んでください,ぜひまた次回も?んでください,14,1
357,tadakouittake-sunobaai,ただこういったケ?スの場合,忠興行ったケ?スのばあい,13,8
358,yukkuriochitsuitekaranohouga,ゆっくり落ち着いてからの方が,ゆっくり落ち着いてからの方が,14,0
359,burandonoshinsakuhappyoukainokaerimichi,ブランドの新作?表?の?り道,ブランドの新作?表?のかえりみち,14,4
360,amarishaberitagaranai,あまりしゃべりたがらない,あまり?りたがらない,12,3
361,hanashiwoshitakunaihitomoiruno,話をしたくない人もいるの,話をしたくない人もいるの,12,0
362,higaishahafukakukizutsuiteru,被害者は深く傷ついてる,被害者は深く傷ついてる,11,0
363,watashihiguchisan'nikirawaretamitaidesu,わたし?口さんに嫌われたみたいです,私?口さんに嫌われたみたいです,17,3
364,dokushamoderutohaittemo,?者モデルとはいっても,?者モデルとは言っても,11,1
365,chokusetsuhaitteitasoudesu,直接入っていたそうです,直接は言っていたそうです,11,2
366,kakuseizaidetaihorekimoaru,?せい?で逮捕?もある,?せい?で逮捕れきもある,11,2
367,teijidakarakaetteiiwa,定時だから?っていいわ,定時だから?っていいわ,11,0
368,keimushokaradashitahagakiyafuutouniha,刑務所から出したはがきや封筒には,刑務所からだしたはがきやふうとうには,16,5
369,jiken'nogaiyougamietekimashita,事件の?要が見えてきました,事件のがいようが見えてきました,13,4
370,korehiguchisankaramorattanda,これ?口さんからもらったんだ,これ?口さんからもらったんだ,14,0
371,mottoiroiromorattekoyou,もっと色?もらってこよう,もっと色?もらってこよう,12,0
372,tabundokokadeteashiwoshibarare,たぶんどこかで手足を縛られ,多分どこかで手足を縛られ,13,3
373,korehakizutsuketemokamawanaitoiu,これは傷つけても構わないという,これは傷つけても構わないと言う,15,1
374,naifuwooshitsukerareteita,ナイフを押し付けられていた,ナイフを押し付けられていた,13,0
375,hiratedenagurareterukarakizumoasai,平手で?られてるから傷も?い,平手で?られてるからきずもあさい,14,4
376,mikamitohaonajichuugakunosenpaikouhaide,三上とは同じ中?の先輩後輩で,三上とは同じ中?のせんぱいこうはいで,14,8
377,mikaminohataraiteruba-niyobitsukerarete,三上の?いてるバ?に呼びつけられて,みかみの?いてるバ?ンよびつけられて,17,5
378,sukoshihanashigakikitaindesuga,少し話が聞きたいんですが,少し話が聞きたいんですが,12,0
379,maachottosokodeochademonominagara,まあちょっとそこでお茶でも?みながら,まあちょっとそこでお茶でものみながら,18,1
380,koppunitsuitadaekikara,コップに付いた唾液から,コップについただ液化ら,11,3
381,hen'nakotoshabettendattara,?なことしゃべってんだったら,?なこと?ってんだったら,14,3
382,han'nintomitemachigainaina,犯人とみて間違いないな,犯人と見て間違いないな,11,1
383,purinta-deshutsuryokushitamojidesu,プリンタ?で出力した文字です,プリンタ?で出力したもじです,14,2
384,purinta-nome-ka-gaonajidato,プリンタ?のメ?カ?が同じだと,プリンタ?のメ?カ?が同じだと,15,0
385,jitaidehakubetsugatsukanai,字?では?別がつかない,自?では?別がつかない,11,1
386,yukarisan'nokazokukouseikarashusshinchi,ゆかりさんの家族構成から出身地,ゆかりさんの家族構成から出身ち,15,1
387,byouindekaiwashitakotozenbukaitearunda,病院で?話したこと全部書いてあるんだ,病院で?話したこと全部書いてあるんだ,18,0
388,onajiginkounikouzatsukucchaou,同じ銀行に口座作っちゃおう,同じ銀行に交?くっちゃおう,13,3
389,han'nin'nokoetonioiwokakuninshitemorau,犯人の?とにおいを確認してもらう,犯人の?と?いをかくにんしてもらう,16,6
390,osowaretaradonaisurutsumorija,襲われたらどないするつもりじゃ,襲われたらどナイスるつもりじゃ,15,3
391,dattarahiguchisan'nitanomuwa,だったら?口さんに?むわ,だったら?口さんに?むわ,12,0
392,on'nanotekihayurushitakunaindesu,女の敵は許したくないんです,女の敵は許したくないんです,13,0
393,kanedahamainichikimattajikan'ni,金田は?日決まった時間に,兼田は?日決まったじかんい,12,5
394,keishichounokatagiritomoushimasuga,警視?の片桐と申しますが,警視?の片桐ともうしますが,12,2
395,dakarazen'in'yatteyaroutoomotte,だから全員やってやろうと思って,だから全員やってやろうとおもって,15,2
396,katakusousakunoreijoumotorimashita,家宅?索の令?も取りました,家宅?索の??もとりました,13,2
397,kanarazushoukohadetekuruhazudesu,必ず??は出てくるはずです,必ず??はでてくるはずです,13,1
398,anatahamoderunakamanosatousan,あなたはモデル仲間の佐藤さん,貴方はモデル中?野さとうさん,14,9
399,sokodeba-deshiriattasanjouni,そこでバ?で知り合った三上に,そこでバ?で知り合ったさんじょうに,14,5
400,ippoutekinianataniaijouwomuketeita,一方的にあなたに愛情を向けていた,一方的にあなたに愛情をむけていた,16,1
401,ushirokarakikengaotozurerutoha,後ろから危?が訪れるとは,後ろから危?が訪れるとは,12,0
402,anatahatameikiwotsuita,あなたはため息をついた,あなたはため息をついた,11,0
403,aitegamenomaeniiruuchiha,相手が目の前にいるうちは,相手が目の前にいるうちは,12,0
404,nakanakashoukogaagaranakatta,なかなか??が?がらなかった,なかなか??が上がらなかった,14,1
405,kanedawokanshisurutamenine,金田を監視するためにね,兼田を監視するためにね,11,1
406,naninimomitsukaranakatta,何にも見つからなかった,何にも見つからなかった,11,0
407,ikuradaijinashigotonotametohaie,いくら大事な仕事のためとはいえ,いくら大事な仕事のためとはいえ,15,0
408,izureniseyokatakusousakusureba,いずれにせよ家宅?索すれば,いずれにせよ家宅?索すれば,13,0
409,hokanimoshoukohadetekuruhazu,ほかにも??は出てくるはず,他にも??は出てくるはず,13,2
410,zenbuzaikabuttekuretanoni,全部罪かぶってくれたのに,全部?かぶってくれたのに,12,1
411,fukkatsudekirutokodattanonina,復活できるとこだったのにな,復活できるとこだったのにな,13,0
412,yapparichokkanhatadashikattawa,やっぱり直感は正しかったわ,やっぱり直感は正しかったわ,13,0
413,an'nanomotanaidesho,あんなの持たないでしょ,あんなの持たないでしょ,11,0
414,hiretsunahanzaishanotekigawatashinano,卑劣な犯罪者の敵がわたしなの,卑劣な犯罪者のてきがわたしなの,14,2
415,keishichounikitemoraukara,警視?に?てもらうから,警視?に?てもらうから,11,0
416,masukomiippaikurundesho,マスコミいっぱい?るんでしょ,マスコミいっぱい?るんでしょ,14,0
417,kiminiarehanekonchuuwomirumedayo,君にあれはね昆?を見る目だよ,君にあれはね昆?をみるめだよ,14,2
418,aruimikakkoyokattadesuyo,ある意味カッコ良かったですよ,ある意味かっこよかったですよ,14,4
419,doujousurunaramoukonwokure,同情するなら毛根をくれ,同情するならもうこんをくれ,11,4
420,nanikakandukarerunjanaikatte,何か感づかれるんじゃないかって,何か感づかれるんじゃないかって,15,0
421,higuchiyukariwoneratterukoto,?口ゆかりを狙ってること,?口ゆかりを狙ってること,12,0
422,jibun'nokangaewozenbuhaiwanai,自分の考えを全部は言わない,自分の考えを全部は言わない,13,0
423,hontouhashinjitsuniagetakattandayo,本?は??にあげたかったんだよ,本?は??にあげたかったんだよ,15,0
424,yapparichantokangaeterundaanatamo,やっぱりちゃんと考えてるんだあなたも,やっぱりちゃんと考えてるんだあなたも,18,0
425,api-rusuruneraimoaru,アピ?ルする狙いもある,アピ?ルする狙いもある,11,0
426,anatanoushironihawatashitachigairu,あなたの後ろには私達がいる,あなたの後ろには私たちがいる,13,2
427,min'nanibouhantoiumonowo,みんなに防犯というものを,みんなに防犯と言うものを,12,1
428,shittemorautameniyattekimashita,知ってもらうためにやって?ました,知ってもらう?にやってきました,16,3
429,zettainidoawoaketehaikemasen,絶?にドアを開けてはいけません,絶?にドアを開けてはいけません,15,0
430,fusokunojitainotaishohoudesu,不測の事態の??法です,不足の事態の??ほうです,11,3
431,yappariatashimuridesu,やっぱりあたし無理です,やっぱりあたし無理です,11,0
432,shigotonitaisurushiseinomondai,仕事に?する姿勢の問題,仕事に?する姿勢の問題,11,0
433,iedesukinadakeneteinasai,家で好きなだけ?ていなさい,家で好きなだけ?ていなさい,13,0
434,kimotosangataihen'nandesuyo,木元さんが大?なんですよ,木本さんが大?なんですよ,12,1
435,kochirakararenrakusurumade,こちらから連絡するまで,こちらから連絡するまで,11,0
436,makotonimoushiwakearimasenga,誠に申し?ありませんが,誠に申し?ありませんが,11,0
437,denwawooukesurukotogadekimasen,電話をお受けすることができません,電話をお受けすることができません,16,0
438,iyaninattandeshou,いやになったんでしょう,嫌になったんでしょう,11,2
439,shakaijintoshitearumajikikoui,社?人としてあるまじき行?,社?人としてあるまじき行?,13,0
440,puronojikakuganainingenha,プロの自?がない人間は,プロの自?がない人間は,11,0
441,tonikakumamirindakehazettaidame,とにかく?美りんだけは絶?ダメ,とにかくまみりんだけは絶?ダメ,15,2
442,bukanojinseiwomoteasobu,部下の人生をもてあそぶ,部下の人生を弄ぶ,11,4
443,genzaigaishanomimotonowaridashichuudesu,現在ガイシャの身元の割り出し中です,現在が?者の身元のわりだしちゅうです,17,9
444,tadanochinpiradoushinokenkada,ただのチンピラ同士の喧?だ,ただのチンピラ童心けんかだ,13,5
445,tsukawaretakenjuuhafiripinru-tode,使われた拳銃はフィリピンル?トで,使われた拳銃はフィリピンる?とで,16,2
446,jikendehanaitoomoimasuga,事件ではないと思いますが,事件ではないと思いますが,12,0
447,sorehakochiragakimemasunode,それはこちらが決めますので,それはこちらが決めますので,13,0
448,koreshu-kuri-mumottekimashita,これシュ?クリ?ム持ってきました,これシュ?クリ?ム持ってきました,16,0
449,son'nanijikanhakakaranaitoomouwa,そんなに時間はかからないと思うわ,そんなに時間はかからないと思うわ,16,0
450,souiebakimotonoyatsutte,そういえば木元のやつって,そういえば木本のやつって,12,1
451,tosainuyorikigatsuyoidesu,土佐犬より?が?いです,土佐犬より?が?いです,11,0
452,anokomoaikawarazudana,あの子も相?わらずだな,あの子も相?わらずだな,11,0
453,shouryounoensosan'iongafukumareteita,少量の?素酸イオンが含まれていた,少量の?素さんイオンがふくまれていた,16,4
454,kinoukararenrakutsukanakuttesa,昨日から連絡つかなくってさ,昨日から連絡つかなくってさ,13,0
455,jitakunidenwasasetemoraimashita,自宅に電話させてもらいました,自宅に電話させてもらいました,14,0
456,kinshimachinopabudehataraiterundakedo,錦?町のパブで?いてるんだけど,禁止街のパブで?いてるんだけど,15,3
457,konomamadatodenkimotomerareru,このままだと電?も止められる,このままだと電?求められる,14,2
458,tadaimarusunishiteorimasu,ただいま留守にしております,ただいま留守にしております,13,0
459,konkaimomimotonowakarumonoha,今回も身元の分かる物は,今回も身元のわかるものは,11,3
460,higaishanojitenshanibutsukatta,被害者の自?車にぶつかった,被害者の自?車にぶつかった,13,0
461,onajimesse-jiwonokoshiteru,同じメッセ?ジを?してる,同じメッセ?ジを?してる,12,0
462,kouiumesse-jiwonokoshitarihashinai,こういうメッセ?ジを?したりはしない,こういうメッセ?ジを?したりはしない,18,0
463,kinitsurushiagetatokangaerareru,木につるし上げたと考えられる,?に吊るし上げたと考えられる,14,2
464,koreranokotokarahan'ninha,これらのことから犯人は,これらのことから犯人は,11,0
465,hageshiisupo-tsuwoyatteite,激しいスポ?ツをやっていて,激しいスポ?ツをやっていて,13,0
466,shakaiseikatsuhakichintokonashiteite,社?生活はきちんとこなしていて,社?生活はきちんとこなしていて,15,0
467,madahankouhatsudukukanouseigatakai,まだ犯行は?く可能性が高い,まだ反抗は?く可能性がたかい,13,4
468,modotterunjanaikatoomotte,?ってるんじゃないかと思って,?ってるんじゃないかと思って,14,0
469,aaiunonihaittarishite,ああいうのに入ったりして,ああいうのに入ったりして,12,0
470,hadenihashaideimashita,派手にはしゃいでいました,派手にはしゃいでいました,12,0
471,hatteittamonogaarimasukedo,貼っていったものがありますけど,はって言ったものがありますけど,15,2
472,menkyoshouhaho-muresukarameigiwokatta,免許?はホ?ムレスから名義を買った,免許小破ホ?ムレスから名義をかった,17,3
473,nagurukerudekoroshitachixyuujiken'ya,?る蹴るで殺したちゅう事件や,?るけるで殺したちゅうじけにゃ,14,5
474,toujiwadaininattajikendesu,?時話題になった事件です,?時話題になった事件です,12,0
475,nan'ninkadeyattandayona,何人かでやったんだよな,何人かでやったんだよな,11,0
476,sorekararinchisatsujindekorosareta,それからリンチ殺人で殺された,それからリンチ殺人でころされた,14,2
477,mihariyakudattaotokogairundesu,見張り役だった男がいるんです,みは利益だった男がいるんです,14,4
478,ge-musenta-deasondeita,ゲ?ムセンタ?で遊んでいた,ゲ?ムセンタ?で遊んでいた,13,0
479,senta-uranitsuredashisuuhatsunagutta,センタ?裏に連れ出し???った,センタ?裏に連れ出し?はつなぐった,15,4
480,haikyoderyouteashiwoshibattauedekankin,?墟で?手足を縛ったうえで監禁,?墟で?手足をしばったうえでかんきん,15,6
481,ichibuwointa-nettodenagashita,一部をインタ?ネットで流した,一部をインタ?ネットで流した,14,0
482,sonogoegawasanhazenshindabokuniyoru,その後江川さんは全身打撲による,その後江川さんは全身だぼくによる,15,3
483,jisatsunimisekakeyoutoshitaga,自殺に見せかけようとしたが,自殺に見せかけ用途したが,13,3
484,konotokinokeisatsunotaiouni,このときの警察の??に,この時の警察の??に,11,2
485,fushizen'nataiyakonwomitsuketa,不自然なタイヤ痕を見つけた,不自然なタイヤこんをみつけた,13,3
486,nanimosezunimigoroshinishita,何もせずに見殺しにした,何もせずに見殺しにした,11,0
487,atarashiime-rugakitemasu,新しいメ?ルが?てます,新しいメ?ルが?てます,11,0
488,kaigainosa-ba-karakeiyushiteimasu,海外のサ?バ?から?由しています,海外のサ?バ?から系油脂ています,16,3
489,konkasoukengashirabeterudakedo,今科??がしらべてるだけど,こんかそうけん頭べてるだけど,13,8
490,rachisareteirunohakeishichounokeijidesu,拉致されているのは警視?の刑事です,拉致されているのは警視?のけいじです,17,3
491,kocchinimawasuyounishita,こっちに回すようにした,こっちに回すようにした,11,0
492,anobouhankyanpe-n'noyatsu,あの防犯キャンペ?ンのやつ,あの防犯キャンペ?ンおやつ,13,1
493,kokumin'nozeikintsukattean'naasobishite,?民の?金使ってあんな遊びして,?民の?金使ってあんああそびして,15,3
494,omaeragayurusenaindayone,お前らが許せないんだよね,お前らが許せないんだよね,12,0
495,eizoumirebawakarudesho,映像見ればわかるでしょ,映像見ればわかるでしょ,11,0
496,shikikenhaoosawanishimashou,指揮?は大?にしましょう,指揮?は多さわにしましょう,12,3
497,kiwametekiken'namaruhidesu,きわめて危?なマル被です,極めて危?あまるひです,12,6
498,byouin'atokaratsuredasarete,病院跡から連れ出されて,病院後から連れ出されて,11,1
499,inta-nettonokakikomichekkuto,インタ?ネットの書き?みチェックと,インタ?ネットの書き?みチェックと,17,0
500,tokubetsuhanzaitaisakunoiwaidakedo,特別犯罪?策の岩井だけど,特別犯罪たい?乃いわいだけど,12,7
501,shirabetehoshiikotogaarun'ya,調べてほしいことがあるんや,調べてほしいことがあるんや,13,0
502,nigeraresoudenigerarenai,逃げられそうで逃げられない,逃げられそうで逃げられない,13,0
503,zetsuboudekimotonokiryokuganaerukoto,絶望で木元の?力が萎える事,絶望出?元の?力がなえること,13,5
504,han'ninmosorewoneratteiru,犯人もそれを狙っている,犯人もそれを狙っている,11,0
505,tsuketetteittandakarahayakutsuketeyo,付けてって言ったんだから早く付けてよ,つけてって言ったんだから早くつけてよ,18,2
506,koukanjoukenwomochidashizemenitenjiru,交換?件を持ち出し攻めに?じる,交換?件を持ち出しぜ面てんじる,15,4
507,dattaraikuranarayouidekiru,だったらいくらなら用意出?る,だったらいくらなら用意できる,14,2
508,sutoresureberumosoutoutakai,ストレスレベルも相?高い,ストレスレベルも相?高い,12,0
509,fushizen'nanoizugazu-ttohaitteru,不自然なノイズがず?っと入ってる,不自然なノイズがず?っとはいってる,16,2
510,gakkoudemomondaijidattayoudesu,?校でも問題?だったようです,?校でも問題?だったようです,14,0
511,shougenwonan'ninmoshiteimasu,?言を何人もしています,?言を何人もしています,11,0
512,tsuuwanokirokugurainokottoruyaro,通話の記?ぐらい?っとるやろ,通話の記?ぐらいのこっとるやろ,14,2
513,keishichounonodachigatanonderutte,警視?の野立が?んでるって,警視?ののだちがたのんでるって,13,5
514,minasandewaketekudasai,みなさんで分けてください,皆さんで分けてください,12,2
515,jikoshikinmofundan'nitsukatteru,自己資金もふんだんに使ってる,自己資金もふんだんにつかってる,14,2
516,kimotowosuisouniiretanomo,木元を水槽に入れたのも,木本を水槽にいれたのも,11,2
517,keisatsuwokarakattetanoshinderu,警察をからかって?しんでる,警察をから買ってたの死んでる,13,4
518,takakurayamajanaikatoiu,高倉山じゃないかという,たか倉山じゃないかという,11,2
519,ichidohadekishimadesaserarekaketeru,一度は溺死までさせられかけてる,一度は出?島でさせられかけてる,15,3
520,bosugakonaitoomoshirokunaijan,ボスが?ないと面白くないじゃん,ボスが?ないと面白くないじゃん,15,0
521,maatashikanison'nakanjidana,まあ確かにそんな感じだな,まあ確かにそんな感じだな,12,0
522,dokonidemomarugoshideikuwa,どこにでも丸腰で行くわ,どこにでも丸腰でいくわ,11,1
523,min'natsuiterusorewasurenaide,みんな付いてるそれ忘れないで,みんなついてるそれ忘れないで,14,1
524,sutoresureberugaagatta,ストレスレベルが上がった,ストレスレベルが上がった,12,0
525,koregatoujinotsuuhounorokuonte-puya,これが?時の通報の?音テ?プや,これが?時の通報の?音て?ぷや,15,2
526,futsuunokotonikyoumiganakute,普通のことに興味がなくて,普通のことに興味がなくて,12,0
527,demootonaninattarakoseidesuyo,でも大人になったら個性ですよ,でも大人になったら個性ですよ,14,0
528,kasoukensoudouindekaisekishitemoratte,科???動員で解析してもらって,科???動員でかいせきしてもらって,15,4
529,nakamanantezenzen'ateninaranaidarou,仲間なんて全然?てにならないだろう,仲間なんて全然?てにならないだろう,17,0
530,son'nakotoyatteomoshiroinokayo,そんなことやっておもしろいのかよ,そんなことやって面白いのかよ,16,4
531,tomodachigarinchisareteirundesu,友達がリンチされているんです,友達がリンチされているんです,14,0
532,orehairoiroshirabetebenkyoushite,俺は色?調べて勉?して,俺は色?調べて勉?して,11,0
533,shounen'inkaradetekiyagatta,少年院から出てきやがった,少年院から出てきやがった,12,0
534,maitoshiiwatteyagattanda,?年祝ってやがったんだ,?年祝ってやがったんだ,11,0
535,shougakkounodoukyuuseitajimashingodesu,小?校の同級生田島しんごです,小?校の同級生田島しんごです,14,0
536,karemokubokaraijimewouketeimasu,彼も久保からいじめを受けています,彼もくぼからいじめをうけています,16,3
537,kimotosanga-rusukautoniitakara,木元さんガ?ルスカウトにいたから,木本さんが?るスカウトにいたから,16,3
538,aitsuakirametenakattan'ya,あいつ諦めてなかったんや,あいつ諦めてなかったんや,12,0
539,nanimodekinaimamamenomaede,何も出?ないまま目の前で,何もできないまま目の前で,12,2
540,nakamagashindeikutsurasawoajiwattekure,仲間が死んでいく辛さを味わってくれ,仲間が死んでいくつらさをあじわってくれ,17,4
541,hikyounanohaanatajanai,卑怯なのはあなたじゃない,卑怯なのはあなたじゃない,12,0
542,sorehaimademokawaranai,それは今でも?わらない,それは今でも?わらない,11,0
543,orehanatsuyokunattandayo,俺はな?くなったんだよ,俺はな?くなったんだよ,11,0
544,korehafuroitonoiuhanpukukyouhaku,これはフロイトの言う反復脅迫,これはフロイトの言う反復きょうはく,14,5
545,koukaisaretauedekorosareteiru,公開された上で殺されている,公開された上で殺されている,13,0
546,egawakuntoonajisetsujokuwoajiwattekure,江川君と同じ雪辱を味わってくれ,江川くんと同じ雪辱をあじわってくれ,15,4
547,jigensouchiwoosutokitamerattajan,時限?置を押す時ためらったじゃん,次元?置をおすときためらったじゃん,16,5
548,imanowatashihaanatatohachigau,今の私はあなたとは違う,今の私はあなたとは違う,11,0
549,aitsuratoonajikotoshitedousuru,あいつらと同じことしてどうする,あいつらと同じことしてどうする,15,0
550,antamobyouin'niikanakya,あんたも病院に行かなきゃ,あんたも病院に行かなきゃ,12,0
551,anogekinokaerimichiikinari,あの劇の?り道いきなり,あの劇の?り道いきなり,11,0
552,bukagahanzainimakikomaretemo,部下が犯罪に?き?まれても,部下が犯罪に?き?まれても,13,0
553,keisatsukan'norachikankin'noyougide,警察官の拉致監禁の容疑で,警察官の拉致監禁おようぎで,12,4
554,sekkakubokunokubimomanukaretandashi,せっかく僕のクビも免れたんだし,せっかく僕の首も免れたんだし,15,2
555,kesahaasamadeitanonine-,今朝は朝までいたのにね?,今朝は朝までいたのにね?,12,0
556,sakkiseirishitaradetekita,さっき整理したら出てきた,さっき整理したら出てきた,12,0
557,owariinihaaitsugaheisukesanga,終いにはあいつが平助さんが,終わりいには?い番いすけさんが,13,7
558,soretomoheisukesangaaitsunanoka,それとも平助さんがあいつなのか,それとも平助さんがあいつなのか,15,0
559,nanitozoonbin'nitoittekiteru,何とぞ?便にと言ってきてる,何卒音便いといってきてる,13,5
560,todomenoichigekiwoukerumade,とどめの一?を受けるまで,とどめの一?をうけるまで,12,1
561,tetsuaruihasuchiruseinomonodatoshika,?あるいはスチル製のものだとしか,??いはスチルせいのものだとしか,16,4
562,shimonhasubetefukitorareteita,指紋は全てふき取られていた,しもんは全て吹きとられていた,13,5
563,tewotsukeraretakeisekiganaitame,手を付けられた形跡がないため,手をつけられた形跡がないため,14,1
564,purasusoutouatamanokirerujinbutsu,プラス相?頭の切れる人物,プラス相?頭のきれるじんぶつ,12,5
565,kimototowatashihamazugenbani,木元とわたしはまず現場に,木本と私はまずげんばに,12,7
566,hankougaattatoomowareru,犯行があったと思われる,反抗があったと思われる,11,2
567,masukominihamienaikarakeisatsu,マスコミには見えないから警察,マスコミには見えないから警察,14,0
568,teiukakimitachinohanashikikasetekureyo,ていうか君たちの話聞かせてくれよ,ていうか君たちの話聞かせてくれよ,16,0
569,min'nataimenbakkakinishiterukanjidesune,みんな?面ばっか?にしてる感じですね,みんな?面ばっかきにしてるかんじですね,18,4
570,anokotachichantohanasanaidesho,あの子たちちゃんと話さないでしょ,あの子たちちゃんと話さないでしょ,16,0
571,watashinimuitekurenaitokomaruno,わたしに向いてくれないと困るの,私に向いてくれないと困るの,15,3
572,jukukankeishamomiteimasen,塾?係者も見ていません,塾?係者も見ていません,11,0
573,deteittajinbutsumomadawakaran,出ていった人物もまだ分からん,出て行った人物もまだわからん,14,2
574,demotabunkanojohanottekuru,でもたぶん彼女は?ってくる,でも多分彼女は?ってくる,13,3
575,onjoutorikaiwomotteatari,?情と理解をもって?たり,?情鳥飼をもってあたり,12,4
576,sonoshinjouwokizutsukenaiyouni,その心情を傷つけないように,その心情を傷つけないように,13,0
577,jougitokonpasudeegakeru,定規とコンパスで描ける,定規とコンパスでえがける,11,2
578,nankasugokumoriagatteru,なんかすごく盛り上がってる,なんかすごく盛り上がってる,13,0
579,kyorigaarutomoriagarukedo,距離があると盛り上がるけど,距離があると盛り上がるけど,13,0
580,demosatsugaisonomonohahiteishitemasu,でも殺害そのものは否定してます,でも殺害そのものはひていしてます,15,3
581,urareterunogawakarimashita,?られてるのが分かりました,?られてるのがわかりました,13,1
582,watashimomotteruyokore,わたしも持ってるよこれ,私も持ってるよこれ,11,3
583,shoukoinmetsuwohakaroutosuruhan'ninha,???滅を?ろうとする犯人は,???滅をはかろうとするはんいんは,14,6
584,monowokangaerukotogadekiru,ものを考えることができる,物を考えることができる,12,2
585,soredeharawotatetattewakeka,それで腹を立てたってわけか,それで腹を立てたってわけか,13,0
586,yattemoraenaikanatoomotte,やってもらえないかなと思って,やってもらえないかなと思って,14,0
587,kinchoujoutaiwomiyoutoshita,緊張?態を見ようとした,緊張?態を見ようとした,11,0
588,anatatachinoneraihasaishokara,あなたたちの狙いは最初から,あなたたちの狙いは最初から,13,0
589,jiichantachigayatterukara,じいちゃんたちがやってるから,爺ちゃんたちがやってるから,14,2
590,matawatashigautagawareteru,またわたしが疑われてる,また私が疑われてる,11,3
591,kyouhairotoomoshiroihanashigaaruno,今日は色と面白い話があるの,今日は色と面白い話があるの,13,0
592,jouon'nomineraruuotawonomutoha,常?のミネラルウオタを?むとは,常?のミネラルうおたをのむとは,15,4
593,souyatteatatamerudakede,そうやって?めるだけで,そうやって?めるだけで,11,0
594,aomukewoutsubusettesurudakedemo,あおむけをうつぶせってするだけでも,仰向けをうつぶせってするだけでも,17,3
595,watashisenseiwokoroshichatta,わたし先生を殺しちゃった,私先生を殺しちゃった,12,3
596,tokorogaomoimoyorazunanoka,ところが思いも寄らずなのか,ところが思いもよらずなのか,13,1
597,anatahasaishokawaitakekkon'nouekara,あなたは最初乾いた血痕の上から,あなたは最初乾いた結婚おうえから,15,5
598,saranisonouenimatasuguni,さらにその上にまたすぐに,さらにその上にまたすぐに,12,0
599,hinikunimohyouhakuzaiwomaitakotode,皮肉にも漂白?をまいたことで,皮肉にも漂白ざいをまいたことで,14,2
600,masuokasenseinotokogawarareteta,?岡先生のとこが割られてた,益岡先生のとこ瓦れてた,13,4
601,nandekanattezuttokangaeteta,何でかなってずっと考えてた,なんでかなってずっと考えてた,13,2
602,masuokasenseigatsukiattetanoha,?岡先生が付き合ってたのは,益岡先生が付き合ってたのは,13,1
603,nanonidoushitereiseijanaindarouutte,なのにどうして冷?じゃないんだろううって,なのにどうして冷?じゃないんだろううって,20,0
604,kiniittaranochidekounyuusurutteyatsu,?に入ったら後で購入するってやつ,?に入ったらの地で購入するってやつ,16,2
605,yukiwoasondeyattatoka,由貴を遊んでやったとか,雪を遊んでやったとか,11,2
606,dakaraomowazusoredakesuteteshimatta,だから思わずそれだけ捨ててしまった,だから思わずそれだ消すててしまった,17,2
607,sakkikaraitteruyone,さっきから言ってるよね,さっきから言ってるよね,11,0
608,ninomiyasenseigaokonatteitatoiu,二宮先生が行っていたという,二宮先生が行っていたという,13,0
609,dattaraninomiyasenseijan,だったら二宮先生じゃん,だったら二宮先生じゃん,11,0
610,souiunogakakutarushoukotteiuno,そういうのが確たる??っていうの,そういうのが確たる??っていうの,16,0
611,taisakushitsumoyokuyattajan,?策室もよくやったじゃん,?策しつもよくやったじゃん,12,2
612,detekitanoninomiyasenseinorokkajanaiyo,出てきたの二宮先生のロッカじゃないよ,出てきたの二宮先生?ろっかじゃないよ,18,4
613,watashimonooboewaruikaramachigattete,わたし物?え?いから間違ってて,私物?え?いから間違ってて,15,3
614,machigaeteanatanitsutaechatta,間違えてあなたに?えちゃった,間違えてあなたに?えちゃった,14,0
615,senseimitainikireininaritainatoomotte,先生みたいに奇麗になりたいなと思って,先生みたいに綺麗になりたいなと思って,18,1
616,kireininarerukanatoomotte,奇麗になれるかなと思って,綺麗になれるかなと思って,12,1
617,jaaanoporigurafumo,じゃああのポリグラフも,じゃああのぽりグラフも,11,2
618,hokanimoasondaon'nanokotomo,ほかにも遊んだ女のことも,他にも遊んだ女の子とも,12,3
619,kondokeimushokaradetekurutokiha,今度刑務所から出てくるときは,今度刑務所からでてくるときは,14,1
620,demoomaenikitahanashidakara,でもお前に?た話だから,でも?いしだから,11,6
621,masukomimukenokoukokutoujaarimasenkara,マスコミ向けの?告塔じゃありませんから,マスコミ向けの?告塔じゃありませんから,19,0
622,omaedattekichintome-kushitekeba,お前だってきちんとメ?クしてけば,お前だってきちんとメ?クしてけば,16,0
623,rirakkusushitetanoshindeittekudasai,リラックスして?しんでいってください,リラックスして?しんでいってください,18,0
624,soredehayoroshikuonegaishimasu,それではよろしくお願いします,それではよろしくお願いします,14,0
625,saranihajoseihatsunoshitsuchouto,さらには女性初の室長と,さらには女性初の室長と,11,0
626,orekouiunonigatenandakedone,俺こういうの苦手なんだけどね,俺こういうの苦手なんだけどね,14,0
627,kichintodekiteimasunode,きちんとできていますので,きちんと出?ていますので,12,2
628,kattabakarinoikumouzainandesukedo,買ったばかりの育毛?なんですけど,買ったばかりのいくもう座員んですけど,16,6
629,kyouhaanokowaion'nagainai,今日はあの怖い女がいない,今日はあの怖い女がいない,12,0
630,jikenkaiketsuhetotsunagatterundesune,事件解決へとつながってるんですね,事件解決へと?がってるんですね,16,2
631,puraibe-tohafutsuunoon'nadesukara,プライベ?トは普通の女ですから,プライベ?トは普通の女ですから,15,0
632,nitayounamon'nandesune,似たようなもんなんですね,似たようなもんなんですね,12,0
633,konoshigotodehayokuarukotonandesu,この仕事ではよくあることなんです,この仕事ではよくあることなんです,16,0
634,saikin'noshainhasugubibicchatte,最近の社員はすぐびびっちゃって,最近の社員はすぐびびっちゃって,15,0
635,osorakutairyounoaruko-rude,おそらく大量のアルコ?ルで,おそらく大量のアルコ?ルで,13,0
636,gokuhishashinwosuppanuitekita,極秘??をすっぱ?いてきた,極秘??をすっぱぬいてきた,13,1
637,torikumushiseinikawarihanai,取り組む姿勢に?わりはない,取り組むしセインかわりはない,13,5
638,ikemenmoorunokashira,イケメンもおるのかしら,イケメンもおるのかしら,11,0
639,mattakufushizen'natenganai,まったく不自然な点がない,全く不自然な点眼い,12,5
640,hontouninuganakuteiikara,本?に?がなくていいから,本?にぬがなくていいから,12,1
641,kokodeosakewonondeitemo,ここでお酒を?んでいても,ここでお酒を?んでいても,12,0
642,mashitearuko-runiyotte,ましてアルコ?ルに?って,?してアルコ?ルによって,12,2
643,sonomasakawotsuikyuusurunoga,そのまさかを追及するのが,そのまさかを追求するのが,12,1
644,nanikaottayounakigasurukedona,何かおったような?がするけどな,何かおったような?がするけどな,15,0
645,puraibe-tochuunooikakeruno,プライベ?ト中の追い掛けるの,プライベ?ト中の追いかけるの,14,1
646,jiken'nikanshitenozokuhoudesu,事件に?しての?報です,事件に?しての?報です,11,0
647,dekiruwakenaijanai,できるわけないじゃない,できるわけないじゃない,11,0
648,terebihatsuitetamitaidesukedo,テレビはついてたみたいですけど,テレビは付いてたみたいですけど,15,1
649,sorekarahakuitsunagutameni,それからは食いつなぐために,それからは食い?ぐために,13,2
650,kon'nanoichiichikinishitetara,こんなのいちいち?にしてたら,こんなのいちいち?にしてたら,14,0
651,kameramantoshitekatsudoushiteita,カメラマンとして活動していた,カメラマンとして活動していた,14,0
652,byoukinikakarishigotowoyasundeitaka,病?にかかり仕事を休んでいたか,病?にかかり仕事を休んでいたか,15,0
653,anojikoshiwoshirabeterundesuyone,あの事故死を調べてるんですよね,あの事故死を調べてるんですよね,15,0
654,jikoshidekatadukeraretamonowo,事故死で片付けられたものを,事故死で片付けられたものを,13,0
655,demosaisousashiteyokattadesuyo,でも再?査してよかったですよ,でも再送さしてよかったですよ,14,2
656,tsumarijissainojikengenbani,つまり?際の事件現場に,つまり?際の時?限ばに,11,4
657,nanikaattarasugurenrakukudasai,何かあったらすぐ連絡下さい,何かあったらすぐ連絡ください,13,2
658,pattomiteiion'natteomowarenaito,ぱっと見ていい女って思われないと,パッと見ていい女っておもわれないと,16,4
659,koreanatanoyomidoori,これあなたの?みどおり,これあなたの?みどおり,11,0
660,tsumenosakihamenganamerakanano,爪の先は面が滑らかなの,爪の先は?がなめらかなの,11,3
661,kouiusasakurehananikanisawatteiruto,こういうささくれは何かに?っていると,こういうささくれは何かにさわっていると,18,2
662,daisanshanoteniyottekirareta,第三者の手によって切られた,第三者の手に寄ってきられた,13,2
663,konootokohitotsukihodomaekara,この男ひと月ほど前から,この男ひと月ほどまえから,11,2
664,tadashokugyoujounosettenhanai,ただ職業上の接点はない,ただ職業城野せってんはない,11,6
665,suto-ka-satsujin'nogenbaniitadirekuta-,スト?カ?殺人の現場にいたディレクタ?,スト?カ?殺人の原盤いたぢれくた?,19,8
666,kokonikurumadenimayocchatta,ここに?るまでに迷っちゃった,ここに?るまでに迷っちゃった,14,0
667,watashihajibun'nomedemite,わたしは自分の目で見て,私は自分の目で見て,11,3
668,jibun'nomedemitetashikametaino,自分の目で見て確かめたいの,自分の目で見て確かめたいの,13,0
669,tamatamachikakudeshuzaishitetakara,たまたま近くで取材してたから,たまたま近くで取材してたから,14,0
670,sorosorojikandakaramata,そろそろ時間だからまた,そろそろ時間だからまた,11,0
671,kochirakosogomen'nasai,こちらこそごめんなさい,こちらこそごめんなさい,11,0
672,suku-pueizouwokaisekishitamonoyo,スク?プ映像を解析したものよ,スク?プ映像を解析したものよ,14,0
673,unkoushiteitafunenoenjin'on,運航していた船のエンジン音,運行していた不燃えんじのん,13,8
674,hamononoyounamonodekubiwosasare,刃物のようなもので首を刺され,刃物のようなもので首をさされ,14,1
675,yasudaniyowamiwonigirareteite,安田に弱みを握られていて,安田に弱みをにぎられていて,12,2
676,takaminehitomigaookurishimashita,高峰仁美がお送りしました,高峰人?おおくりしました,12,4
677,shiinhagenzaiwakatteorimasen,死因は現在分かっておりません,死因は現在わかっておりません,14,1
678,tondemonaifushoujidazo,とんでもない不祥事だぞ,とんでもない不祥事だぞ,11,0
679,kiminisekinintottemorawanaitona,君に責任取ってもらわないとな,君に責任とってもらわないとな,14,1
680,nakunattadanseitougouhidenorisanha,亡くなった男性東?英憲さんは,なくなった男性統合ひでのりさんは,14,7
681,hakkengosugunitasukenihaittakanoyouni,?見後すぐに助けに入ったかのように,?券後すぐにたすけにはいったかのように,17,5
682,eizouwoichibukiritorihenshuushimashita,映像を一部切り取り編集しました,映像を一部切り取りへんしゅうしました,15,5
683,shikashinetsuzousuku-punoeizouwo,しかし捏造スク?プの映像を,しかし捏造スク?プのえいぞうを,13,4
684,kapuseruwofukuyoushiteshinda,カプセルを服用して死んだ,カプセルを服用してしんだ,12,1
685,takaminenikapuserunomasunohamuriyana,高峰にカプセル?ますのは無理やな,高峰にカプセルのますのはむりやな,16,3
686,tattaimakarakonoyamaha,たった今からこのヤマは,たった今からこの山は,11,2
687,uenoketsurongaderumadeomaetachiha,上の結論が出るまでお前たちは,上の結論が出るまでお前たちは,14,0
688,kokodeotonashikumattero,ここでおとなしく待ってろ,ここで大人しく待ってろ,12,3
689,oredattetsuraindakarasa,俺だってつらいんだからさ,俺だってつらいんだからさ,12,0
690,torishirabechuunihitogashinderundarou,取り調べ中に人が死んでるんだろう,取り調べ中に人が死んでるんだろう,16,0
691,sousanikimatterujanai,?査に決まってるじゃない,操作に決まってるじゃない,12,2
692,sousatantoukarahazusaretandesuttene,?査??から外されたんですってね,操作??からはずされたんですってね,16,4
693,taihen'namondaiwookoshitandakara,大?な問題を起こしたんだから,大?な問題を起こしたんだから,14,0
694,kon'namonmoracchattenexe,こんなもんもらっちゃってねぇ,こんなもんもらっちゃってねぇ,14,0
695,sousawozokkousasetehoshiittesa,?査を?行させてほしいってさ,操作を?行させてほしいってさ,14,2
696,oosawaerikohakubidakedona,大??里子は首だけどな,大澤えりこはくびだけどな,11,6
697,aribainouratottekimashita,アリバイの裏取ってきました,アリバイの裏撮ってきました,13,1
698,sokokarawakattashinjijitsugaikutsuka,そこから分かった新事?が幾つか,そこからわかった信じじつがいくつか,15,7
699,mazutougounotainaikaradetekita,まず東?の??から出てきた,まずとうごうの??からでてきた,13,5
700,namahousoumaedeisogashiindakedo,生放送前で忙しいんだけど,生放送前で忙しいんだけど,12,0
701,anataniichibansaishonitsutaeyoutoomotte,あなたに一番最初に?えようと思って,あなたに一番最初に?えようと思って,17,0
702,sonohianatagatougouniseisankariwo,その日あなたが東?に?酸カリを,その日あなたが統合にせいさんかりを,15,8
703,konoseibunhanitoroseruro-sujushi,この成分はニトロセルロ?ス樹脂,この成分はニトロせるろ?すじゅし,15,7
704,mazuseisankariirinokapuseruwo,まず?酸カリ入りのカプセルを,まず生産かりいりのかぷせるを,14,9
705,manikyuanokuriako-todeko-tingusuru,マニキュアのクリアコ?トでコ?ティングする,マニキュアのクリアこ?とでこ?ちんぐする,21,7
706,koredetokedasujikanwochouseidekiru,これで溶けだす時間を調整できる,これでとけだ筋かんをちょうせいできる,15,9
707,korewofukuyousurutoensanroperamidode,これを服用すると?酸ロペラミドで,これを服要するとえんさんろぺらみどで,16,10
708,dokuirikapuserugatokedashi,毒入りカプセルが溶けだし,毒入りカプセルがとけだし,12,1
709,kapuseruzaiwonomanakerebaikenaikotowo,カプセル?を?まなければいけないことを,カプセル?をのまなければいけないことを,19,1
710,tainaininokottaseibunwokeisansuruto,??に?った成分を計算すると,??に?った成分をけいさんすると,14,4
711,tougougakapuseruwofukuyoushitanoha,東?がカプセルを服用したのは,統合がカプセルをふくようしたのは,14,6
712,sorekarayasudanoofurojoude,それから安田のお風呂場で,それから安田のお風呂じょうで,12,3
713,yuushuunaja-narisutodatta,優秀なジャ?ナリストだった,優秀なジャ?ナリストだった,13,0
714,watashigaookikunaranaitoikenai,わたしが大きくならないといけない,私が大きくならないといけない,16,3
715,tatoedon'nanichiisanakoedemo,たとえどんなに小さな?でも,たとえどんなに小さなこえでも,13,2
716,namahousouchuunijihakusurunante,生放送中に自白するなんて,生放送中に自白するなんて,12,0
717,saikinzangyousuruyouninattarashiine,最近?業するようになったらしいね,最近?業するようになったらしいね,16,0
718,souiebakinounonodachikainimokonakatta,そういえば昨日の野立?にも?なかった,そういえば昨日ののだち買いにもこなかった,18,6
719,ikemengatsudouigyoushukouryuukaida,イケメンが集う異業種交流?だ,イケメンがつどう異業種こうりゅうかいだ,14,9
720,katagirigakonaitosenryokuninaran,片桐が?ないと?力にならん,片桐が?ないとせんりょくにならん,13,5
721,maason'nakarikarisuruna,まあそんなかりかりするな,まあそんな借りカリスるな,12,4
722,matanodachikainikonakunaru,また野立?に?なくなる,またのだ近いに?なくなる,11,4
723,yamamu-niwiggukabusete,ヤマム?にウィッグかぶせて,山む?にウィッグかぶせて,13,3
724,satsujinwookoshiteruhittoman'ya,殺人を起こしてるヒットマンや,殺人を起こしてるヒットまにゃ,14,3
725,konkaitairitsusurusoshikinokanbuwo,今回?立する組織の幹部を,今回?立するそしきのかんぶを,12,6
726,soreniokuraretekitakononingyou,それに送られてきたこの人形,それに送られてきたこの人形,13,0
727,onodahantokyouryokushitesousawosuru,小野田班と協力して?査をする,小野田はんと協力してそうさをする,14,5
728,shojishiterukotonihakawarihanai,所持してることには?わりはない,所持してることには?わりはない,15,0
729,saikinraifurudanwokounyuushitahitoha,最近ライフル?を購入した人は,最近ライフルだんをこうにゅうしたひとは,14,9
730,madashigotochuunandakedone,まだ仕事中なんだけどね,まだ仕事中なんだけどね,11,0
731,kanojohatobikkirinobijindakara,彼女は飛びっ切りの美人だから,彼女は飛びっきりんびじんだから,14,5
732,juudankaratsukawaretaraifuruha,銃?から使われたライフルは,??から使われたらいふるは,13,6
733,osorakushuryouyounoremintonwo,おそらく狩?用のレミントンを,おそらく狩?用のレミんとんを,14,3
734,sukeju-rumiteokukara,スケジュ?ル見ておくから,スケジュ?ル見ておくから,12,0
735,konohitonanimowakattenai,この人何も分かってない,この人何もわかってない,11,1
736,kononingyouhaosorakukorekara,この人形はおそらくこれから,この人形はおそらくこれから,13,0
737,korehabuchoukurasushikamirenaindakedo,これは部長クラスしか見れないんだけど,これは部長クラスしかみれないんだけど,18,1
738,yobidasunayokon'natokoroni,呼び出すなよこんな所に,呼び出すなよこんなところに,11,3
739,keishichoukanbuganakawarukattanda,警視?幹部が仲?かったんだ,警視?かん舞歌なかわるかったんだ,13,8
740,dokujinisousawosusumeteitanda,?自に?査を進めていたんだ,?自に操作を進めていたんだ,13,2
741,tsuujounosousanaraarienai,通常の?査ならあり得ない,通常の操作ならありえない,12,3
742,tanimotogaonajikakkouwosasete,谷本が同じ格好をさせて,谷本が同じ格好をさせて,11,0
743,keisatsunodoukoumirutamenina,警察の動向見るためにな,警察の動向みるためにな,11,1
744,kyuukyuushadehakobaretagamamonaku,救急車で運ばれたが間もなく,救急車で運ばれたが間もなく,13,0
745,nakamawokorosunohayameruyo,仲間を殺すのはやめるよ,仲間を殺すのは?めるよ,11,1
746,asokodehappousurunohayamuwoenaishochi,あそこで?砲するのはやむを得ない?置,あそこで?砲するのはやむをえないしょち,18,4
747,zuttoseotteikushikanai,ずっと背負っていくしかない,ずっと背負って行くしかない,13,1
748,reinokeijisangautaretatteiuno,例の刑事さんが?たれたっていうの,例の刑事さんが歌れたっていうの,16,2
749,keibishinakuchaikenakute,警備しなくちゃいけなくて,警備しなくちゃいけなくて,12,0
750,ta-gettohasonoayamaijiken'nikanrenshita,タ?ゲットはその誤射事件に?連した,タ?ゲットはそのあ山井じけんいかんれんした,17,11
751,koredematadarekagakorosareru,これでまた誰かが殺される,これでまた誰かが殺される,12,0
752,kankeishiterukanouseimofukume,?係してる可能性も含め,?係してる可能性も含め,11,0
753,konoshigotojitaiwasuretonchaukana,この仕事自?忘れとんちゃうかな,この仕事自?忘れ東家うかな,15,4
754,ayamatteutaretamutousanga,誤って?たれた武藤さんが,謝って歌れたむとうさんが,12,6
755,sorenitoujijoseikeijibakariwoatsumete,それに?時女性刑事ばかりを集めて,それに?時女性刑事ばかりをあつめて,16,2
756,raibarunonodachigachuumokusareteita,ライバルの野立が注目されていた,ライバルののだ千賀ちゅうもくされていた,15,9
757,soshikihanzaiwotoukatsusuruchoutoshite,組織犯罪を統括する長として,組織犯罪をとうかつするちょうとして,13,7
758,sutandowobunkatsushitekeibiwookonau,スタンドを分割して警備を行う,スタンドを分割してけいびをおこなう,14,6
759,hontounokuromakuhakoitsunanoyo,本?の?幕はこいつなのよ,本?の?幕はこいつなのよ,12,0
760,oogesanifuttobiyagatteomae,大げさに吹っ飛びやがってお前,大げさに吹っ飛びやがっておまえ,14,2
761,betsuniiijanaissuka,別にいいじゃないっすか,別にいいじゃないっすか,11,0
762,mounaiteiiminaikara,もう泣いていい見ないから,もう泣いていい見ないから,12,0
763,oretachisaikyoutsu-toppuda,俺たち最?ツ?トップだ,俺たち最?つ?とっぷだ,11,4
764,soudansuruon'nanankaimasen,相談する女なんかいません,相談する女なんかいません,12,0
765,dousematamasukomimukenioshitsukerareta,どうせまたマスコミ向けに押し付けられた,どうせまたますこ美夢けにおしつけられた,19,7
766,bokugamadakoubankinmujidaini,僕がまだ交番勤務時代に,僕がまだ交番勤務じだいに,11,3
767,onodahanhasudeniugoiteiru,小野田班はすでに動いている,小野田はんはすでにうごいている,13,4
768,kimitachimoshikyuusousaniatattekure,君たちも至急?査に?たってくれ,きみたちも支給操作にあたってくれ,15,7
769,maenoaremokoichixyauchuunen,前のあれも?ちゃうちゅうねん,前のあれもこいちゃうちゅうねん,14,2
770,de-tonanteikasenaiyo,デ?トなんて行かせないよ,デ?トなんて行かせないよ,12,0
771,kimototohanagatahawatashitogenbani,木元と花形はわたしと現場に,木本と花形はわたしとげんばに,13,4
772,katagirihakasoukentorenkeishite,片桐は科??と連携して,片桐は科??とれんけいして,11,4
773,takaikotogawakarimashita,高いことが分かりました,高いことがわかりました,11,1
774,kounanameninatteitari,こう斜めになっていたり,江南アメンなっていたり,11,5
775,fukusuuirukotowosashiteru,複?いることを指してる,複?いる事を指してる,11,2
776,shougaitosettounozenkanoaruotokoya,傷害と??の前科のある男や,障害と??のぜんかのあるおとこや,13,7
777,minareterumitaidesune,見慣れてるみたいですね,見慣れてる見たいですね,11,1
778,naitouhakoritsushitetamitaiya,?藤は孤立してたみたいや,?藤は孤立してたみたいや,12,0
779,mouichidogaishamawariwoatatte,もう一度ガイ者周りをあたって,もう一度が?者周りをあたって,14,2
780,onodahankaranohoukokugaarimashita,小野田班からの報告がありました,おのだ半からの報告がありました,15,4
781,attenakuzetsuenjoutainiarusoudesu,?ってなく絶??態にあるそうです,あって泣く絶?じょうたいにあるそうです,16,7
782,kodomowooitenigerunante,子供を置いて逃げるなんて,子供を置いてにげるなんて,12,1
783,keisatsunohoutonokomyunike-shonha,警察の方とのコミュニケ?ションは,警察の方とのコミュニケ?ションは,16,0
784,kaisetsushiterasshaimasuga,開設してらっしゃいますが,回折してらっしゃいますが,12,2
785,kobetsunisoudangaarubaaiha,個別に相談がある場合は,個別に相談がある場合は,11,0
786,oikondeshimaukotogaooindesu,追い?んでしまうことが多いんです,追い?んでしまうことが多いです,16,1
787,itsukachichioyanimitomeraretai,いつか父親に認められたい,いつか父親に認められたい,12,0
788,aisaretaitonegatteimashita,愛されたいと願っていました,愛されたいと願っていました,13,0
789,senkyakugaitamitaidakara,先客がいたみたいだから,先客がいたみたいだから,11,0
790,ichihomosotonihadenakattatoitteimashita,一?も外には出なかったと言っていました,一?も外にはでなかったといっていました,19,3
791,genbanodogashanaikaraderuhazudakara,現場の土が車?から出るはずだから,現場の度が者ないからでるはずだから,16,5
792,toiukotohashougenhahontouka,ということは?言は本?か,ということは?言は本?か,12,0
793,tonikakuomaehaotonashikushitero,とにかくお前はおとなしくしてろ,とにかくお前はおとなしくしてろ,15,0
794,joginguchuunojoseigahakkenshiteimasu,ジョギング中の女性が?見しています,ジョギング中のじょせいがはっけんしています,17,8
795,naifudenodomotowoichigekisaretanochini,ナイフでのど元を一?された後に,ナイフで喉もとをいちげきされたのちに,15,9
796,muchakuchanakoroshikatadaga,むちゃくちゃな殺し方だが,むちゃくちゃな殺しかただが,12,2
797,atoshimatsudakehashikkarishiteiru,後始末だけはしっかりしている,後始末だけはしっかりしている,14,0
798,masukominitatakarerunda,マスコミにたたかれるんだ,マスコミに叩かれるんだ,12,2
799,masukomitaiounohoumobacchiriyatte,マスコミ??の方もばっちりやって,マスコミ??の方もバッチリやって,16,4
800,jasonosaitoetsuranshaga,じゃそのサイト??者が,じゃそのサイト??しゃが,11,2
801,sonome-ruwomirarerusubetenoningenga,そのメ?ルを見られる全ての人間が,そのメ?ルを見られるすべてのにんげんが,16,6
802,nenreimogyakutaihouhoumooyajisokkurida,年?も虐待方法も親父そっくりだ,年?も虐待方法もおやじそっくりだ,15,3
803,keishichounooosawaerikodesu,警視?の大??里子です,警視?の大澤えりこです,11,4
804,soredeichiousenseinojikentoujitsuno,それで一?先生の事件?日の,それで一?先生の事件とうじつの,13,4
805,sonojikanhawatashineteimashitakara,その時間はわたし?ていましたから,その時間は私?ていましたから,16,3
806,konogenbakaramiyagawasan'nojitakuha,この現場から宮川さんの自宅は,この現場から宮川さんおじたくは,14,4
807,miyagawasanhaeirinahamonode,宮川さんは?利な刃物で,宮川さんは永琳はもので,11,5
808,genbaninokosaretakutsuatodesuga,現場に?された靴跡ですが,現場に?された靴あとですが,12,2
809,son'nakotoaruwakenaidesuyo,そんなことあるわけないですよ,そんなことあるわけないですよ,14,0
810,sonojikanhakyoujushitsuniimashita,その時間は?授室にいました,その時間は?授しつんいました,13,3
811,kyouyuupasokon'nikameratsuiterukara,共有パソコンにカメラ付いてるから,共有パソコンいかめらついてるから,16,5
812,zengonohimofukumeteshuujitsuzenbu,前後の日も含めて終日全部,前後の日も含めて就?ぜんぶ,12,5
813,tadasousawokonransaserudakedakara,ただ?査を混?させるだけだから,ただ操作を混?させるだけだから,15,2
814,dattarasaigoniisshoniyarouyo,だったら最後に一?にやろうよ,だったら最後に一?にやろうよ,14,0
815,chichioyanihidoigyakutaiwouketeita,父親にひどい虐待を受けていた,父親にひどい虐待をうけていた,14,1
816,semaioshiirenonakanitojikomerareta,?い押し入れの中に閉じ?められた,?いおし入れんなかにとじこめられた,16,6
817,son'namainichiganan'nenmotsuduita,そんな?日が何年も?いた,そんな?日が何年もつづいた,12,2
818,tachinaorukotogadekinakattakeisukesanha,立ち直ることができなかった啓介さんは,立ち直ることができなかったけいすけさんは,18,4
819,sorewohakkenshitaanataha,それを?見したあなたは,それを?見したあなたは,11,0
820,oshiirenitojikomerarete,押し入れに閉じ?められて,押し入れに閉じ?められて,12,0
821,chokusetsutekinahyougengaiikamo,直接的な表現がいいかも,直接的な表現がいいかも,11,0
822,kidukanaideitanante,?付かないでいたなんて,?づかないでいたなんて,11,1
823,kyoujushitsunihaittatokiniha,?授室に入ったときには,?授しつんはいったときには,11,5
824,kikitegakawarukotohamaredehanaino,利き手が?わることはまれではないの,聞き手が?わることはまれではないの,17,1
825,korehajibun'niokotterukotodehanaito,これは自分に起こってることではないと,これは自分に怒ってることではないと,18,2
826,omoikondeshimattanone,思い?んでしまったのね,思い?んでしまったのね,11,0
827,takusansukuttekitanohajijitsudesu,たくさん救ってきたのは事?です,たくさんすくって北乃はじじつです,15,8
828,keisukesan'nojinkakudehanaku,啓介さんの人格ではなく,けいすけさんの人格ではなく,11,4
829,nanikasetsunakunacchattana,何か切なくなっちゃったな,何か切なくなっちゃったな,12,0
830,chottodaijinakotoiinikita,ちょっと大事なこと言いに?た,ちょっと大事なこと言いに?た,14,0
831,joseihenokanshinhakiwametetsuyoiga,女性への?心は極めて?いが,女性への感心はきわめてつよいが,13,5
832,omaeraimakeshigomunusundarouu,お前ら今消しゴム?んだろうう,お前ら今消しゴム?んだろうう,14,0
833,dakaraokaasandamedesutte,だからお母さん?目ですって,だからお母さんだめですって,13,2
834,koushuuyatterundesukara,講習やってるんですから,講習やってるんですから,11,0
835,taisakushitsunomenmenhahitogatarinai,?策室の面?は人が足りない,?策しつの面?はひとがたりない,13,5
836,nandewatashigashougakuseiaiteni,何でわたしが小?生相手に,なんで私が小?生相手に,12,5
837,oregakinshinshobunttekotode,俺が謹??分ってことで,俺が近親?分ってことで,11,2
838,gyakunihokosakiwokawashitandayo,逆に矛先をかわしたんだよ,逆に矛先をかわしたんだよ,12,0
839,tetsudattemorautsumoridattakedo,手?ってもらうつもりだったけど,手?ってもらうつもりだったけど,15,0
840,ekimaehirobanisecchisaretabakudanga,?前?場に設置された爆?が,?前?場にせっちされたばくだんが,13,7
841,maatorishiraberushikanaiyaro,まあ取り調べるしかないやろ,まあ取り調べルシかないやろ,13,2
842,iwaitokatagirihahigishanotorishirabe,岩井と片桐は被疑者の取り調べ,祝いと片桐はひぎしゃのとりしらべ,14,9
843,kamitsukarenaiyounine,かみつかれないようにね,?疲れないようにね,11,4
844,orenomiminihaittekuruhazudazo,俺の耳に入ってくるはずだぞ,俺の耳に入ってくるはずだぞ,13,0
845,gomibakokettanotokonkainojikento,ごみ箱蹴ったのと今回の事件と,ゴミ箱けったのと今回のじけんと,14,6
846,sorewokiridasutaimingu,それを切り出すタイミング,それを切り出すタイミング,12,0
847,koitsuhaorenodaigakunokouhaida,こいつは俺の大?の後輩だ,こいつは俺の大?の後輩だ,12,0
848,dagamadakakushougatsukamenai,だがまだ確?がつかめない,だがまだ書く正月かめない,12,4
849,aremooshokunohakkakuwoosoreta,あれも汚職の??を恐れた,あれも汚職の??をおそれた,12,2
850,hisshinayatsuragajousoubuniiru,必死なやつらが上層部にいる,必死な奴らが上層ぶにいる,13,3
851,han'nin'noitogawakarimasen,犯人の意?が分かりません,犯人の意?がわかりません,12,1
852,torishirabenokankyuuwodaibumanandayoune,取り調べの緩急をだいぶ?んだようね,取調べの緩急をだいぶまなんだようね,17,3
853,kankeigaarunohakarejanai,?係があるのは彼じゃない,?係があるのは彼じゃない,12,0
854,touzenjikken'nitsukaumonodatoomoi,?然??に使うものだと思い,?然??に使うものだとおもい,13,2
855,hon'ninhasorewokatakunanihiteishiteru,本人はそれをかたくなに否定してる,本人はそれをかたく何ひていしてる,16,4
856,sonoaninookidokeiwotsukatte,その兄の置き時計を使って,その兄の置き時計をつかって,12,2
857,ri-da-hajimeshuyounakanbuga,リ?ダ?はじめ主要な幹部が,リ?ダ?始め主要なかんぶが,13,5
858,hontounikeijidattandana,本?に刑事だったんだな,本?に刑事だったんだな,11,0
859,sorewosagurutamenioretotsukiattetanante,それを探るために俺と付き合ってたなんて,それを探るために俺とつきあってたなんて,19,2
860,aratanajouhougaarusouda,新たな情報があるそうだ,新たな情報があるそうだ,11,0
861,dandan'ookunatterundesuyone,だんだん多くなってるんですよね,だんだん多くなってるんですよね,15,0
862,kougiwoshiteitakyoujuhabujideshita,講義をしていた?授は無事でした,講義をしていた?授はぶじでした,15,2
863,kuroitsukitonokankeihadetekitemasen,?い月との?係は出てきてません,?い月との?係はでてきてません,15,1
864,shatta-noshuurinimairimashita,シャッタ?の修理に?りました,シャッタ?の週りんまいりました,14,5
865,kochirasain'nohouonegaishimasu,こちらサインの方お願いします,こちらサインの方お願いします,14,0
866,hontounoiryokuhawakaranai,本?の威力は分からない,本?の威力はわからない,11,1
867,koretoujinochokusetsunoshikikanha,これ?時の直接の指揮官は,これ?時の直接のしきかんは,12,4
868,jouhounogoteikyougakakasemasen,情報のご提供が欠かせません,情報のご提供がかかせません,13,1
869,tsukimashitehasousanigokyouryoku,つきましては?査にご協力,つきましては操作にご協力,12,2
870,kanshajouwosashiagetaitoomoimasu,感謝?を差し上げたいと思います,感謝?を差し上げたいとおもいます,15,2
871,buchiatattakamoshiremasen'yo,ぶち?たったかもしれませんよ,ぶち?たったかもしれませにょ,14,2
872,kuroitsukinota-gettohasonoho-runanoyo,?い月のタ?ゲットはそのホ?ルなのよ,?い月のタ?ゲットはそのほ?るなのよ,18,2
873,kocchinimobakudangaarimasu,こっちにも爆?があります,こっちにも爆?があります,12,0
874,daigakunokougishitsuwonerattanomo,大?の講義室を狙ったのも,大?の講義質を狙ったのも,12,1
875,zenkeibiwokocchinimawashitekure,全警備をこっちに回してくれ,全ケイ美をこっちにまわしてくれ,13,5
876,mokutekijanakattatoshitara,目的じゃなかったとしたら,目的じゃなかったとしたら,12,0
877,ooyamakeishisoukan'ninattekara,大山警視?監になってから,大山警視?監いなってから,12,1
878,pu-rushiteitatoomowareru,プ?ルしていたと思われる,ぷ?るしていたと思われる,12,2
879,yosan'un'eibuhatsukaenakunatta,予算運?部は使えなくなった,予算うねイブはつかえなくなった,13,6
880,matanerawarerukamoshirenaikara,また狙われるかもしれないから,また狙われ牛わけありません,14,9
881,sonokakkoudekaijounihaitta,その格好で?場に入った,その格好で?場に入った,11,0
882,kimitachinoshikikenwomotsukotoninatta,君たちの指揮?を持つことになった,君たちの指揮?をもつことになった,16,1
883,kimitachinihahataraitemorau,君たちには?いてもらう,君たちには?いてもらう,11,0
884,moshikashitarasonokorokara,もしかしたらそのころから,もしかしたらその頃から,12,2
885,keisatsukanbunobougaigaattanokamo,警察幹部の妨害があったのかも,警察官分ぼうがいがあったのかも,14,6
886,sonoteidonousoshikatsukeneeyouja,その程度の?しかつけねえようじゃ,その程度の?しか付け根えようじゃ,16,2
887,watashinegashoujikidakarausotsukenaino,わたし根が正直だから?つけないの,私ねが正直だからうそつけないの,16,6
888,taihonotokinitappurito,逮捕のときにたっぷりと,逮捕の時にたっぷりと,11,2
889,hatasehenkattakedona,果たせへんかったけどな,果たせへんかったけどな,11,0
890,sonosukinijoujirutsumoriya,そのすきに?じるつもりや,その隙に常時るつもりや,12,4
891,koregashikakeraretabakudan,これが仕掛けられた爆?,これがしかけられた爆?,11,2
892,anatashikawakaruhitogainaitoomoimasu,あなたしか分かる人がいないと思います,あなたしかわかる人がいないと思います,18,1
893,jikenkaiketsunotamenaraatamawosageru,事件解決のためなら頭を下げる,事件解決のためなら頭をさげる,14,1
894,soregawatashinopuraido,それがわたしのプライド,それが私のプライド,11,3
895,konomaemoomaenihadamasareta,この前もお前にはだまされた,この前もお前には騙された,13,2
896,ochademonominagarayukkuriyarimashou,お茶でも?みながらゆっくりやりましょう。,お茶でも?みながらゆっくりやりましょう。,19,0
Total CER: 1640/12057=0.13,,,,,